2026-05-18 05:42:56.265 | INFO     | app.middleware.logging:dispatch:26 [ACCESS] - HTTP GET /api/session/test_session/parameters - Initiated from testclient | Context: {'request_id': '39da83d6-3475-4c69-b3ab-8f8a7f90c299', 'client_host': 'testclient', 'method': 'GET', 'path': '/api/session/test_session/parameters'}
2026-05-18 05:42:56.689 | INFO     | app.middleware.logging:dispatch:45 [ACCESS] - HTTP GET /api/session/test_session/parameters - 200 in 0.4239s | Context: {'request_id': '39da83d6-3475-4c69-b3ab-8f8a7f90c299', 'client_host': 'testclient', 'method': 'GET', 'path': '/api/session/test_session/parameters', 'status_code': 200, 'duration': 0.4239}
{"timestamp": "2026-05-18T05:43:26.279934+05:30", "level": "INFO", "message": "HTTP GET /api/session/test_session/parameters - Initiated from testclient", "module": "app.middleware.logging", "function": "dispatch", "line": 26, "category": "access", "extra": {"request_id": "c34cb9b9-a188-4005-b343-313463726092", "client_host": "testclient", "method": "GET", "path": "/api/session/test_session/parameters"}, "exception": null}
{"timestamp": "2026-05-18T05:43:26.666374+05:30", "level": "INFO", "message": "HTTP GET /api/session/test_session/parameters - 200 in 0.3865s", "module": "app.middleware.logging", "function": "dispatch", "line": 45, "category": "access", "extra": {"request_id": "c34cb9b9-a188-4005-b343-313463726092", "client_host": "testclient", "method": "GET", "path": "/api/session/test_session/parameters", "status_code": 200, "duration": 0.3865}, "exception": null}
2026-05-18 05:51:32.214 | INFO     | app.middleware.logging:dispatch:26 [ACCESS] - HTTP GET / - Initiated from testclient | Context: {'request_id': 'c0383823-7b6c-46c8-873c-2f9035deb7e9', 'client_host': 'testclient', 'method': 'GET', 'path': '/'}
2026-05-18 05:51:32.216 | INFO     | app.middleware.logging:dispatch:45 [ACCESS] - HTTP GET / - 200 in 0.0031s | Context: {'request_id': 'c0383823-7b6c-46c8-873c-2f9035deb7e9', 'client_host': 'testclient', 'method': 'GET', 'path': '/', 'status_code': 200, 'duration': 0.0031}
2026-05-18 05:52:18.417 | INFO     | app.middleware.logging:dispatch:26 [ACCESS] - HTTP GET / - Initiated from testclient | Context: {'request_id': '4a8dca4c-3a5b-435c-86f8-b3ed2ba82c2f', 'client_host': 'testclient', 'method': 'GET', 'path': '/'}
2026-05-18 05:52:18.452 | INFO     | app.middleware.logging:dispatch:45 [ACCESS] - HTTP GET / - 200 in 0.0349s | Context: {'request_id': '4a8dca4c-3a5b-435c-86f8-b3ed2ba82c2f', 'client_host': 'testclient', 'method': 'GET', 'path': '/', 'status_code': 200, 'duration': 0.0349}
2026-05-18 05:52:18.464 | INFO     | app.middleware.logging:dispatch:26 [ACCESS] - HTTP GET /api/students - Initiated from testclient | Context: {'request_id': '28b9ce84-1a9d-4c22-a4a6-29a36d0c6692', 'client_host': 'testclient', 'method': 'GET', 'path': '/api/students'}
2026-05-18 05:52:18.466 | WARNING  | app.middleware.logging:dispatch:43 [ACCESS] - HTTP GET /api/students - 401 in 0.0021s | Context: {'request_id': '28b9ce84-1a9d-4c22-a4a6-29a36d0c6692', 'client_host': 'testclient', 'method': 'GET', 'path': '/api/students', 'status_code': 401, 'duration': 0.0021}
2026-05-18 05:52:18.477 | INFO     | app.middleware.logging:dispatch:26 [ACCESS] - HTTP POST /api/auth/login - Initiated from testclient | Context: {'request_id': '9d73c682-bac2-4997-9064-0d748c79ae62', 'client_host': 'testclient', 'method': 'POST', 'path': '/api/auth/login'}
2026-05-18 05:52:18.955 | WARNING  | app.middleware.logging:dispatch:43 [ACCESS] - HTTP POST /api/auth/login - 401 in 0.4785s | Context: {'request_id': '9d73c682-bac2-4997-9064-0d748c79ae62', 'client_host': 'testclient', 'method': 'POST', 'path': '/api/auth/login', 'status_code': 401, 'duration': 0.4785}
2026-05-18 05:52:18.962 | INFO     | app.middleware.logging:dispatch:26 [ACCESS] - HTTP POST /api/auth/register - Initiated from testclient | Context: {'request_id': 'd0708ac5-df53-42bf-9177-0208aea80692', 'client_host': 'testclient', 'method': 'POST', 'path': '/api/auth/register'}
2026-05-18 05:52:18.973 | WARNING  | app.middleware.exception_handlers:validation_exception_handler:49 [ACCESS] - Validation failed for request to /api/auth/register: 3 validation errors:
  {'type': 'string_too_short', 'loc': ('body', 'username'), 'msg': 'String should have at least 3 characters', 'input': 'us', 'ctx': {'min_length': 3}}
  {'type': 'missing', 'loc': ('body', 'email'), 'msg': 'Field required', 'input': {'username': 'us', 'password': '123'}}
  {'type': 'string_too_short', 'loc': ('body', 'password'), 'msg': 'String should have at least 6 characters', 'input': '123', 'ctx': {'min_length': 6}}

  File "d:\ps_03\company-intelligence-platform\backend\app\routes\auth_routes.py", line 21, in register
    POST /api/auth/register | Context: {'request_id': 'd0708ac5-df53-42bf-9177-0208aea80692', 'path': '/api/auth/register', 'error_details': [{'field': 'username', 'issue': 'string_too_short', 'message': 'String should have at least 3 characters'}, {'field': 'email', 'issue': 'missing', 'message': 'Field required'}, {'field': 'password', 'issue': 'string_too_short', 'message': 'String should have at least 6 characters'}]}
2026-05-18 05:52:18.974 | WARNING  | app.middleware.logging:dispatch:43 [ACCESS] - HTTP POST /api/auth/register - 422 in 0.0123s | Context: {'request_id': 'd0708ac5-df53-42bf-9177-0208aea80692', 'client_host': 'testclient', 'method': 'POST', 'path': '/api/auth/register', 'status_code': 422, 'duration': 0.0123}
2026-05-18 05:52:18.980 | INFO     | app.middleware.logging:dispatch:26 [ACCESS] - HTTP POST /api/auth/login - Initiated from testclient | Context: {'request_id': 'ace1bae4-9187-45cd-9e2b-985d2e0f7b6d', 'client_host': 'testclient', 'method': 'POST', 'path': '/api/auth/login'}
2026-05-18 05:52:19.236 | INFO     | app.middleware.logging:dispatch:45 [ACCESS] - HTTP POST /api/auth/login - 200 in 0.2554s | Context: {'request_id': 'ace1bae4-9187-45cd-9e2b-985d2e0f7b6d', 'client_host': 'testclient', 'method': 'POST', 'path': '/api/auth/login', 'status_code': 200, 'duration': 0.2554}
2026-05-18 05:52:19.241 | INFO     | app.middleware.logging:dispatch:26 [ACCESS] - HTTP GET /api/students - Initiated from testclient | Context: {'request_id': 'c9d7d099-5912-45be-923f-b3201b9c3de0', 'client_host': 'testclient', 'method': 'GET', 'path': '/api/students'}
2026-05-18 05:52:19.276 | INFO     | app.middleware.logging:dispatch:45 [ACCESS] - HTTP GET /api/students - 200 in 0.0345s | Context: {'request_id': 'c9d7d099-5912-45be-923f-b3201b9c3de0', 'client_host': 'testclient', 'method': 'GET', 'path': '/api/students', 'status_code': 200, 'duration': 0.0345}
2026-05-18 05:52:19.284 | INFO     | app.middleware.logging:dispatch:26 [ACCESS] - HTTP POST /api/auth/login - Initiated from testclient | Context: {'request_id': 'd948999d-6f2f-4c1a-b91e-c7429655d79e', 'client_host': 'testclient', 'method': 'POST', 'path': '/api/auth/login'}
2026-05-18 05:52:19.501 | INFO     | app.middleware.logging:dispatch:45 [ACCESS] - HTTP POST /api/auth/login - 200 in 0.2162s | Context: {'request_id': 'd948999d-6f2f-4c1a-b91e-c7429655d79e', 'client_host': 'testclient', 'method': 'POST', 'path': '/api/auth/login', 'status_code': 200, 'duration': 0.2162}
2026-05-18 05:52:19.506 | INFO     | app.middleware.logging:dispatch:26 [ACCESS] - HTTP GET /api/students - Initiated from testclient | Context: {'request_id': 'b458160e-f698-4709-9601-b72c0d8eaead', 'client_host': 'testclient', 'method': 'GET', 'path': '/api/students'}
2026-05-18 05:52:19.550 | INFO     | app.middleware.logging:dispatch:45 [ACCESS] - HTTP GET /api/students - 200 in 0.0434s | Context: {'request_id': 'b458160e-f698-4709-9601-b72c0d8eaead', 'client_host': 'testclient', 'method': 'GET', 'path': '/api/students', 'status_code': 200, 'duration': 0.0434}
2026-05-18 05:52:19.559 | INFO     | app.middleware.logging:dispatch:26 [ACCESS] - HTTP GET /api/students - Initiated from testclient | Context: {'request_id': '06af19b7-12ea-4ef0-b664-811b7bb30765', 'client_host': 'testclient', 'method': 'GET', 'path': '/api/students'}
2026-05-18 05:52:19.604 | INFO     | app.middleware.logging:dispatch:45 [ACCESS] - HTTP GET /api/students - 200 in 0.0445s | Context: {'request_id': '06af19b7-12ea-4ef0-b664-811b7bb30765', 'client_host': 'testclient', 'method': 'GET', 'path': '/api/students', 'status_code': 200, 'duration': 0.0445}
2026-05-18 05:52:19.614 | INFO     | app.middleware.logging:dispatch:26 [ACCESS] - HTTP GET /api/students - Initiated from testclient | Context: {'request_id': 'b90c5ed2-0376-4481-86f7-971289a3aa7d', 'client_host': 'testclient', 'method': 'GET', 'path': '/api/students'}
2026-05-18 05:52:19.655 | INFO     | app.middleware.logging:dispatch:45 [ACCESS] - HTTP GET /api/students - 200 in 0.0414s | Context: {'request_id': 'b90c5ed2-0376-4481-86f7-971289a3aa7d', 'client_host': 'testclient', 'method': 'GET', 'path': '/api/students', 'status_code': 200, 'duration': 0.0414}
2026-05-18 05:52:19.666 | INFO     | app.middleware.logging:dispatch:26 [ACCESS] - HTTP GET /api/students - Initiated from testclient | Context: {'request_id': '4f89a497-5dab-4354-b62e-2ae90f576e7b', 'client_host': 'testclient', 'method': 'GET', 'path': '/api/students'}
2026-05-18 05:52:19.715 | INFO     | app.middleware.logging:dispatch:45 [ACCESS] - HTTP GET /api/students - 200 in 0.0492s | Context: {'request_id': '4f89a497-5dab-4354-b62e-2ae90f576e7b', 'client_host': 'testclient', 'method': 'GET', 'path': '/api/students', 'status_code': 200, 'duration': 0.0492}
2026-05-18 05:52:19.725 | INFO     | app.middleware.logging:dispatch:26 [ACCESS] - HTTP GET /api/students - Initiated from testclient | Context: {'request_id': 'd5f7579e-0dd3-4b3f-bfe9-115a2ddf2cf7', 'client_host': 'testclient', 'method': 'GET', 'path': '/api/students'}
2026-05-18 05:52:19.731 | WARNING  | app.middleware.logging:dispatch:43 [ACCESS] - HTTP GET /api/students - 429 in 0.0062s | Context: {'request_id': 'd5f7579e-0dd3-4b3f-bfe9-115a2ddf2cf7', 'client_host': 'testclient', 'method': 'GET', 'path': '/api/students', 'status_code': 429, 'duration': 0.0062}
2026-05-18 05:52:19.737 | INFO     | app.middleware.logging:dispatch:26 [ACCESS] - HTTP GET /api/remediation/suggestions - Initiated from testclient | Context: {'request_id': '4f6e32c2-108a-453a-aa14-70b69c9cae4b', 'client_host': 'testclient', 'method': 'GET', 'path': '/api/remediation/suggestions'}
2026-05-18 05:52:19.744 | INFO     | app.middleware.logging:dispatch:45 [ACCESS] - HTTP GET /api/remediation/suggestions - 200 in 0.0065s | Context: {'request_id': '4f6e32c2-108a-453a-aa14-70b69c9cae4b', 'client_host': 'testclient', 'method': 'GET', 'path': '/api/remediation/suggestions', 'status_code': 200, 'duration': 0.0065}
2026-05-18 05:52:19.772 | INFO     | app.middleware.logging:dispatch:26 [ACCESS] - HTTP GET /api/remediation/suggestions - Initiated from testclient | Context: {'request_id': '74579de1-c63a-4feb-9675-62ad75b1393f', 'client_host': 'testclient', 'method': 'GET', 'path': '/api/remediation/suggestions'}
2026-05-18 05:52:19.781 | INFO     | app.middleware.logging:dispatch:45 [ACCESS] - HTTP GET /api/remediation/suggestions - 200 in 0.0088s | Context: {'request_id': '74579de1-c63a-4feb-9675-62ad75b1393f', 'client_host': 'testclient', 'method': 'GET', 'path': '/api/remediation/suggestions', 'status_code': 200, 'duration': 0.0088}
2026-05-18 05:52:19.787 | INFO     | app.middleware.logging:dispatch:26 [ACCESS] - HTTP POST /api/remediation/suggestion/test-sugg-uuid-999/approve - Initiated from testclient | Context: {'request_id': 'cc5e3f0b-ae3d-49b5-860e-f358b9305c0c', 'client_host': 'testclient', 'method': 'POST', 'path': '/api/remediation/suggestion/test-sugg-uuid-999/approve'}
2026-05-18 05:52:19.805 | INFO     | app.middleware.logging:dispatch:45 [ACCESS] - HTTP POST /api/remediation/suggestion/test-sugg-uuid-999/approve - 200 in 0.0178s | Context: {'request_id': 'cc5e3f0b-ae3d-49b5-860e-f358b9305c0c', 'client_host': 'testclient', 'method': 'POST', 'path': '/api/remediation/suggestion/test-sugg-uuid-999/approve', 'status_code': 200, 'duration': 0.0178}
2026-05-18 05:52:21.903 | INFO     | app.middleware.logging:dispatch:26 [ACCESS] - HTTP POST /api/auth/login - Initiated from testclient | Context: {'request_id': 'e7453852-139d-4972-9343-0ee82f40809e', 'client_host': 'testclient', 'method': 'POST', 'path': '/api/auth/login'}
2026-05-18 05:52:22.121 | INFO     | app.middleware.logging:dispatch:45 [ACCESS] - HTTP POST /api/auth/login - 200 in 0.2178s | Context: {'request_id': 'e7453852-139d-4972-9343-0ee82f40809e', 'client_host': 'testclient', 'method': 'POST', 'path': '/api/auth/login', 'status_code': 200, 'duration': 0.2178}
2026-05-18 05:52:22.127 | INFO     | app.middleware.logging:dispatch:26 [ACCESS] - HTTP GET /api/analytics/dashboard - Initiated from testclient | Context: {'request_id': '4ab4c31c-8c7b-4963-b0d7-1e8f4e2b7980', 'client_host': 'testclient', 'method': 'GET', 'path': '/api/analytics/dashboard'}
2026-05-18 05:52:22.156 | INFO     | app.middleware.logging:dispatch:45 [ACCESS] - HTTP GET /api/analytics/dashboard - 200 in 0.0287s | Context: {'request_id': '4ab4c31c-8c7b-4963-b0d7-1e8f4e2b7980', 'client_host': 'testclient', 'method': 'GET', 'path': '/api/analytics/dashboard', 'status_code': 200, 'duration': 0.0287}
2026-05-18 05:53:52.152 | INFO     | app.middleware.logging:dispatch:26 [ACCESS] - HTTP GET / - Initiated from testclient | Context: {'request_id': '96546114-69f8-415a-ab1d-ecc6e54d6096', 'client_host': 'testclient', 'method': 'GET', 'path': '/'}
2026-05-18 05:53:52.163 | INFO     | app.middleware.logging:dispatch:45 [ACCESS] - HTTP GET / - 200 in 0.0113s | Context: {'request_id': '96546114-69f8-415a-ab1d-ecc6e54d6096', 'client_host': 'testclient', 'method': 'GET', 'path': '/', 'status_code': 200, 'duration': 0.0113}
2026-05-18 05:53:52.169 | INFO     | app.middleware.logging:dispatch:26 [ACCESS] - HTTP GET /api/students - Initiated from testclient | Context: {'request_id': 'dccba251-c775-4f7a-90b1-a9239c43355d', 'client_host': 'testclient', 'method': 'GET', 'path': '/api/students'}
2026-05-18 05:53:52.171 | WARNING  | app.middleware.logging:dispatch:43 [ACCESS] - HTTP GET /api/students - 401 in 0.0013s | Context: {'request_id': 'dccba251-c775-4f7a-90b1-a9239c43355d', 'client_host': 'testclient', 'method': 'GET', 'path': '/api/students', 'status_code': 401, 'duration': 0.0013}
2026-05-18 05:53:52.177 | INFO     | app.middleware.logging:dispatch:26 [ACCESS] - HTTP POST /api/auth/login - Initiated from testclient | Context: {'request_id': 'bca144fc-54c5-4951-b7a0-ec0fef9e96ba', 'client_host': 'testclient', 'method': 'POST', 'path': '/api/auth/login'}
2026-05-18 05:53:52.682 | WARNING  | app.middleware.logging:dispatch:43 [ACCESS] - HTTP POST /api/auth/login - 401 in 0.5042s | Context: {'request_id': 'bca144fc-54c5-4951-b7a0-ec0fef9e96ba', 'client_host': 'testclient', 'method': 'POST', 'path': '/api/auth/login', 'status_code': 401, 'duration': 0.5042}
2026-05-18 05:53:52.695 | INFO     | app.middleware.logging:dispatch:26 [ACCESS] - HTTP POST /api/auth/register - Initiated from testclient | Context: {'request_id': '5dbcbe5c-a691-45ec-bc94-7ae37e239356', 'client_host': 'testclient', 'method': 'POST', 'path': '/api/auth/register'}
2026-05-18 05:53:52.701 | WARNING  | app.middleware.exception_handlers:validation_exception_handler:49 [ACCESS] - Validation failed for request to /api/auth/register: 3 validation errors:
  {'type': 'string_too_short', 'loc': ('body', 'username'), 'msg': 'String should have at least 3 characters', 'input': 'us', 'ctx': {'min_length': 3}}
  {'type': 'missing', 'loc': ('body', 'email'), 'msg': 'Field required', 'input': {'username': 'us', 'password': '123'}}
  {'type': 'string_too_short', 'loc': ('body', 'password'), 'msg': 'String should have at least 6 characters', 'input': '123', 'ctx': {'min_length': 6}}

  File "d:\ps_03\company-intelligence-platform\backend\app\routes\v1\auth_routes.py", line 21, in register
    POST /api/auth/register | Context: {'request_id': '5dbcbe5c-a691-45ec-bc94-7ae37e239356', 'path': '/api/auth/register', 'error_details': [{'field': 'username', 'issue': 'string_too_short', 'message': 'String should have at least 3 characters'}, {'field': 'email', 'issue': 'missing', 'message': 'Field required'}, {'field': 'password', 'issue': 'string_too_short', 'message': 'String should have at least 6 characters'}]}
2026-05-18 05:53:52.703 | WARNING  | app.middleware.logging:dispatch:43 [ACCESS] - HTTP POST /api/auth/register - 422 in 0.0080s | Context: {'request_id': '5dbcbe5c-a691-45ec-bc94-7ae37e239356', 'client_host': 'testclient', 'method': 'POST', 'path': '/api/auth/register', 'status_code': 422, 'duration': 0.008}
2026-05-18 05:53:52.710 | INFO     | app.middleware.logging:dispatch:26 [ACCESS] - HTTP POST /api/auth/login - Initiated from testclient | Context: {'request_id': '13b77563-2700-4ede-abed-5e5db63e0769', 'client_host': 'testclient', 'method': 'POST', 'path': '/api/auth/login'}
2026-05-18 05:53:53.031 | INFO     | app.middleware.logging:dispatch:45 [ACCESS] - HTTP POST /api/auth/login - 200 in 0.3207s | Context: {'request_id': '13b77563-2700-4ede-abed-5e5db63e0769', 'client_host': 'testclient', 'method': 'POST', 'path': '/api/auth/login', 'status_code': 200, 'duration': 0.3207}
2026-05-18 05:53:53.036 | INFO     | app.middleware.logging:dispatch:26 [ACCESS] - HTTP GET /api/students - Initiated from testclient | Context: {'request_id': 'f4168187-451e-47ba-9060-f372595cddf0', 'client_host': 'testclient', 'method': 'GET', 'path': '/api/students'}
2026-05-18 05:53:53.074 | INFO     | app.middleware.logging:dispatch:45 [ACCESS] - HTTP GET /api/students - 200 in 0.0374s | Context: {'request_id': 'f4168187-451e-47ba-9060-f372595cddf0', 'client_host': 'testclient', 'method': 'GET', 'path': '/api/students', 'status_code': 200, 'duration': 0.0374}
2026-05-18 05:53:53.079 | INFO     | app.middleware.logging:dispatch:26 [ACCESS] - HTTP POST /api/auth/login - Initiated from testclient | Context: {'request_id': '1d83fc3f-6928-4453-bb27-5e42edf7fef6', 'client_host': 'testclient', 'method': 'POST', 'path': '/api/auth/login'}
2026-05-18 05:53:53.323 | INFO     | app.middleware.logging:dispatch:45 [ACCESS] - HTTP POST /api/auth/login - 200 in 0.2437s | Context: {'request_id': '1d83fc3f-6928-4453-bb27-5e42edf7fef6', 'client_host': 'testclient', 'method': 'POST', 'path': '/api/auth/login', 'status_code': 200, 'duration': 0.2437}
2026-05-18 05:53:53.330 | INFO     | app.middleware.logging:dispatch:26 [ACCESS] - HTTP GET /api/students - Initiated from testclient | Context: {'request_id': 'e91c30c1-cc0d-434a-a789-33e0f3017311', 'client_host': 'testclient', 'method': 'GET', 'path': '/api/students'}
2026-05-18 05:53:53.377 | INFO     | app.middleware.logging:dispatch:45 [ACCESS] - HTTP GET /api/students - 200 in 0.0476s | Context: {'request_id': 'e91c30c1-cc0d-434a-a789-33e0f3017311', 'client_host': 'testclient', 'method': 'GET', 'path': '/api/students', 'status_code': 200, 'duration': 0.0476}
2026-05-18 05:53:53.386 | INFO     | app.middleware.logging:dispatch:26 [ACCESS] - HTTP GET /api/students - Initiated from testclient | Context: {'request_id': '6e09405d-a8a2-4e7a-b358-a1e367cede65', 'client_host': 'testclient', 'method': 'GET', 'path': '/api/students'}
2026-05-18 05:53:53.425 | INFO     | app.middleware.logging:dispatch:45 [ACCESS] - HTTP GET /api/students - 200 in 0.0397s | Context: {'request_id': '6e09405d-a8a2-4e7a-b358-a1e367cede65', 'client_host': 'testclient', 'method': 'GET', 'path': '/api/students', 'status_code': 200, 'duration': 0.0397}
2026-05-18 05:53:53.432 | INFO     | app.middleware.logging:dispatch:26 [ACCESS] - HTTP GET /api/students - Initiated from testclient | Context: {'request_id': 'f7a2f260-d1d4-4f31-a668-bf51f787d388', 'client_host': 'testclient', 'method': 'GET', 'path': '/api/students'}
2026-05-18 05:53:53.463 | INFO     | app.middleware.logging:dispatch:45 [ACCESS] - HTTP GET /api/students - 200 in 0.0312s | Context: {'request_id': 'f7a2f260-d1d4-4f31-a668-bf51f787d388', 'client_host': 'testclient', 'method': 'GET', 'path': '/api/students', 'status_code': 200, 'duration': 0.0312}
2026-05-18 05:53:53.470 | INFO     | app.middleware.logging:dispatch:26 [ACCESS] - HTTP GET /api/students - Initiated from testclient | Context: {'request_id': '97ddd1e5-a035-4acf-8a55-de6540422b45', 'client_host': 'testclient', 'method': 'GET', 'path': '/api/students'}
2026-05-18 05:53:53.508 | INFO     | app.middleware.logging:dispatch:45 [ACCESS] - HTTP GET /api/students - 200 in 0.0382s | Context: {'request_id': '97ddd1e5-a035-4acf-8a55-de6540422b45', 'client_host': 'testclient', 'method': 'GET', 'path': '/api/students', 'status_code': 200, 'duration': 0.0382}
2026-05-18 05:53:53.515 | INFO     | app.middleware.logging:dispatch:26 [ACCESS] - HTTP GET /api/students - Initiated from testclient | Context: {'request_id': '6b50e029-e6e2-4144-a223-51d3da9e12b0', 'client_host': 'testclient', 'method': 'GET', 'path': '/api/students'}
2026-05-18 05:53:53.520 | WARNING  | app.middleware.logging:dispatch:43 [ACCESS] - HTTP GET /api/students - 429 in 0.0052s | Context: {'request_id': '6b50e029-e6e2-4144-a223-51d3da9e12b0', 'client_host': 'testclient', 'method': 'GET', 'path': '/api/students', 'status_code': 429, 'duration': 0.0052}
2026-05-18 05:53:53.526 | INFO     | app.middleware.logging:dispatch:26 [ACCESS] - HTTP GET /api/remediation/suggestions - Initiated from testclient | Context: {'request_id': 'cee181f8-af34-4752-a71a-57a370341d12', 'client_host': 'testclient', 'method': 'GET', 'path': '/api/remediation/suggestions'}
2026-05-18 05:53:53.532 | INFO     | app.middleware.logging:dispatch:45 [ACCESS] - HTTP GET /api/remediation/suggestions - 200 in 0.0061s | Context: {'request_id': 'cee181f8-af34-4752-a71a-57a370341d12', 'client_host': 'testclient', 'method': 'GET', 'path': '/api/remediation/suggestions', 'status_code': 200, 'duration': 0.0061}
2026-05-18 05:53:53.568 | INFO     | app.middleware.logging:dispatch:26 [ACCESS] - HTTP GET /api/remediation/suggestions - Initiated from testclient | Context: {'request_id': '36c46dc0-06cd-4d89-a856-49b03b208a63', 'client_host': 'testclient', 'method': 'GET', 'path': '/api/remediation/suggestions'}
2026-05-18 05:53:53.579 | INFO     | app.middleware.logging:dispatch:45 [ACCESS] - HTTP GET /api/remediation/suggestions - 200 in 0.0114s | Context: {'request_id': '36c46dc0-06cd-4d89-a856-49b03b208a63', 'client_host': 'testclient', 'method': 'GET', 'path': '/api/remediation/suggestions', 'status_code': 200, 'duration': 0.0114}
2026-05-18 05:53:53.586 | INFO     | app.middleware.logging:dispatch:26 [ACCESS] - HTTP POST /api/remediation/suggestion/test-sugg-uuid-999/approve - Initiated from testclient | Context: {'request_id': 'b9eba8a4-8800-45c8-a438-7bdb3adf55d8', 'client_host': 'testclient', 'method': 'POST', 'path': '/api/remediation/suggestion/test-sugg-uuid-999/approve'}
2026-05-18 05:53:53.613 | INFO     | app.middleware.logging:dispatch:45 [ACCESS] - HTTP POST /api/remediation/suggestion/test-sugg-uuid-999/approve - 200 in 0.0268s | Context: {'request_id': 'b9eba8a4-8800-45c8-a438-7bdb3adf55d8', 'client_host': 'testclient', 'method': 'POST', 'path': '/api/remediation/suggestion/test-sugg-uuid-999/approve', 'status_code': 200, 'duration': 0.0268}
2026-05-18 05:53:55.808 | INFO     | app.middleware.logging:dispatch:26 [ACCESS] - HTTP POST /api/auth/login - Initiated from testclient | Context: {'request_id': '33c1a1dd-2255-4aee-9074-cda2a80367f8', 'client_host': 'testclient', 'method': 'POST', 'path': '/api/auth/login'}
2026-05-18 05:53:56.159 | INFO     | app.middleware.logging:dispatch:45 [ACCESS] - HTTP POST /api/auth/login - 200 in 0.3510s | Context: {'request_id': '33c1a1dd-2255-4aee-9074-cda2a80367f8', 'client_host': 'testclient', 'method': 'POST', 'path': '/api/auth/login', 'status_code': 200, 'duration': 0.351}
2026-05-18 05:53:56.166 | INFO     | app.middleware.logging:dispatch:26 [ACCESS] - HTTP GET /api/analytics/dashboard - Initiated from testclient | Context: {'request_id': '9855946e-0ad7-46ae-b66c-a0cbd12bdecb', 'client_host': 'testclient', 'method': 'GET', 'path': '/api/analytics/dashboard'}
2026-05-18 05:53:56.198 | INFO     | app.middleware.logging:dispatch:45 [ACCESS] - HTTP GET /api/analytics/dashboard - 200 in 0.0314s | Context: {'request_id': '9855946e-0ad7-46ae-b66c-a0cbd12bdecb', 'client_host': 'testclient', 'method': 'GET', 'path': '/api/analytics/dashboard', 'status_code': 200, 'duration': 0.0314}
2026-05-18 05:54:32.949 | INFO     | app.middleware.logging:dispatch:26 [ACCESS] - HTTP GET /api/v1/ - Initiated from testclient | Context: {'request_id': 'c5683685-ea76-4a8d-9ad1-d13ac0daf038', 'client_host': 'testclient', 'method': 'GET', 'path': '/api/v1/'}
2026-05-18 05:54:32.950 | WARNING  | app.middleware.logging:dispatch:43 [ACCESS] - HTTP GET /api/v1/ - 401 in 0.0011s | Context: {'request_id': 'c5683685-ea76-4a8d-9ad1-d13ac0daf038', 'client_host': 'testclient', 'method': 'GET', 'path': '/api/v1/', 'status_code': 401, 'duration': 0.0011}
2026-05-18 05:55:07.158 | INFO     | app.middleware.logging:dispatch:26 [ACCESS] - HTTP GET /api/v1/ - Initiated from testclient | Context: {'request_id': '0168e8fc-cf06-4781-b9be-46fe8d1b2cdc', 'client_host': 'testclient', 'method': 'GET', 'path': '/api/v1/'}
2026-05-18 05:55:07.166 | INFO     | app.middleware.logging:dispatch:45 [ACCESS] - HTTP GET /api/v1/ - 200 in 0.0081s | Context: {'request_id': '0168e8fc-cf06-4781-b9be-46fe8d1b2cdc', 'client_host': 'testclient', 'method': 'GET', 'path': '/api/v1/', 'status_code': 200, 'duration': 0.0081}
2026-05-18 05:55:24.377 | INFO     | app.middleware.logging:dispatch:26 [ACCESS] - HTTP GET /api/v1/ - Initiated from testclient | Context: {'request_id': '9d9c0310-016f-4142-8b22-1d250ffc72ab', 'client_host': 'testclient', 'method': 'GET', 'path': '/api/v1/'}
2026-05-18 05:55:24.388 | INFO     | app.middleware.logging:dispatch:45 [ACCESS] - HTTP GET /api/v1/ - 200 in 0.0117s | Context: {'request_id': '9d9c0310-016f-4142-8b22-1d250ffc72ab', 'client_host': 'testclient', 'method': 'GET', 'path': '/api/v1/', 'status_code': 200, 'duration': 0.0117}
2026-05-18 05:55:24.398 | INFO     | app.middleware.logging:dispatch:26 [ACCESS] - HTTP GET /api/v1/students - Initiated from testclient | Context: {'request_id': '7681d59b-a8d7-4608-b21e-0207846be547', 'client_host': 'testclient', 'method': 'GET', 'path': '/api/v1/students'}
2026-05-18 05:55:24.403 | WARNING  | app.middleware.logging:dispatch:43 [ACCESS] - HTTP GET /api/v1/students - 401 in 0.0047s | Context: {'request_id': '7681d59b-a8d7-4608-b21e-0207846be547', 'client_host': 'testclient', 'method': 'GET', 'path': '/api/v1/students', 'status_code': 401, 'duration': 0.0047}
2026-05-18 05:55:44.779 | INFO     | app.middleware.logging:dispatch:26 [ACCESS] - HTTP GET /api/v1/ - Initiated from testclient | Context: {'request_id': '3404f5d1-4ef4-44c5-a11b-21d955f95459', 'client_host': 'testclient', 'method': 'GET', 'path': '/api/v1/'}
2026-05-18 05:55:44.789 | INFO     | app.middleware.logging:dispatch:45 [ACCESS] - HTTP GET /api/v1/ - 200 in 0.0102s | Context: {'request_id': '3404f5d1-4ef4-44c5-a11b-21d955f95459', 'client_host': 'testclient', 'method': 'GET', 'path': '/api/v1/', 'status_code': 200, 'duration': 0.0102}
2026-05-18 05:55:44.795 | INFO     | app.middleware.logging:dispatch:26 [ACCESS] - HTTP GET /api/v1/students - Initiated from testclient | Context: {'request_id': '78824b41-b962-4ce3-a4ef-815c70a9b3b7', 'client_host': 'testclient', 'method': 'GET', 'path': '/api/v1/students'}
2026-05-18 05:55:44.796 | WARNING  | app.middleware.logging:dispatch:43 [ACCESS] - HTTP GET /api/v1/students - 401 in 0.0010s | Context: {'request_id': '78824b41-b962-4ce3-a4ef-815c70a9b3b7', 'client_host': 'testclient', 'method': 'GET', 'path': '/api/v1/students', 'status_code': 401, 'duration': 0.001}
2026-05-18 05:55:44.802 | INFO     | app.middleware.logging:dispatch:26 [ACCESS] - HTTP POST /api/v1/auth/login - Initiated from testclient | Context: {'request_id': '11f74721-bbb2-4420-bf64-0a254a446b51', 'client_host': 'testclient', 'method': 'POST', 'path': '/api/v1/auth/login'}
2026-05-18 05:55:45.413 | WARNING  | app.middleware.logging:dispatch:43 [ACCESS] - HTTP POST /api/v1/auth/login - 401 in 0.6115s | Context: {'request_id': '11f74721-bbb2-4420-bf64-0a254a446b51', 'client_host': 'testclient', 'method': 'POST', 'path': '/api/v1/auth/login', 'status_code': 401, 'duration': 0.6115}
2026-05-18 05:55:45.420 | INFO     | app.middleware.logging:dispatch:26 [ACCESS] - HTTP POST /api/v1/auth/register - Initiated from testclient | Context: {'request_id': '0585f35d-cebc-497d-b20e-cee440267474', 'client_host': 'testclient', 'method': 'POST', 'path': '/api/v1/auth/register'}
2026-05-18 05:55:45.424 | WARNING  | app.middleware.exception_handlers:validation_exception_handler:49 [ACCESS] - Validation failed for request to /api/v1/auth/register: 3 validation errors:
  {'type': 'string_too_short', 'loc': ('body', 'username'), 'msg': 'String should have at least 3 characters', 'input': 'us', 'ctx': {'min_length': 3}}
  {'type': 'missing', 'loc': ('body', 'email'), 'msg': 'Field required', 'input': {'username': 'us', 'password': '123'}}
  {'type': 'string_too_short', 'loc': ('body', 'password'), 'msg': 'String should have at least 6 characters', 'input': '123', 'ctx': {'min_length': 6}}

  File "d:\ps_03\company-intelligence-platform\backend\app\routes\v1\auth_routes.py", line 21, in register
    POST /api/v1/auth/register | Context: {'request_id': '0585f35d-cebc-497d-b20e-cee440267474', 'path': '/api/v1/auth/register', 'error_details': [{'field': 'username', 'issue': 'string_too_short', 'message': 'String should have at least 3 characters'}, {'field': 'email', 'issue': 'missing', 'message': 'Field required'}, {'field': 'password', 'issue': 'string_too_short', 'message': 'String should have at least 6 characters'}]}
2026-05-18 05:55:45.426 | WARNING  | app.middleware.logging:dispatch:43 [ACCESS] - HTTP POST /api/v1/auth/register - 422 in 0.0061s | Context: {'request_id': '0585f35d-cebc-497d-b20e-cee440267474', 'client_host': 'testclient', 'method': 'POST', 'path': '/api/v1/auth/register', 'status_code': 422, 'duration': 0.0061}
2026-05-18 05:55:45.433 | INFO     | app.middleware.logging:dispatch:26 [ACCESS] - HTTP POST /api/v1/auth/login - Initiated from testclient | Context: {'request_id': '4810f7ac-1d71-47d6-818c-fa728a58e485', 'client_host': 'testclient', 'method': 'POST', 'path': '/api/v1/auth/login'}
2026-05-18 05:55:45.791 | INFO     | app.middleware.logging:dispatch:45 [ACCESS] - HTTP POST /api/v1/auth/login - 200 in 0.3579s | Context: {'request_id': '4810f7ac-1d71-47d6-818c-fa728a58e485', 'client_host': 'testclient', 'method': 'POST', 'path': '/api/v1/auth/login', 'status_code': 200, 'duration': 0.3579}
2026-05-18 05:55:45.797 | INFO     | app.middleware.logging:dispatch:26 [ACCESS] - HTTP GET /api/v1/students - Initiated from testclient | Context: {'request_id': 'e95ee768-be18-45b7-9a8d-fcb9cab387d3', 'client_host': 'testclient', 'method': 'GET', 'path': '/api/v1/students'}
2026-05-18 05:55:45.841 | INFO     | app.middleware.logging:dispatch:45 [ACCESS] - HTTP GET /api/v1/students - 200 in 0.0443s | Context: {'request_id': 'e95ee768-be18-45b7-9a8d-fcb9cab387d3', 'client_host': 'testclient', 'method': 'GET', 'path': '/api/v1/students', 'status_code': 200, 'duration': 0.0443}
2026-05-18 05:55:45.847 | INFO     | app.middleware.logging:dispatch:26 [ACCESS] - HTTP POST /api/v1/auth/login - Initiated from testclient | Context: {'request_id': '82aab654-2d06-4f74-829f-6ad7e390844b', 'client_host': 'testclient', 'method': 'POST', 'path': '/api/v1/auth/login'}
2026-05-18 05:55:46.112 | INFO     | app.middleware.logging:dispatch:45 [ACCESS] - HTTP POST /api/v1/auth/login - 200 in 0.2649s | Context: {'request_id': '82aab654-2d06-4f74-829f-6ad7e390844b', 'client_host': 'testclient', 'method': 'POST', 'path': '/api/v1/auth/login', 'status_code': 200, 'duration': 0.2649}
2026-05-18 05:55:46.117 | INFO     | app.middleware.logging:dispatch:26 [ACCESS] - HTTP GET /api/v1/students - Initiated from testclient | Context: {'request_id': '67215a93-d2bf-46fe-9400-4833b8c4f53a', 'client_host': 'testclient', 'method': 'GET', 'path': '/api/v1/students'}
2026-05-18 05:55:46.152 | INFO     | app.middleware.logging:dispatch:45 [ACCESS] - HTTP GET /api/v1/students - 200 in 0.0347s | Context: {'request_id': '67215a93-d2bf-46fe-9400-4833b8c4f53a', 'client_host': 'testclient', 'method': 'GET', 'path': '/api/v1/students', 'status_code': 200, 'duration': 0.0347}
2026-05-18 05:55:46.159 | INFO     | app.middleware.logging:dispatch:26 [ACCESS] - HTTP GET /api/v1/students - Initiated from testclient | Context: {'request_id': 'f5458eaa-6011-4f57-a231-f504a83f8f0d', 'client_host': 'testclient', 'method': 'GET', 'path': '/api/v1/students'}
2026-05-18 05:55:46.192 | INFO     | app.middleware.logging:dispatch:45 [ACCESS] - HTTP GET /api/v1/students - 200 in 0.0331s | Context: {'request_id': 'f5458eaa-6011-4f57-a231-f504a83f8f0d', 'client_host': 'testclient', 'method': 'GET', 'path': '/api/v1/students', 'status_code': 200, 'duration': 0.0331}
2026-05-18 05:55:46.199 | INFO     | app.middleware.logging:dispatch:26 [ACCESS] - HTTP GET /api/v1/students - Initiated from testclient | Context: {'request_id': 'c1ba7a94-0abe-4f86-8f0d-08c7cf1ff88b', 'client_host': 'testclient', 'method': 'GET', 'path': '/api/v1/students'}
2026-05-18 05:55:46.229 | INFO     | app.middleware.logging:dispatch:45 [ACCESS] - HTTP GET /api/v1/students - 200 in 0.0304s | Context: {'request_id': 'c1ba7a94-0abe-4f86-8f0d-08c7cf1ff88b', 'client_host': 'testclient', 'method': 'GET', 'path': '/api/v1/students', 'status_code': 200, 'duration': 0.0304}
2026-05-18 05:55:46.236 | INFO     | app.middleware.logging:dispatch:26 [ACCESS] - HTTP GET /api/v1/students - Initiated from testclient | Context: {'request_id': 'ade24dd6-d5de-4040-92e7-2bdabbf62697', 'client_host': 'testclient', 'method': 'GET', 'path': '/api/v1/students'}
2026-05-18 05:55:46.273 | INFO     | app.middleware.logging:dispatch:45 [ACCESS] - HTTP GET /api/v1/students - 200 in 0.0368s | Context: {'request_id': 'ade24dd6-d5de-4040-92e7-2bdabbf62697', 'client_host': 'testclient', 'method': 'GET', 'path': '/api/v1/students', 'status_code': 200, 'duration': 0.0368}
2026-05-18 05:55:46.279 | INFO     | app.middleware.logging:dispatch:26 [ACCESS] - HTTP GET /api/v1/students - Initiated from testclient | Context: {'request_id': '2ae6905c-1b05-4f47-9fcd-8e96e717b604', 'client_host': 'testclient', 'method': 'GET', 'path': '/api/v1/students'}
2026-05-18 05:55:46.285 | WARNING  | app.middleware.logging:dispatch:43 [ACCESS] - HTTP GET /api/v1/students - 429 in 0.0060s | Context: {'request_id': '2ae6905c-1b05-4f47-9fcd-8e96e717b604', 'client_host': 'testclient', 'method': 'GET', 'path': '/api/v1/students', 'status_code': 429, 'duration': 0.006}
2026-05-18 05:55:46.291 | INFO     | app.middleware.logging:dispatch:26 [ACCESS] - HTTP GET /api/v1/remediation/suggestions - Initiated from testclient | Context: {'request_id': '5f5dcf9f-99b9-4609-9438-7c028e29586d', 'client_host': 'testclient', 'method': 'GET', 'path': '/api/v1/remediation/suggestions'}
2026-05-18 05:55:46.299 | INFO     | app.middleware.logging:dispatch:45 [ACCESS] - HTTP GET /api/v1/remediation/suggestions - 200 in 0.0072s | Context: {'request_id': '5f5dcf9f-99b9-4609-9438-7c028e29586d', 'client_host': 'testclient', 'method': 'GET', 'path': '/api/v1/remediation/suggestions', 'status_code': 200, 'duration': 0.0072}
2026-05-18 05:55:46.328 | INFO     | app.middleware.logging:dispatch:26 [ACCESS] - HTTP GET /api/v1/remediation/suggestions - Initiated from testclient | Context: {'request_id': '000ba486-c443-42db-ad7e-ad4b7718ad11', 'client_host': 'testclient', 'method': 'GET', 'path': '/api/v1/remediation/suggestions'}
2026-05-18 05:55:46.338 | INFO     | app.middleware.logging:dispatch:45 [ACCESS] - HTTP GET /api/v1/remediation/suggestions - 200 in 0.0098s | Context: {'request_id': '000ba486-c443-42db-ad7e-ad4b7718ad11', 'client_host': 'testclient', 'method': 'GET', 'path': '/api/v1/remediation/suggestions', 'status_code': 200, 'duration': 0.0098}
2026-05-18 05:55:46.343 | INFO     | app.middleware.logging:dispatch:26 [ACCESS] - HTTP POST /api/v1/remediation/suggestion/test-sugg-uuid-999/approve - Initiated from testclient | Context: {'request_id': 'bc521c19-d1de-4306-b866-30a37e9d270c', 'client_host': 'testclient', 'method': 'POST', 'path': '/api/v1/remediation/suggestion/test-sugg-uuid-999/approve'}
2026-05-18 05:55:46.363 | INFO     | app.middleware.logging:dispatch:45 [ACCESS] - HTTP POST /api/v1/remediation/suggestion/test-sugg-uuid-999/approve - 200 in 0.0198s | Context: {'request_id': 'bc521c19-d1de-4306-b866-30a37e9d270c', 'client_host': 'testclient', 'method': 'POST', 'path': '/api/v1/remediation/suggestion/test-sugg-uuid-999/approve', 'status_code': 200, 'duration': 0.0198}
2026-05-18 05:55:48.485 | INFO     | app.middleware.logging:dispatch:26 [ACCESS] - HTTP POST /api/v1/auth/login - Initiated from testclient | Context: {'request_id': '61715583-eb1b-41c3-abbf-857226687478', 'client_host': 'testclient', 'method': 'POST', 'path': '/api/v1/auth/login'}
2026-05-18 05:55:48.786 | INFO     | app.middleware.logging:dispatch:45 [ACCESS] - HTTP POST /api/v1/auth/login - 200 in 0.3008s | Context: {'request_id': '61715583-eb1b-41c3-abbf-857226687478', 'client_host': 'testclient', 'method': 'POST', 'path': '/api/v1/auth/login', 'status_code': 200, 'duration': 0.3008}
2026-05-18 05:55:48.792 | INFO     | app.middleware.logging:dispatch:26 [ACCESS] - HTTP GET /api/v1/analytics/dashboard - Initiated from testclient | Context: {'request_id': '0d9b3037-7581-4016-9d43-7732cedbe29a', 'client_host': 'testclient', 'method': 'GET', 'path': '/api/v1/analytics/dashboard'}
2026-05-18 05:55:48.827 | INFO     | app.middleware.logging:dispatch:45 [ACCESS] - HTTP GET /api/v1/analytics/dashboard - 200 in 0.0351s | Context: {'request_id': '0d9b3037-7581-4016-9d43-7732cedbe29a', 'client_host': 'testclient', 'method': 'GET', 'path': '/api/v1/analytics/dashboard', 'status_code': 200, 'duration': 0.0351}
2026-05-18 05:59:11.375 | INFO     | app.middleware.logging:dispatch:26 [ACCESS] - HTTP GET /api/v1/ - Initiated from testclient | Context: {'request_id': '224fbd8d-3139-487a-926d-8445a106c83f', 'client_host': 'testclient', 'method': 'GET', 'path': '/api/v1/'}
2026-05-18 05:59:11.383 | INFO     | app.middleware.logging:dispatch:45 [ACCESS] - HTTP GET /api/v1/ - 200 in 0.0075s | Context: {'request_id': '224fbd8d-3139-487a-926d-8445a106c83f', 'client_host': 'testclient', 'method': 'GET', 'path': '/api/v1/', 'status_code': 200, 'duration': 0.0075}
2026-05-18 05:59:11.388 | INFO     | app.middleware.logging:dispatch:26 [ACCESS] - HTTP GET /api/v1/students - Initiated from testclient | Context: {'request_id': '40737060-92cb-42b6-8fa2-a6021f02e244', 'client_host': 'testclient', 'method': 'GET', 'path': '/api/v1/students'}
2026-05-18 05:59:11.389 | WARNING  | app.middleware.logging:dispatch:43 [ACCESS] - HTTP GET /api/v1/students - 401 in 0.0007s | Context: {'request_id': '40737060-92cb-42b6-8fa2-a6021f02e244', 'client_host': 'testclient', 'method': 'GET', 'path': '/api/v1/students', 'status_code': 401, 'duration': 0.0007}
2026-05-18 05:59:11.394 | INFO     | app.middleware.logging:dispatch:26 [ACCESS] - HTTP POST /api/v1/auth/login - Initiated from testclient | Context: {'request_id': '14e31a0f-8742-43e5-b275-7d2051ce9db3', 'client_host': 'testclient', 'method': 'POST', 'path': '/api/v1/auth/login'}
2026-05-18 05:59:11.957 | WARNING  | app.middleware.logging:dispatch:43 [ACCESS] - HTTP POST /api/v1/auth/login - 401 in 0.5637s | Context: {'request_id': '14e31a0f-8742-43e5-b275-7d2051ce9db3', 'client_host': 'testclient', 'method': 'POST', 'path': '/api/v1/auth/login', 'status_code': 401, 'duration': 0.5637}
2026-05-18 05:59:11.964 | INFO     | app.middleware.logging:dispatch:26 [ACCESS] - HTTP POST /api/v1/auth/register - Initiated from testclient | Context: {'request_id': 'f5f2c69f-ef2e-4693-a421-e9727290f9fc', 'client_host': 'testclient', 'method': 'POST', 'path': '/api/v1/auth/register'}
2026-05-18 05:59:11.970 | WARNING  | app.middleware.exception_handlers:validation_exception_handler:49 [ACCESS] - Validation failed for request to /api/v1/auth/register: 3 validation errors:
  {'type': 'string_too_short', 'loc': ('body', 'username'), 'msg': 'String should have at least 3 characters', 'input': 'us', 'ctx': {'min_length': 3}}
  {'type': 'missing', 'loc': ('body', 'email'), 'msg': 'Field required', 'input': {'username': 'us', 'password': '123'}}
  {'type': 'string_too_short', 'loc': ('body', 'password'), 'msg': 'String should have at least 6 characters', 'input': '123', 'ctx': {'min_length': 6}}

  File "D:\ps_03\company-intelligence-platform\backend\app\routes\v1\auth_routes.py", line 21, in register
    POST /api/v1/auth/register | Context: {'request_id': 'f5f2c69f-ef2e-4693-a421-e9727290f9fc', 'path': '/api/v1/auth/register', 'error_details': [{'field': 'username', 'issue': 'string_too_short', 'message': 'String should have at least 3 characters'}, {'field': 'email', 'issue': 'missing', 'message': 'Field required'}, {'field': 'password', 'issue': 'string_too_short', 'message': 'String should have at least 6 characters'}]}
2026-05-18 05:59:11.971 | WARNING  | app.middleware.logging:dispatch:43 [ACCESS] - HTTP POST /api/v1/auth/register - 422 in 0.0071s | Context: {'request_id': 'f5f2c69f-ef2e-4693-a421-e9727290f9fc', 'client_host': 'testclient', 'method': 'POST', 'path': '/api/v1/auth/register', 'status_code': 422, 'duration': 0.0071}
2026-05-18 05:59:11.979 | INFO     | app.middleware.logging:dispatch:26 [ACCESS] - HTTP POST /api/v1/auth/login - Initiated from testclient | Context: {'request_id': '16b9cc12-e134-4b7a-b1cf-9dc1eae99c03', 'client_host': 'testclient', 'method': 'POST', 'path': '/api/v1/auth/login'}
2026-05-18 05:59:12.229 | INFO     | app.middleware.logging:dispatch:45 [ACCESS] - HTTP POST /api/v1/auth/login - 200 in 0.2494s | Context: {'request_id': '16b9cc12-e134-4b7a-b1cf-9dc1eae99c03', 'client_host': 'testclient', 'method': 'POST', 'path': '/api/v1/auth/login', 'status_code': 200, 'duration': 0.2494}
2026-05-18 05:59:12.234 | INFO     | app.middleware.logging:dispatch:26 [ACCESS] - HTTP GET /api/v1/students - Initiated from testclient | Context: {'request_id': 'ed9a190f-8b10-4ee3-9b31-a60b986e6111', 'client_host': 'testclient', 'method': 'GET', 'path': '/api/v1/students'}
2026-05-18 05:59:12.277 | INFO     | app.middleware.logging:dispatch:45 [ACCESS] - HTTP GET /api/v1/students - 200 in 0.0430s | Context: {'request_id': 'ed9a190f-8b10-4ee3-9b31-a60b986e6111', 'client_host': 'testclient', 'method': 'GET', 'path': '/api/v1/students', 'status_code': 200, 'duration': 0.043}
2026-05-18 05:59:12.283 | INFO     | app.middleware.logging:dispatch:26 [ACCESS] - HTTP POST /api/v1/auth/login - Initiated from testclient | Context: {'request_id': 'b9af27a8-3768-49b2-b3f9-6bd0109cd1ec', 'client_host': 'testclient', 'method': 'POST', 'path': '/api/v1/auth/login'}
2026-05-18 05:59:12.509 | INFO     | app.middleware.logging:dispatch:45 [ACCESS] - HTTP POST /api/v1/auth/login - 200 in 0.2262s | Context: {'request_id': 'b9af27a8-3768-49b2-b3f9-6bd0109cd1ec', 'client_host': 'testclient', 'method': 'POST', 'path': '/api/v1/auth/login', 'status_code': 200, 'duration': 0.2262}
2026-05-18 05:59:12.515 | INFO     | app.middleware.logging:dispatch:26 [ACCESS] - HTTP GET /api/v1/students - Initiated from testclient | Context: {'request_id': '0faa8c60-f536-42d5-b718-63106fff5011', 'client_host': 'testclient', 'method': 'GET', 'path': '/api/v1/students'}
2026-05-18 05:59:12.551 | INFO     | app.middleware.logging:dispatch:45 [ACCESS] - HTTP GET /api/v1/students - 200 in 0.0362s | Context: {'request_id': '0faa8c60-f536-42d5-b718-63106fff5011', 'client_host': 'testclient', 'method': 'GET', 'path': '/api/v1/students', 'status_code': 200, 'duration': 0.0362}
2026-05-18 05:59:12.558 | INFO     | app.middleware.logging:dispatch:26 [ACCESS] - HTTP GET /api/v1/students - Initiated from testclient | Context: {'request_id': '94648356-1beb-4828-ba45-06aa5acc76e6', 'client_host': 'testclient', 'method': 'GET', 'path': '/api/v1/students'}
2026-05-18 05:59:12.598 | INFO     | app.middleware.logging:dispatch:45 [ACCESS] - HTTP GET /api/v1/students - 200 in 0.0399s | Context: {'request_id': '94648356-1beb-4828-ba45-06aa5acc76e6', 'client_host': 'testclient', 'method': 'GET', 'path': '/api/v1/students', 'status_code': 200, 'duration': 0.0399}
2026-05-18 05:59:12.611 | INFO     | app.middleware.logging:dispatch:26 [ACCESS] - HTTP GET /api/v1/students - Initiated from testclient | Context: {'request_id': '8514e689-2142-4184-8016-d9e50a95e42b', 'client_host': 'testclient', 'method': 'GET', 'path': '/api/v1/students'}
2026-05-18 05:59:12.647 | INFO     | app.middleware.logging:dispatch:45 [ACCESS] - HTTP GET /api/v1/students - 200 in 0.0366s | Context: {'request_id': '8514e689-2142-4184-8016-d9e50a95e42b', 'client_host': 'testclient', 'method': 'GET', 'path': '/api/v1/students', 'status_code': 200, 'duration': 0.0366}
2026-05-18 05:59:12.655 | INFO     | app.middleware.logging:dispatch:26 [ACCESS] - HTTP GET /api/v1/students - Initiated from testclient | Context: {'request_id': '59ca1383-7e63-4486-96dd-3c22b36cd26d', 'client_host': 'testclient', 'method': 'GET', 'path': '/api/v1/students'}
2026-05-18 05:59:12.687 | INFO     | app.middleware.logging:dispatch:45 [ACCESS] - HTTP GET /api/v1/students - 200 in 0.0314s | Context: {'request_id': '59ca1383-7e63-4486-96dd-3c22b36cd26d', 'client_host': 'testclient', 'method': 'GET', 'path': '/api/v1/students', 'status_code': 200, 'duration': 0.0314}
2026-05-18 05:59:12.696 | INFO     | app.middleware.logging:dispatch:26 [ACCESS] - HTTP GET /api/v1/students - Initiated from testclient | Context: {'request_id': '0bd842b7-5cd6-4ce0-a329-fe1937060766', 'client_host': 'testclient', 'method': 'GET', 'path': '/api/v1/students'}
2026-05-18 05:59:12.700 | WARNING  | app.middleware.logging:dispatch:43 [ACCESS] - HTTP GET /api/v1/students - 429 in 0.0042s | Context: {'request_id': '0bd842b7-5cd6-4ce0-a329-fe1937060766', 'client_host': 'testclient', 'method': 'GET', 'path': '/api/v1/students', 'status_code': 429, 'duration': 0.0042}
2026-05-18 05:59:12.705 | INFO     | app.middleware.logging:dispatch:26 [ACCESS] - HTTP GET /api/v1/remediation/suggestions - Initiated from testclient | Context: {'request_id': '4c3247ca-d75e-4c54-a428-40e3b42e5eda', 'client_host': 'testclient', 'method': 'GET', 'path': '/api/v1/remediation/suggestions'}
2026-05-18 05:59:12.712 | INFO     | app.middleware.logging:dispatch:45 [ACCESS] - HTTP GET /api/v1/remediation/suggestions - 200 in 0.0069s | Context: {'request_id': '4c3247ca-d75e-4c54-a428-40e3b42e5eda', 'client_host': 'testclient', 'method': 'GET', 'path': '/api/v1/remediation/suggestions', 'status_code': 200, 'duration': 0.0069}
2026-05-18 05:59:12.745 | INFO     | app.middleware.logging:dispatch:26 [ACCESS] - HTTP GET /api/v1/remediation/suggestions - Initiated from testclient | Context: {'request_id': '58db3480-fbbf-4936-967e-e6cb6a2247ec', 'client_host': 'testclient', 'method': 'GET', 'path': '/api/v1/remediation/suggestions'}
2026-05-18 05:59:12.753 | INFO     | app.middleware.logging:dispatch:45 [ACCESS] - HTTP GET /api/v1/remediation/suggestions - 200 in 0.0079s | Context: {'request_id': '58db3480-fbbf-4936-967e-e6cb6a2247ec', 'client_host': 'testclient', 'method': 'GET', 'path': '/api/v1/remediation/suggestions', 'status_code': 200, 'duration': 0.0079}
2026-05-18 05:59:12.759 | INFO     | app.middleware.logging:dispatch:26 [ACCESS] - HTTP POST /api/v1/remediation/suggestion/test-sugg-uuid-999/approve - Initiated from testclient | Context: {'request_id': '86355546-ab54-4b2b-b1f0-fb6f9eede79c', 'client_host': 'testclient', 'method': 'POST', 'path': '/api/v1/remediation/suggestion/test-sugg-uuid-999/approve'}
2026-05-18 05:59:12.783 | INFO     | app.middleware.logging:dispatch:45 [ACCESS] - HTTP POST /api/v1/remediation/suggestion/test-sugg-uuid-999/approve - 200 in 0.0239s | Context: {'request_id': '86355546-ab54-4b2b-b1f0-fb6f9eede79c', 'client_host': 'testclient', 'method': 'POST', 'path': '/api/v1/remediation/suggestion/test-sugg-uuid-999/approve', 'status_code': 200, 'duration': 0.0239}
2026-05-18 05:59:14.869 | INFO     | app.middleware.logging:dispatch:26 [ACCESS] - HTTP POST /api/v1/auth/login - Initiated from testclient | Context: {'request_id': 'bf9864e1-5572-467f-863a-a302bb84b66e', 'client_host': 'testclient', 'method': 'POST', 'path': '/api/v1/auth/login'}
2026-05-18 05:59:15.081 | INFO     | app.middleware.logging:dispatch:45 [ACCESS] - HTTP POST /api/v1/auth/login - 200 in 0.2118s | Context: {'request_id': 'bf9864e1-5572-467f-863a-a302bb84b66e', 'client_host': 'testclient', 'method': 'POST', 'path': '/api/v1/auth/login', 'status_code': 200, 'duration': 0.2118}
2026-05-18 05:59:15.086 | INFO     | app.middleware.logging:dispatch:26 [ACCESS] - HTTP GET /api/v1/analytics/dashboard - Initiated from testclient | Context: {'request_id': '8ef2c44f-6edb-4f7f-a246-859471ad4114', 'client_host': 'testclient', 'method': 'GET', 'path': '/api/v1/analytics/dashboard'}
2026-05-18 05:59:15.110 | INFO     | app.middleware.logging:dispatch:45 [ACCESS] - HTTP GET /api/v1/analytics/dashboard - 200 in 0.0240s | Context: {'request_id': '8ef2c44f-6edb-4f7f-a246-859471ad4114', 'client_host': 'testclient', 'method': 'GET', 'path': '/api/v1/analytics/dashboard', 'status_code': 200, 'duration': 0.024}
2026-05-18 05:59:37.689 | INFO     | app.middleware.logging:dispatch:26 [ACCESS] - HTTP GET /api/v1/ - Initiated from testclient | Context: {'request_id': '3674ec4b-f697-4c30-af9e-7973f9bb529c', 'client_host': 'testclient', 'method': 'GET', 'path': '/api/v1/'}
2026-05-18 05:59:37.697 | INFO     | app.middleware.logging:dispatch:45 [ACCESS] - HTTP GET /api/v1/ - 200 in 0.0077s | Context: {'request_id': '3674ec4b-f697-4c30-af9e-7973f9bb529c', 'client_host': 'testclient', 'method': 'GET', 'path': '/api/v1/', 'status_code': 200, 'duration': 0.0077}
2026-05-18 05:59:37.703 | INFO     | app.middleware.logging:dispatch:26 [ACCESS] - HTTP GET /api/v1/students - Initiated from testclient | Context: {'request_id': '098b54d7-e015-478e-8589-c13103b2de1a', 'client_host': 'testclient', 'method': 'GET', 'path': '/api/v1/students'}
2026-05-18 05:59:37.704 | WARNING  | app.middleware.logging:dispatch:43 [ACCESS] - HTTP GET /api/v1/students - 401 in 0.0011s | Context: {'request_id': '098b54d7-e015-478e-8589-c13103b2de1a', 'client_host': 'testclient', 'method': 'GET', 'path': '/api/v1/students', 'status_code': 401, 'duration': 0.0011}
2026-05-18 05:59:37.710 | INFO     | app.middleware.logging:dispatch:26 [ACCESS] - HTTP POST /api/v1/auth/login - Initiated from testclient | Context: {'request_id': 'e47b903e-aa7f-422d-af96-e3056f388e6b', 'client_host': 'testclient', 'method': 'POST', 'path': '/api/v1/auth/login'}
2026-05-18 05:59:38.151 | WARNING  | app.middleware.logging:dispatch:43 [ACCESS] - HTTP POST /api/v1/auth/login - 401 in 0.4417s | Context: {'request_id': 'e47b903e-aa7f-422d-af96-e3056f388e6b', 'client_host': 'testclient', 'method': 'POST', 'path': '/api/v1/auth/login', 'status_code': 401, 'duration': 0.4417}
2026-05-18 05:59:38.157 | INFO     | app.middleware.logging:dispatch:26 [ACCESS] - HTTP POST /api/v1/auth/register - Initiated from testclient | Context: {'request_id': '876919d1-9c96-459d-9756-42f1053c86a1', 'client_host': 'testclient', 'method': 'POST', 'path': '/api/v1/auth/register'}
2026-05-18 05:59:38.161 | WARNING  | app.middleware.exception_handlers:validation_exception_handler:49 [ACCESS] - Validation failed for request to /api/v1/auth/register: 3 validation errors:
  {'type': 'string_too_short', 'loc': ('body', 'username'), 'msg': 'String should have at least 3 characters', 'input': 'us', 'ctx': {'min_length': 3}}
  {'type': 'missing', 'loc': ('body', 'email'), 'msg': 'Field required', 'input': {'username': 'us', 'password': '123'}}
  {'type': 'string_too_short', 'loc': ('body', 'password'), 'msg': 'String should have at least 6 characters', 'input': '123', 'ctx': {'min_length': 6}}

  File "D:\ps_03\company-intelligence-platform\backend\app\routes\v1\auth_routes.py", line 21, in register
    POST /api/v1/auth/register | Context: {'request_id': '876919d1-9c96-459d-9756-42f1053c86a1', 'path': '/api/v1/auth/register', 'error_details': [{'field': 'username', 'issue': 'string_too_short', 'message': 'String should have at least 3 characters'}, {'field': 'email', 'issue': 'missing', 'message': 'Field required'}, {'field': 'password', 'issue': 'string_too_short', 'message': 'String should have at least 6 characters'}]}
2026-05-18 05:59:38.162 | WARNING  | app.middleware.logging:dispatch:43 [ACCESS] - HTTP POST /api/v1/auth/register - 422 in 0.0050s | Context: {'request_id': '876919d1-9c96-459d-9756-42f1053c86a1', 'client_host': 'testclient', 'method': 'POST', 'path': '/api/v1/auth/register', 'status_code': 422, 'duration': 0.005}
2026-05-18 05:59:38.168 | INFO     | app.middleware.logging:dispatch:26 [ACCESS] - HTTP POST /api/v1/auth/login - Initiated from testclient | Context: {'request_id': '090a747d-7baa-4851-aef9-fc3286ddb2f7', 'client_host': 'testclient', 'method': 'POST', 'path': '/api/v1/auth/login'}
2026-05-18 05:59:38.403 | INFO     | app.middleware.logging:dispatch:45 [ACCESS] - HTTP POST /api/v1/auth/login - 200 in 0.2353s | Context: {'request_id': '090a747d-7baa-4851-aef9-fc3286ddb2f7', 'client_host': 'testclient', 'method': 'POST', 'path': '/api/v1/auth/login', 'status_code': 200, 'duration': 0.2353}
2026-05-18 05:59:38.409 | INFO     | app.middleware.logging:dispatch:26 [ACCESS] - HTTP GET /api/v1/students - Initiated from testclient | Context: {'request_id': 'daa3ad21-3a36-43d9-a7f8-9d84c68511f5', 'client_host': 'testclient', 'method': 'GET', 'path': '/api/v1/students'}
2026-05-18 05:59:38.446 | INFO     | app.middleware.logging:dispatch:45 [ACCESS] - HTTP GET /api/v1/students - 200 in 0.0366s | Context: {'request_id': 'daa3ad21-3a36-43d9-a7f8-9d84c68511f5', 'client_host': 'testclient', 'method': 'GET', 'path': '/api/v1/students', 'status_code': 200, 'duration': 0.0366}
2026-05-18 05:59:38.452 | INFO     | app.middleware.logging:dispatch:26 [ACCESS] - HTTP POST /api/v1/auth/login - Initiated from testclient | Context: {'request_id': 'e03b32db-16fc-401c-afc9-71a919bf072a', 'client_host': 'testclient', 'method': 'POST', 'path': '/api/v1/auth/login'}
2026-05-18 05:59:38.669 | INFO     | app.middleware.logging:dispatch:45 [ACCESS] - HTTP POST /api/v1/auth/login - 200 in 0.2167s | Context: {'request_id': 'e03b32db-16fc-401c-afc9-71a919bf072a', 'client_host': 'testclient', 'method': 'POST', 'path': '/api/v1/auth/login', 'status_code': 200, 'duration': 0.2167}
2026-05-18 05:59:38.675 | INFO     | app.middleware.logging:dispatch:26 [ACCESS] - HTTP GET /api/v1/students - Initiated from testclient | Context: {'request_id': 'e5e72917-972b-4937-ba21-8a01b50dd6ab', 'client_host': 'testclient', 'method': 'GET', 'path': '/api/v1/students'}
2026-05-18 05:59:38.702 | INFO     | app.middleware.logging:dispatch:45 [ACCESS] - HTTP GET /api/v1/students - 200 in 0.0271s | Context: {'request_id': 'e5e72917-972b-4937-ba21-8a01b50dd6ab', 'client_host': 'testclient', 'method': 'GET', 'path': '/api/v1/students', 'status_code': 200, 'duration': 0.0271}
2026-05-18 05:59:38.708 | INFO     | app.middleware.logging:dispatch:26 [ACCESS] - HTTP GET /api/v1/students - Initiated from testclient | Context: {'request_id': '8eb6d62f-034c-44a2-9abb-48ade69ee174', 'client_host': 'testclient', 'method': 'GET', 'path': '/api/v1/students'}
2026-05-18 05:59:38.740 | INFO     | app.middleware.logging:dispatch:45 [ACCESS] - HTTP GET /api/v1/students - 200 in 0.0324s | Context: {'request_id': '8eb6d62f-034c-44a2-9abb-48ade69ee174', 'client_host': 'testclient', 'method': 'GET', 'path': '/api/v1/students', 'status_code': 200, 'duration': 0.0324}
2026-05-18 05:59:38.747 | INFO     | app.middleware.logging:dispatch:26 [ACCESS] - HTTP GET /api/v1/students - Initiated from testclient | Context: {'request_id': '6f631cf9-6bb4-4217-9345-d2d7f48f4567', 'client_host': 'testclient', 'method': 'GET', 'path': '/api/v1/students'}
2026-05-18 05:59:38.780 | INFO     | app.middleware.logging:dispatch:45 [ACCESS] - HTTP GET /api/v1/students - 200 in 0.0326s | Context: {'request_id': '6f631cf9-6bb4-4217-9345-d2d7f48f4567', 'client_host': 'testclient', 'method': 'GET', 'path': '/api/v1/students', 'status_code': 200, 'duration': 0.0326}
2026-05-18 05:59:38.787 | INFO     | app.middleware.logging:dispatch:26 [ACCESS] - HTTP GET /api/v1/students - Initiated from testclient | Context: {'request_id': '609f0d5d-8de6-408f-9b38-e11a48a1b3ef', 'client_host': 'testclient', 'method': 'GET', 'path': '/api/v1/students'}
2026-05-18 05:59:38.817 | INFO     | app.middleware.logging:dispatch:45 [ACCESS] - HTTP GET /api/v1/students - 200 in 0.0294s | Context: {'request_id': '609f0d5d-8de6-408f-9b38-e11a48a1b3ef', 'client_host': 'testclient', 'method': 'GET', 'path': '/api/v1/students', 'status_code': 200, 'duration': 0.0294}
2026-05-18 05:59:38.825 | INFO     | app.middleware.logging:dispatch:26 [ACCESS] - HTTP GET /api/v1/students - Initiated from testclient | Context: {'request_id': '46579959-dd9a-4d72-823d-09c88f2fa6f9', 'client_host': 'testclient', 'method': 'GET', 'path': '/api/v1/students'}
2026-05-18 05:59:38.829 | WARNING  | app.middleware.logging:dispatch:43 [ACCESS] - HTTP GET /api/v1/students - 429 in 0.0040s | Context: {'request_id': '46579959-dd9a-4d72-823d-09c88f2fa6f9', 'client_host': 'testclient', 'method': 'GET', 'path': '/api/v1/students', 'status_code': 429, 'duration': 0.004}
2026-05-18 05:59:38.836 | INFO     | app.middleware.logging:dispatch:26 [ACCESS] - HTTP GET /api/v1/remediation/suggestions - Initiated from testclient | Context: {'request_id': 'ca22007d-bf37-4ed8-b640-3b87db807c90', 'client_host': 'testclient', 'method': 'GET', 'path': '/api/v1/remediation/suggestions'}
2026-05-18 05:59:38.842 | INFO     | app.middleware.logging:dispatch:45 [ACCESS] - HTTP GET /api/v1/remediation/suggestions - 200 in 0.0062s | Context: {'request_id': 'ca22007d-bf37-4ed8-b640-3b87db807c90', 'client_host': 'testclient', 'method': 'GET', 'path': '/api/v1/remediation/suggestions', 'status_code': 200, 'duration': 0.0062}
2026-05-18 05:59:38.876 | INFO     | app.middleware.logging:dispatch:26 [ACCESS] - HTTP GET /api/v1/remediation/suggestions - Initiated from testclient | Context: {'request_id': 'fee521e3-5ecf-4c88-ae01-b1b962a53d34', 'client_host': 'testclient', 'method': 'GET', 'path': '/api/v1/remediation/suggestions'}
2026-05-18 05:59:38.883 | INFO     | app.middleware.logging:dispatch:45 [ACCESS] - HTTP GET /api/v1/remediation/suggestions - 200 in 0.0070s | Context: {'request_id': 'fee521e3-5ecf-4c88-ae01-b1b962a53d34', 'client_host': 'testclient', 'method': 'GET', 'path': '/api/v1/remediation/suggestions', 'status_code': 200, 'duration': 0.007}
2026-05-18 05:59:38.889 | INFO     | app.middleware.logging:dispatch:26 [ACCESS] - HTTP POST /api/v1/remediation/suggestion/test-sugg-uuid-999/approve - Initiated from testclient | Context: {'request_id': 'c31e707c-d97e-47d5-abce-9c5e76b58de5', 'client_host': 'testclient', 'method': 'POST', 'path': '/api/v1/remediation/suggestion/test-sugg-uuid-999/approve'}
2026-05-18 05:59:38.909 | INFO     | app.middleware.logging:dispatch:45 [ACCESS] - HTTP POST /api/v1/remediation/suggestion/test-sugg-uuid-999/approve - 200 in 0.0198s | Context: {'request_id': 'c31e707c-d97e-47d5-abce-9c5e76b58de5', 'client_host': 'testclient', 'method': 'POST', 'path': '/api/v1/remediation/suggestion/test-sugg-uuid-999/approve', 'status_code': 200, 'duration': 0.0198}
2026-05-18 05:59:41.001 | INFO     | app.middleware.logging:dispatch:26 [ACCESS] - HTTP POST /api/v1/auth/login - Initiated from testclient | Context: {'request_id': '3a155b65-4752-4994-ba0d-a50802e43e6f', 'client_host': 'testclient', 'method': 'POST', 'path': '/api/v1/auth/login'}
2026-05-18 05:59:41.211 | INFO     | app.middleware.logging:dispatch:45 [ACCESS] - HTTP POST /api/v1/auth/login - 200 in 0.2105s | Context: {'request_id': '3a155b65-4752-4994-ba0d-a50802e43e6f', 'client_host': 'testclient', 'method': 'POST', 'path': '/api/v1/auth/login', 'status_code': 200, 'duration': 0.2105}
2026-05-18 05:59:41.218 | INFO     | app.middleware.logging:dispatch:26 [ACCESS] - HTTP GET /api/v1/analytics/dashboard - Initiated from testclient | Context: {'request_id': 'df037186-9310-43ed-b631-74ba9d5ca016', 'client_host': 'testclient', 'method': 'GET', 'path': '/api/v1/analytics/dashboard'}
2026-05-18 05:59:41.239 | INFO     | app.middleware.logging:dispatch:45 [ACCESS] - HTTP GET /api/v1/analytics/dashboard - 200 in 0.0214s | Context: {'request_id': 'df037186-9310-43ed-b631-74ba9d5ca016', 'client_host': 'testclient', 'method': 'GET', 'path': '/api/v1/analytics/dashboard', 'status_code': 200, 'duration': 0.0214}
2026-05-18 09:25:28.066 | INFO     | app.middleware.logging:dispatch:26 [ACCESS] - HTTP POST /api/auth/login - Initiated from testclient | Context: {'request_id': 'b7d83579-f503-48ae-a220-b93f76be49c2', 'client_host': 'testclient', 'method': 'POST', 'path': '/api/auth/login'}
2026-05-18 09:25:28.719 | INFO     | app.middleware.logging:dispatch:45 [ACCESS] - HTTP POST /api/auth/login - 200 in 0.6535s | Context: {'request_id': 'b7d83579-f503-48ae-a220-b93f76be49c2', 'client_host': 'testclient', 'method': 'POST', 'path': '/api/auth/login', 'status_code': 200, 'duration': 0.6535}
2026-05-18 09:25:55.842 | INFO     | app.middleware.logging:dispatch:26 [ACCESS] - HTTP POST /api/auth/login - Initiated from testclient | Context: {'request_id': '92d934da-1773-42d9-b789-885d9511de99', 'client_host': 'testclient', 'method': 'POST', 'path': '/api/auth/login'}
2026-05-18 09:25:56.286 | INFO     | app.middleware.logging:dispatch:45 [ACCESS] - HTTP POST /api/auth/login - 200 in 0.4443s | Context: {'request_id': '92d934da-1773-42d9-b789-885d9511de99', 'client_host': 'testclient', 'method': 'POST', 'path': '/api/auth/login', 'status_code': 200, 'duration': 0.4443}
2026-05-18 09:26:22.277 | INFO     | app.middleware.logging:dispatch:26 [ACCESS] - HTTP POST /api/auth/login - Initiated from testclient | Context: {'request_id': '534b8267-7fce-4184-8469-3882730c8301', 'client_host': 'testclient', 'method': 'POST', 'path': '/api/auth/login'}
2026-05-18 09:26:22.772 | INFO     | app.middleware.logging:dispatch:45 [ACCESS] - HTTP POST /api/auth/login - 200 in 0.4956s | Context: {'request_id': '534b8267-7fce-4184-8469-3882730c8301', 'client_host': 'testclient', 'method': 'POST', 'path': '/api/auth/login', 'status_code': 200, 'duration': 0.4956}
2026-05-18 09:26:48.541 | INFO     | app.middleware.logging:dispatch:26 [ACCESS] - HTTP POST /api/auth/login - Initiated from testclient | Context: {'request_id': '4ccdab1c-dd28-4e24-a1c7-a031cd731c77', 'client_host': 'testclient', 'method': 'POST', 'path': '/api/auth/login'}
2026-05-18 09:26:49.015 | INFO     | app.middleware.logging:dispatch:45 [ACCESS] - HTTP POST /api/auth/login - 200 in 0.4741s | Context: {'request_id': '4ccdab1c-dd28-4e24-a1c7-a031cd731c77', 'client_host': 'testclient', 'method': 'POST', 'path': '/api/auth/login', 'status_code': 200, 'duration': 0.4741}
2026-05-18 09:27:22.180 | INFO     | app.middleware.logging:dispatch:26 [ACCESS] - HTTP POST /api/auth/login - Initiated from testclient | Context: {'request_id': 'bc168edb-5813-4865-8d6a-398658574870', 'client_host': 'testclient', 'method': 'POST', 'path': '/api/auth/login'}
2026-05-18 09:27:22.855 | INFO     | app.middleware.logging:dispatch:45 [ACCESS] - HTTP POST /api/auth/login - 200 in 0.6756s | Context: {'request_id': 'bc168edb-5813-4865-8d6a-398658574870', 'client_host': 'testclient', 'method': 'POST', 'path': '/api/auth/login', 'status_code': 200, 'duration': 0.6756}
2026-05-18 09:28:05.631 | INFO     | app.middleware.logging:dispatch:26 [ACCESS] - HTTP POST /api/auth/login - Initiated from testclient | Context: {'request_id': '93627e77-44a3-4f5e-a513-ae2fb3bb2beb', 'client_host': 'testclient', 'method': 'POST', 'path': '/api/auth/login'}
2026-05-18 09:28:06.084 | INFO     | app.middleware.logging:dispatch:45 [ACCESS] - HTTP POST /api/auth/login - 200 in 0.4531s | Context: {'request_id': '93627e77-44a3-4f5e-a513-ae2fb3bb2beb', 'client_host': 'testclient', 'method': 'POST', 'path': '/api/auth/login', 'status_code': 200, 'duration': 0.4531}
2026-05-18 09:29:20.105 | INFO     | app.middleware.logging:dispatch:26 [ACCESS] - HTTP POST /api/auth/login - Initiated from testclient | Context: {'request_id': '54313278-b89a-47c3-b67b-5e15815622d1', 'client_host': 'testclient', 'method': 'POST', 'path': '/api/auth/login'}
2026-05-18 09:29:20.435 | INFO     | app.middleware.logging:dispatch:45 [ACCESS] - HTTP POST /api/auth/login - 200 in 0.3303s | Context: {'request_id': '54313278-b89a-47c3-b67b-5e15815622d1', 'client_host': 'testclient', 'method': 'POST', 'path': '/api/auth/login', 'status_code': 200, 'duration': 0.3303}
2026-05-18 09:39:33.498 | INFO     | app.middleware.logging:dispatch:26 [ACCESS] - HTTP GET /health - Initiated from 127.0.0.1 | Context: {'request_id': '328b71e9-5b4a-44d7-832e-16e83c5274b7', 'client_host': '127.0.0.1', 'method': 'GET', 'path': '/health'}
2026-05-18 09:39:40.109 | INFO     | app.middleware.logging:dispatch:26 [ACCESS] - HTTP GET /health - Initiated from 127.0.0.1 | Context: {'request_id': '84095d96-6493-4464-af16-68fb709daf0c', 'client_host': '127.0.0.1', 'method': 'GET', 'path': '/health'}
2026-05-18 09:39:40.111 | INFO     | app.middleware.logging:dispatch:26 [ACCESS] - HTTP GET /health - Initiated from 127.0.0.1 | Context: {'request_id': '2c3df426-6ae1-4028-a09f-036f1541bdb8', 'client_host': '127.0.0.1', 'method': 'GET', 'path': '/health'}
2026-05-18 09:39:40.112 | INFO     | app.middleware.logging:dispatch:45 [ACCESS] - HTTP GET /health - 200 in 6.6142s | Context: {'request_id': '328b71e9-5b4a-44d7-832e-16e83c5274b7', 'client_host': '127.0.0.1', 'method': 'GET', 'path': '/health', 'status_code': 200, 'duration': 6.6142}
2026-05-18 09:39:40.112 | INFO     | app.middleware.logging:dispatch:26 [ACCESS] - HTTP GET /health - Initiated from 127.0.0.1 | Context: {'request_id': '02bb3db0-59fe-4727-b26a-4b587c7856a4', 'client_host': '127.0.0.1', 'method': 'GET', 'path': '/health'}
2026-05-18 09:39:54.093 | INFO     | app.middleware.logging:dispatch:26 [ACCESS] - HTTP GET /health - Initiated from 127.0.0.1 | Context: {'request_id': '702a84e2-d35d-419a-b0d5-889b0c8c07ba', 'client_host': '127.0.0.1', 'method': 'GET', 'path': '/health'}
2026-05-18 09:40:00.659 | INFO     | app.middleware.logging:dispatch:26 [ACCESS] - HTTP GET /health - Initiated from 127.0.0.1 | Context: {'request_id': 'dd6422a0-9784-4a4a-91e4-43efd403e1b5', 'client_host': '127.0.0.1', 'method': 'GET', 'path': '/health'}
2026-05-18 09:40:00.660 | INFO     | app.middleware.logging:dispatch:45 [ACCESS] - HTTP GET /health - 200 in 20.5498s | Context: {'request_id': '2c3df426-6ae1-4028-a09f-036f1541bdb8', 'client_host': '127.0.0.1', 'method': 'GET', 'path': '/health', 'status_code': 200, 'duration': 20.5498}
2026-05-18 09:40:00.661 | INFO     | app.middleware.logging:dispatch:26 [ACCESS] - HTTP GET /health - Initiated from 127.0.0.1 | Context: {'request_id': 'add22292-7c31-4d90-aed8-f27198649d6c', 'client_host': '127.0.0.1', 'method': 'GET', 'path': '/health'}
2026-05-18 09:40:00.664 | INFO     | app.middleware.logging:dispatch:26 [ACCESS] - HTTP GET /health - Initiated from 127.0.0.1 | Context: {'request_id': '79ad53de-658d-48ff-a162-3a5731a7addf', 'client_host': '127.0.0.1', 'method': 'GET', 'path': '/health'}
2026-05-18 09:40:00.665 | INFO     | app.middleware.logging:dispatch:26 [ACCESS] - HTTP GET /health - Initiated from 127.0.0.1 | Context: {'request_id': '59e3c540-56e4-4067-b870-97a0a5de5eb3', 'client_host': '127.0.0.1', 'method': 'GET', 'path': '/health'}
2026-05-18 09:40:00.667 | INFO     | app.middleware.logging:dispatch:45 [ACCESS] - HTTP GET /health - 200 in 20.5587s | Context: {'request_id': '84095d96-6493-4464-af16-68fb709daf0c', 'client_host': '127.0.0.1', 'method': 'GET', 'path': '/health', 'status_code': 200, 'duration': 20.5587}
2026-05-18 09:40:00.668 | INFO     | app.middleware.logging:dispatch:26 [ACCESS] - HTTP GET /health - Initiated from 127.0.0.1 | Context: {'request_id': '0b2aba91-c48d-4d18-84fa-2b01b864d258', 'client_host': '127.0.0.1', 'method': 'GET', 'path': '/health'}
2026-05-18 09:40:00.669 | INFO     | app.middleware.logging:dispatch:45 [ACCESS] - HTTP GET /health - 200 in 20.5587s | Context: {'request_id': '02bb3db0-59fe-4727-b26a-4b587c7856a4', 'client_host': '127.0.0.1', 'method': 'GET', 'path': '/health', 'status_code': 200, 'duration': 20.5587}
2026-05-18 09:40:00.670 | INFO     | app.middleware.logging:dispatch:26 [ACCESS] - HTTP GET /health - Initiated from 127.0.0.1 | Context: {'request_id': 'f6ccd04b-d18f-4fbf-a0e2-80d196b53aad', 'client_host': '127.0.0.1', 'method': 'GET', 'path': '/health'}
2026-05-18 09:40:00.672 | INFO     | app.middleware.logging:dispatch:26 [ACCESS] - HTTP GET /health - Initiated from 127.0.0.1 | Context: {'request_id': '418eb447-9afe-4d38-8f8b-95781012ba04', 'client_host': '127.0.0.1', 'method': 'GET', 'path': '/health'}
2026-05-18 09:40:00.674 | INFO     | app.middleware.logging:dispatch:26 [ACCESS] - HTTP GET /health - Initiated from 127.0.0.1 | Context: {'request_id': 'dc560eb4-b17e-4838-9db6-9b8ac78b4c9c', 'client_host': '127.0.0.1', 'method': 'GET', 'path': '/health'}
2026-05-18 09:40:00.675 | INFO     | app.middleware.logging:dispatch:26 [ACCESS] - HTTP GET /health - Initiated from 127.0.0.1 | Context: {'request_id': 'abb68326-764c-4c38-b45b-42a002657241', 'client_host': '127.0.0.1', 'method': 'GET', 'path': '/health'}
2026-05-18 09:40:40.819 | INFO     | app.middleware.logging:dispatch:26 [ACCESS] - HTTP GET /health - Initiated from 127.0.0.1 | Context: {'request_id': '56428610-1d81-404a-9d93-291071bf2899', 'client_host': '127.0.0.1', 'method': 'GET', 'path': '/health'}
2026-05-18 09:40:47.444 | INFO     | app.middleware.logging:dispatch:26 [ACCESS] - HTTP GET /health - Initiated from 127.0.0.1 | Context: {'request_id': '5b73e5dc-be3c-46bc-8aff-8656eb86b65b', 'client_host': '127.0.0.1', 'method': 'GET', 'path': '/health'}
2026-05-18 09:40:47.447 | INFO     | app.middleware.logging:dispatch:26 [ACCESS] - HTTP GET /health - Initiated from 127.0.0.1 | Context: {'request_id': '413ab670-365a-48c6-afa0-e37df0376bc4', 'client_host': '127.0.0.1', 'method': 'GET', 'path': '/health'}
2026-05-18 09:40:47.448 | INFO     | app.middleware.logging:dispatch:45 [ACCESS] - HTTP GET /health - 200 in 6.6287s | Context: {'request_id': '56428610-1d81-404a-9d93-291071bf2899', 'client_host': '127.0.0.1', 'method': 'GET', 'path': '/health', 'status_code': 200, 'duration': 6.6287}
2026-05-18 09:40:47.449 | INFO     | app.middleware.logging:dispatch:26 [ACCESS] - HTTP GET /health - Initiated from 127.0.0.1 | Context: {'request_id': '6f0b9b25-6fd8-4179-a7c0-0c1a02816845', 'client_host': '127.0.0.1', 'method': 'GET', 'path': '/health'}
2026-05-18 09:41:07.107 | INFO     | app.middleware.logging:dispatch:26 [ACCESS] - HTTP GET /health - Initiated from 127.0.0.1 | Context: {'request_id': '63a54e9d-b587-4f35-a2c5-e886e23499b2', 'client_host': '127.0.0.1', 'method': 'GET', 'path': '/health'}
2026-05-18 09:41:07.108 | INFO     | app.middleware.logging:dispatch:26 [ACCESS] - HTTP GET /health - Initiated from 127.0.0.1 | Context: {'request_id': '20f55487-3288-49a7-b892-761fd0e173ae', 'client_host': '127.0.0.1', 'method': 'GET', 'path': '/health'}
2026-05-18 09:41:07.109 | INFO     | app.middleware.logging:dispatch:45 [ACCESS] - HTTP GET /health - 200 in 19.6629s | Context: {'request_id': '413ab670-365a-48c6-afa0-e37df0376bc4', 'client_host': '127.0.0.1', 'method': 'GET', 'path': '/health', 'status_code': 200, 'duration': 19.6629}
2026-05-18 09:41:07.110 | INFO     | app.middleware.logging:dispatch:26 [ACCESS] - HTTP GET /health - Initiated from 127.0.0.1 | Context: {'request_id': 'b2a7df92-60a9-4389-8098-004f1f442b6a', 'client_host': '127.0.0.1', 'method': 'GET', 'path': '/health'}
2026-05-18 09:41:07.111 | INFO     | app.middleware.logging:dispatch:26 [ACCESS] - HTTP GET /health - Initiated from 127.0.0.1 | Context: {'request_id': '6ee5209b-6f2a-4b07-b088-fc61ac713458', 'client_host': '127.0.0.1', 'method': 'GET', 'path': '/health'}
2026-05-18 09:41:07.112 | INFO     | app.middleware.logging:dispatch:45 [ACCESS] - HTTP GET /health - 200 in 19.6685s | Context: {'request_id': '5b73e5dc-be3c-46bc-8aff-8656eb86b65b', 'client_host': '127.0.0.1', 'method': 'GET', 'path': '/health', 'status_code': 200, 'duration': 19.6685}
2026-05-18 09:41:07.113 | INFO     | app.middleware.logging:dispatch:26 [ACCESS] - HTTP GET /health - Initiated from 127.0.0.1 | Context: {'request_id': 'b886c574-afbc-4f40-8ed6-2ab7e67ad989', 'client_host': '127.0.0.1', 'method': 'GET', 'path': '/health'}
2026-05-18 09:41:07.115 | INFO     | app.middleware.logging:dispatch:26 [ACCESS] - HTTP GET /health - Initiated from 127.0.0.1 | Context: {'request_id': 'f9ff9312-d6f4-4fee-ab1c-fd0a79ffaa6a', 'client_host': '127.0.0.1', 'method': 'GET', 'path': '/health'}
2026-05-18 09:41:07.116 | INFO     | app.middleware.logging:dispatch:45 [ACCESS] - HTTP GET /health - 200 in 19.6689s | Context: {'request_id': '6f0b9b25-6fd8-4179-a7c0-0c1a02816845', 'client_host': '127.0.0.1', 'method': 'GET', 'path': '/health', 'status_code': 200, 'duration': 19.6689}
2026-05-18 09:41:07.117 | INFO     | app.middleware.logging:dispatch:26 [ACCESS] - HTTP GET /health - Initiated from 127.0.0.1 | Context: {'request_id': 'b225d42a-09a2-4a43-b588-2019e3cd1df1', 'client_host': '127.0.0.1', 'method': 'GET', 'path': '/health'}
2026-05-18 09:41:07.118 | INFO     | app.middleware.logging:dispatch:26 [ACCESS] - HTTP GET /health - Initiated from 127.0.0.1 | Context: {'request_id': '53fa2228-804a-4c2e-8e8d-20395c5906bf', 'client_host': '127.0.0.1', 'method': 'GET', 'path': '/health'}
2026-05-18 09:41:07.120 | INFO     | app.middleware.logging:dispatch:26 [ACCESS] - HTTP GET /health - Initiated from 127.0.0.1 | Context: {'request_id': 'd6bbf3af-f9b2-4ae2-ad37-c1ecd475f156', 'client_host': '127.0.0.1', 'method': 'GET', 'path': '/health'}
2026-05-18 09:41:07.140 | INFO     | app.middleware.logging:dispatch:26 [ACCESS] - HTTP GET /health - Initiated from 127.0.0.1 | Context: {'request_id': '2cff3def-9c2d-4476-bb32-28eddb40fbf1', 'client_host': '127.0.0.1', 'method': 'GET', 'path': '/health'}
2026-05-18 09:41:48.505 | INFO     | app.middleware.logging:dispatch:26 [ACCESS] - HTTP GET /api/v1/placement-agent/health - Initiated from 127.0.0.1 | Context: {'request_id': 'ebfac52e-b0da-4967-bc6d-6293a9a51a71', 'client_host': '127.0.0.1', 'method': 'GET', 'path': '/api/v1/placement-agent/health'}
2026-05-18 09:41:48.506 | WARNING  | app.middleware.logging:dispatch:43 [ACCESS] - HTTP GET /api/v1/placement-agent/health - 401 in 0.0013s | Context: {'request_id': 'ebfac52e-b0da-4967-bc6d-6293a9a51a71', 'client_host': '127.0.0.1', 'method': 'GET', 'path': '/api/v1/placement-agent/health', 'status_code': 401, 'duration': 0.0013}
2026-05-18 09:41:48.507 | INFO     | logging:callHandlers:1737 [ACCESS] - 127.0.0.1:50413 - "GET /api/v1/placement-agent/health HTTP/1.1" 401
2026-05-18 09:41:49.525 | INFO     | app.middleware.logging:dispatch:26 [ACCESS] - HTTP GET /api/v1/placement-agent/health - Initiated from 127.0.0.1 | Context: {'request_id': '368d8dc1-fdd8-4acd-86e8-35f031ed7bd0', 'client_host': '127.0.0.1', 'method': 'GET', 'path': '/api/v1/placement-agent/health'}
2026-05-18 09:41:49.527 | WARNING  | app.middleware.logging:dispatch:43 [ACCESS] - HTTP GET /api/v1/placement-agent/health - 401 in 0.0017s | Context: {'request_id': '368d8dc1-fdd8-4acd-86e8-35f031ed7bd0', 'client_host': '127.0.0.1', 'method': 'GET', 'path': '/api/v1/placement-agent/health', 'status_code': 401, 'duration': 0.0017}
2026-05-18 09:41:49.528 | INFO     | logging:callHandlers:1737 [ACCESS] - 127.0.0.1:50416 - "GET /api/v1/placement-agent/health HTTP/1.1" 401
2026-05-18 09:41:50.559 | INFO     | app.middleware.logging:dispatch:26 [ACCESS] - HTTP GET /api/v1/placement-agent/health - Initiated from 127.0.0.1 | Context: {'request_id': 'b216f1e9-46f8-4dbc-bfba-a5680c758f6f', 'client_host': '127.0.0.1', 'method': 'GET', 'path': '/api/v1/placement-agent/health'}
2026-05-18 09:41:50.560 | WARNING  | app.middleware.logging:dispatch:43 [ACCESS] - HTTP GET /api/v1/placement-agent/health - 401 in 0.0009s | Context: {'request_id': 'b216f1e9-46f8-4dbc-bfba-a5680c758f6f', 'client_host': '127.0.0.1', 'method': 'GET', 'path': '/api/v1/placement-agent/health', 'status_code': 401, 'duration': 0.0009}
2026-05-18 09:41:50.561 | INFO     | logging:callHandlers:1737 [ACCESS] - 127.0.0.1:50417 - "GET /api/v1/placement-agent/health HTTP/1.1" 401
2026-05-18 09:41:51.584 | INFO     | app.middleware.logging:dispatch:26 [ACCESS] - HTTP GET /api/v1/placement-agent/health - Initiated from 127.0.0.1 | Context: {'request_id': 'b7257496-a8e9-4a9c-9b74-7c8ede14782c', 'client_host': '127.0.0.1', 'method': 'GET', 'path': '/api/v1/placement-agent/health'}
2026-05-18 09:41:51.586 | WARNING  | app.middleware.logging:dispatch:43 [ACCESS] - HTTP GET /api/v1/placement-agent/health - 401 in 0.0015s | Context: {'request_id': 'b7257496-a8e9-4a9c-9b74-7c8ede14782c', 'client_host': '127.0.0.1', 'method': 'GET', 'path': '/api/v1/placement-agent/health', 'status_code': 401, 'duration': 0.0015}
2026-05-18 09:41:51.587 | INFO     | logging:callHandlers:1737 [ACCESS] - 127.0.0.1:50418 - "GET /api/v1/placement-agent/health HTTP/1.1" 401
2026-05-18 09:41:52.611 | INFO     | app.middleware.logging:dispatch:26 [ACCESS] - HTTP GET /api/v1/placement-agent/health - Initiated from 127.0.0.1 | Context: {'request_id': 'c3e9cf22-28e4-443b-9006-27c0d4719641', 'client_host': '127.0.0.1', 'method': 'GET', 'path': '/api/v1/placement-agent/health'}
2026-05-18 09:41:52.613 | WARNING  | app.middleware.logging:dispatch:43 [ACCESS] - HTTP GET /api/v1/placement-agent/health - 401 in 0.0019s | Context: {'request_id': 'c3e9cf22-28e4-443b-9006-27c0d4719641', 'client_host': '127.0.0.1', 'method': 'GET', 'path': '/api/v1/placement-agent/health', 'status_code': 401, 'duration': 0.0019}
2026-05-18 09:41:52.614 | INFO     | logging:callHandlers:1737 [ACCESS] - 127.0.0.1:50420 - "GET /api/v1/placement-agent/health HTTP/1.1" 401
2026-05-18 09:41:53.629 | INFO     | app.middleware.logging:dispatch:26 [ACCESS] - HTTP GET /api/v1/placement-agent/health - Initiated from 127.0.0.1 | Context: {'request_id': '104672aa-488f-4028-913a-572ab0ae2ca2', 'client_host': '127.0.0.1', 'method': 'GET', 'path': '/api/v1/placement-agent/health'}
2026-05-18 09:41:53.629 | WARNING  | app.middleware.logging:dispatch:43 [ACCESS] - HTTP GET /api/v1/placement-agent/health - 401 in 0.0009s | Context: {'request_id': '104672aa-488f-4028-913a-572ab0ae2ca2', 'client_host': '127.0.0.1', 'method': 'GET', 'path': '/api/v1/placement-agent/health', 'status_code': 401, 'duration': 0.0009}
2026-05-18 09:41:53.630 | INFO     | logging:callHandlers:1737 [ACCESS] - 127.0.0.1:50421 - "GET /api/v1/placement-agent/health HTTP/1.1" 401
2026-05-18 09:41:54.649 | INFO     | app.middleware.logging:dispatch:26 [ACCESS] - HTTP GET /api/v1/placement-agent/health - Initiated from 127.0.0.1 | Context: {'request_id': '312b7afb-78cb-42d6-ae42-66b651206c2a', 'client_host': '127.0.0.1', 'method': 'GET', 'path': '/api/v1/placement-agent/health'}
2026-05-18 09:41:54.650 | WARNING  | app.middleware.logging:dispatch:43 [ACCESS] - HTTP GET /api/v1/placement-agent/health - 401 in 0.0016s | Context: {'request_id': '312b7afb-78cb-42d6-ae42-66b651206c2a', 'client_host': '127.0.0.1', 'method': 'GET', 'path': '/api/v1/placement-agent/health', 'status_code': 401, 'duration': 0.0016}
2026-05-18 09:41:54.652 | INFO     | logging:callHandlers:1737 [ACCESS] - 127.0.0.1:50422 - "GET /api/v1/placement-agent/health HTTP/1.1" 401
2026-05-18 09:41:55.656 | INFO     | app.middleware.logging:dispatch:26 [ACCESS] - HTTP GET /api/v1/placement-agent/health - Initiated from 127.0.0.1 | Context: {'request_id': 'b5f1b021-442f-428e-978e-2f5b21e2bde6', 'client_host': '127.0.0.1', 'method': 'GET', 'path': '/api/v1/placement-agent/health'}
2026-05-18 09:41:55.657 | WARNING  | app.middleware.logging:dispatch:43 [ACCESS] - HTTP GET /api/v1/placement-agent/health - 401 in 0.0013s | Context: {'request_id': 'b5f1b021-442f-428e-978e-2f5b21e2bde6', 'client_host': '127.0.0.1', 'method': 'GET', 'path': '/api/v1/placement-agent/health', 'status_code': 401, 'duration': 0.0013}
2026-05-18 09:41:55.659 | INFO     | logging:callHandlers:1737 [ACCESS] - 127.0.0.1:50423 - "GET /api/v1/placement-agent/health HTTP/1.1" 401
2026-05-18 09:41:56.664 | INFO     | app.middleware.logging:dispatch:26 [ACCESS] - HTTP GET /api/v1/placement-agent/health - Initiated from 127.0.0.1 | Context: {'request_id': 'b39c5fd5-8c98-47e0-a3a8-5787189a812b', 'client_host': '127.0.0.1', 'method': 'GET', 'path': '/api/v1/placement-agent/health'}
2026-05-18 09:41:56.666 | WARNING  | app.middleware.logging:dispatch:43 [ACCESS] - HTTP GET /api/v1/placement-agent/health - 401 in 0.0015s | Context: {'request_id': 'b39c5fd5-8c98-47e0-a3a8-5787189a812b', 'client_host': '127.0.0.1', 'method': 'GET', 'path': '/api/v1/placement-agent/health', 'status_code': 401, 'duration': 0.0015}
2026-05-18 09:41:56.667 | INFO     | logging:callHandlers:1737 [ACCESS] - 127.0.0.1:50424 - "GET /api/v1/placement-agent/health HTTP/1.1" 401
2026-05-18 09:41:57.693 | INFO     | app.middleware.logging:dispatch:26 [ACCESS] - HTTP GET /api/v1/placement-agent/health - Initiated from 127.0.0.1 | Context: {'request_id': '46efe721-a2ae-4556-b48a-a6db023d3586', 'client_host': '127.0.0.1', 'method': 'GET', 'path': '/api/v1/placement-agent/health'}
2026-05-18 09:41:57.694 | WARNING  | app.middleware.logging:dispatch:43 [ACCESS] - HTTP GET /api/v1/placement-agent/health - 401 in 0.0012s | Context: {'request_id': '46efe721-a2ae-4556-b48a-a6db023d3586', 'client_host': '127.0.0.1', 'method': 'GET', 'path': '/api/v1/placement-agent/health', 'status_code': 401, 'duration': 0.0012}
2026-05-18 09:41:57.695 | INFO     | logging:callHandlers:1737 [ACCESS] - 127.0.0.1:50425 - "GET /api/v1/placement-agent/health HTTP/1.1" 401
2026-05-18 09:41:58.724 | INFO     | app.middleware.logging:dispatch:26 [ACCESS] - HTTP GET /api/v1/placement-agent/health - Initiated from 127.0.0.1 | Context: {'request_id': '29490cb2-7315-4864-ae83-48da5a4cf6f2', 'client_host': '127.0.0.1', 'method': 'GET', 'path': '/api/v1/placement-agent/health'}
2026-05-18 09:41:58.726 | WARNING  | app.middleware.logging:dispatch:43 [ACCESS] - HTTP GET /api/v1/placement-agent/health - 401 in 0.0022s | Context: {'request_id': '29490cb2-7315-4864-ae83-48da5a4cf6f2', 'client_host': '127.0.0.1', 'method': 'GET', 'path': '/api/v1/placement-agent/health', 'status_code': 401, 'duration': 0.0022}
2026-05-18 09:41:58.728 | INFO     | logging:callHandlers:1737 [ACCESS] - 127.0.0.1:50426 - "GET /api/v1/placement-agent/health HTTP/1.1" 401
2026-05-18 09:41:59.753 | INFO     | app.middleware.logging:dispatch:26 [ACCESS] - HTTP GET /api/v1/placement-agent/health - Initiated from 127.0.0.1 | Context: {'request_id': '0be64d24-078a-458d-8278-5fb2e44f482e', 'client_host': '127.0.0.1', 'method': 'GET', 'path': '/api/v1/placement-agent/health'}
2026-05-18 09:41:59.755 | WARNING  | app.middleware.logging:dispatch:43 [ACCESS] - HTTP GET /api/v1/placement-agent/health - 401 in 0.0024s | Context: {'request_id': '0be64d24-078a-458d-8278-5fb2e44f482e', 'client_host': '127.0.0.1', 'method': 'GET', 'path': '/api/v1/placement-agent/health', 'status_code': 401, 'duration': 0.0024}
2026-05-18 09:41:59.757 | INFO     | logging:callHandlers:1737 [ACCESS] - 127.0.0.1:50427 - "GET /api/v1/placement-agent/health HTTP/1.1" 401
2026-05-18 09:42:00.773 | INFO     | app.middleware.logging:dispatch:26 [ACCESS] - HTTP GET /api/v1/placement-agent/health - Initiated from 127.0.0.1 | Context: {'request_id': '78b27fef-240a-427a-b9b7-f03317690cab', 'client_host': '127.0.0.1', 'method': 'GET', 'path': '/api/v1/placement-agent/health'}
2026-05-18 09:42:00.775 | WARNING  | app.middleware.logging:dispatch:43 [ACCESS] - HTTP GET /api/v1/placement-agent/health - 401 in 0.0025s | Context: {'request_id': '78b27fef-240a-427a-b9b7-f03317690cab', 'client_host': '127.0.0.1', 'method': 'GET', 'path': '/api/v1/placement-agent/health', 'status_code': 401, 'duration': 0.0025}
2026-05-18 09:42:00.778 | INFO     | logging:callHandlers:1737 [ACCESS] - 127.0.0.1:50428 - "GET /api/v1/placement-agent/health HTTP/1.1" 401
2026-05-18 09:42:01.795 | INFO     | app.middleware.logging:dispatch:26 [ACCESS] - HTTP GET /api/v1/placement-agent/health - Initiated from 127.0.0.1 | Context: {'request_id': 'a8f15562-3d2d-4172-aece-6f9e252d5dbc', 'client_host': '127.0.0.1', 'method': 'GET', 'path': '/api/v1/placement-agent/health'}
2026-05-18 09:42:01.796 | WARNING  | app.middleware.logging:dispatch:43 [ACCESS] - HTTP GET /api/v1/placement-agent/health - 401 in 0.0009s | Context: {'request_id': 'a8f15562-3d2d-4172-aece-6f9e252d5dbc', 'client_host': '127.0.0.1', 'method': 'GET', 'path': '/api/v1/placement-agent/health', 'status_code': 401, 'duration': 0.0009}
2026-05-18 09:42:01.796 | INFO     | logging:callHandlers:1737 [ACCESS] - 127.0.0.1:50429 - "GET /api/v1/placement-agent/health HTTP/1.1" 401
2026-05-18 09:42:02.801 | INFO     | app.middleware.logging:dispatch:26 [ACCESS] - HTTP GET /api/v1/placement-agent/health - Initiated from 127.0.0.1 | Context: {'request_id': 'ff24feb5-a247-4c72-8c83-52c2055a4bd8', 'client_host': '127.0.0.1', 'method': 'GET', 'path': '/api/v1/placement-agent/health'}
2026-05-18 09:42:02.803 | WARNING  | app.middleware.logging:dispatch:43 [ACCESS] - HTTP GET /api/v1/placement-agent/health - 401 in 0.0024s | Context: {'request_id': 'ff24feb5-a247-4c72-8c83-52c2055a4bd8', 'client_host': '127.0.0.1', 'method': 'GET', 'path': '/api/v1/placement-agent/health', 'status_code': 401, 'duration': 0.0024}
2026-05-18 09:42:02.804 | INFO     | logging:callHandlers:1737 [ACCESS] - 127.0.0.1:50430 - "GET /api/v1/placement-agent/health HTTP/1.1" 401
2026-05-18 09:42:03.818 | INFO     | app.middleware.logging:dispatch:26 [ACCESS] - HTTP GET /api/v1/placement-agent/health - Initiated from 127.0.0.1 | Context: {'request_id': 'fcc38f50-e5e0-4cbd-8c03-07edddb60bab', 'client_host': '127.0.0.1', 'method': 'GET', 'path': '/api/v1/placement-agent/health'}
2026-05-18 09:42:03.821 | WARNING  | app.middleware.logging:dispatch:43 [ACCESS] - HTTP GET /api/v1/placement-agent/health - 401 in 0.0027s | Context: {'request_id': 'fcc38f50-e5e0-4cbd-8c03-07edddb60bab', 'client_host': '127.0.0.1', 'method': 'GET', 'path': '/api/v1/placement-agent/health', 'status_code': 401, 'duration': 0.0027}
2026-05-18 09:42:03.822 | INFO     | logging:callHandlers:1737 [ACCESS] - 127.0.0.1:50431 - "GET /api/v1/placement-agent/health HTTP/1.1" 401
2026-05-18 09:42:04.855 | INFO     | app.middleware.logging:dispatch:26 [ACCESS] - HTTP GET /api/v1/placement-agent/health - Initiated from 127.0.0.1 | Context: {'request_id': '52bc83f3-a85d-4e73-8441-ac2467213e0e', 'client_host': '127.0.0.1', 'method': 'GET', 'path': '/api/v1/placement-agent/health'}
2026-05-18 09:42:04.857 | WARNING  | app.middleware.logging:dispatch:43 [ACCESS] - HTTP GET /api/v1/placement-agent/health - 401 in 0.0032s | Context: {'request_id': '52bc83f3-a85d-4e73-8441-ac2467213e0e', 'client_host': '127.0.0.1', 'method': 'GET', 'path': '/api/v1/placement-agent/health', 'status_code': 401, 'duration': 0.0032}
2026-05-18 09:42:04.861 | INFO     | logging:callHandlers:1737 [ACCESS] - 127.0.0.1:50432 - "GET /api/v1/placement-agent/health HTTP/1.1" 401
2026-05-18 09:42:05.877 | INFO     | app.middleware.logging:dispatch:26 [ACCESS] - HTTP GET /api/v1/placement-agent/health - Initiated from 127.0.0.1 | Context: {'request_id': '3f6bf1ed-6946-4bfa-ba9b-aa77a135aeb4', 'client_host': '127.0.0.1', 'method': 'GET', 'path': '/api/v1/placement-agent/health'}
2026-05-18 09:42:05.879 | WARNING  | app.middleware.logging:dispatch:43 [ACCESS] - HTTP GET /api/v1/placement-agent/health - 401 in 0.0019s | Context: {'request_id': '3f6bf1ed-6946-4bfa-ba9b-aa77a135aeb4', 'client_host': '127.0.0.1', 'method': 'GET', 'path': '/api/v1/placement-agent/health', 'status_code': 401, 'duration': 0.0019}
2026-05-18 09:42:05.881 | INFO     | logging:callHandlers:1737 [ACCESS] - 127.0.0.1:50434 - "GET /api/v1/placement-agent/health HTTP/1.1" 401
2026-05-18 09:42:06.885 | INFO     | app.middleware.logging:dispatch:26 [ACCESS] - HTTP GET /api/v1/placement-agent/health - Initiated from 127.0.0.1 | Context: {'request_id': '57bc36de-dada-4785-91f0-aeb1debc07ea', 'client_host': '127.0.0.1', 'method': 'GET', 'path': '/api/v1/placement-agent/health'}
2026-05-18 09:42:06.886 | WARNING  | app.middleware.logging:dispatch:43 [ACCESS] - HTTP GET /api/v1/placement-agent/health - 401 in 0.0009s | Context: {'request_id': '57bc36de-dada-4785-91f0-aeb1debc07ea', 'client_host': '127.0.0.1', 'method': 'GET', 'path': '/api/v1/placement-agent/health', 'status_code': 401, 'duration': 0.0009}
2026-05-18 09:42:06.887 | INFO     | logging:callHandlers:1737 [ACCESS] - 127.0.0.1:50435 - "GET /api/v1/placement-agent/health HTTP/1.1" 401
2026-05-18 09:42:07.912 | INFO     | app.middleware.logging:dispatch:26 [ACCESS] - HTTP GET /api/v1/placement-agent/health - Initiated from 127.0.0.1 | Context: {'request_id': '567f4a68-6c8b-4d6d-b33e-bb52bfe20fa1', 'client_host': '127.0.0.1', 'method': 'GET', 'path': '/api/v1/placement-agent/health'}
2026-05-18 09:42:07.913 | WARNING  | app.middleware.logging:dispatch:43 [ACCESS] - HTTP GET /api/v1/placement-agent/health - 401 in 0.0010s | Context: {'request_id': '567f4a68-6c8b-4d6d-b33e-bb52bfe20fa1', 'client_host': '127.0.0.1', 'method': 'GET', 'path': '/api/v1/placement-agent/health', 'status_code': 401, 'duration': 0.001}
2026-05-18 09:42:07.915 | INFO     | logging:callHandlers:1737 [ACCESS] - 127.0.0.1:50438 - "GET /api/v1/placement-agent/health HTTP/1.1" 401
2026-05-18 09:42:08.919 | INFO     | app.middleware.logging:dispatch:26 [ACCESS] - HTTP GET /api/v1/placement-agent/health - Initiated from 127.0.0.1 | Context: {'request_id': '1af837f5-2604-495e-97d5-15fc80850248', 'client_host': '127.0.0.1', 'method': 'GET', 'path': '/api/v1/placement-agent/health'}
2026-05-18 09:42:58.193 | INFO     | app.middleware.logging:dispatch:26 [ACCESS] - HTTP GET /api/v1/placement-agent/health - Initiated from 127.0.0.1 | Context: {'request_id': '538b6664-08f5-46e1-a5c5-0de4cb015809', 'client_host': '127.0.0.1', 'method': 'GET', 'path': '/api/v1/placement-agent/health'}
2026-05-18 09:42:59.898 | INFO     | app.middleware.logging:dispatch:45 [ACCESS] - HTTP GET /api/v1/placement-agent/health - 200 in 1.7053s | Context: {'request_id': '538b6664-08f5-46e1-a5c5-0de4cb015809', 'client_host': '127.0.0.1', 'method': 'GET', 'path': '/api/v1/placement-agent/health', 'status_code': 200, 'duration': 1.7053}
2026-05-18 09:42:59.899 | INFO     | logging:callHandlers:1737 [ACCESS] - 127.0.0.1:52196 - "GET /api/v1/placement-agent/health HTTP/1.1" 200
2026-05-18 09:42:59.902 | INFO     | app.middleware.logging:dispatch:26 [ACCESS] - HTTP GET /api/v1/placement-agent/health - Initiated from 127.0.0.1 | Context: {'request_id': '8f43dcce-a47c-4d3b-8849-57a56cc20231', 'client_host': '127.0.0.1', 'method': 'GET', 'path': '/api/v1/placement-agent/health'}
2026-05-18 09:43:00.414 | INFO     | app.middleware.logging:dispatch:45 [ACCESS] - HTTP GET /api/v1/placement-agent/health - 200 in 0.5113s | Context: {'request_id': '8f43dcce-a47c-4d3b-8849-57a56cc20231', 'client_host': '127.0.0.1', 'method': 'GET', 'path': '/api/v1/placement-agent/health', 'status_code': 200, 'duration': 0.5113}
2026-05-18 09:43:00.415 | INFO     | logging:callHandlers:1737 [ACCESS] - 127.0.0.1:52197 - "GET /api/v1/placement-agent/health HTTP/1.1" 200
2026-05-18 09:43:00.419 | INFO     | app.middleware.logging:dispatch:26 [ACCESS] - HTTP GET /placement-agent/input_schema - Initiated from 127.0.0.1 | Context: {'request_id': 'b481541d-6467-4ef6-90ad-1bd7d5e900ff', 'client_host': '127.0.0.1', 'method': 'GET', 'path': '/placement-agent/input_schema'}
2026-05-18 09:43:00.424 | INFO     | app.middleware.logging:dispatch:45 [ACCESS] - HTTP GET /placement-agent/input_schema - 200 in 0.0054s | Context: {'request_id': 'b481541d-6467-4ef6-90ad-1bd7d5e900ff', 'client_host': '127.0.0.1', 'method': 'GET', 'path': '/placement-agent/input_schema', 'status_code': 200, 'duration': 0.0054}
2026-05-18 09:43:00.425 | INFO     | logging:callHandlers:1737 [ACCESS] - 127.0.0.1:52970 - "GET /placement-agent/input_schema HTTP/1.1" 200
2026-05-18 09:43:00.427 | INFO     | app.middleware.logging:dispatch:26 [ACCESS] - HTTP POST /api/v1/placement-agent/invoke - Initiated from 127.0.0.1 | Context: {'request_id': 'db219ac3-8374-45dc-986c-6a009a498855', 'client_host': '127.0.0.1', 'method': 'POST', 'path': '/api/v1/placement-agent/invoke'}
2026-05-18 09:46:51.723 | INFO     | app.middleware.logging:dispatch:26 [ACCESS] - HTTP GET /api/v1/placement-agent/health - Initiated from 127.0.0.1 | Context: {'request_id': '832b50c4-c793-461c-91e2-900be3f41148', 'client_host': '127.0.0.1', 'method': 'GET', 'path': '/api/v1/placement-agent/health'}
2026-05-18 09:46:51.739 | INFO     | app.middleware.logging:dispatch:45 [ACCESS] - HTTP GET /api/v1/placement-agent/health - 200 in 0.0165s | Context: {'request_id': '832b50c4-c793-461c-91e2-900be3f41148', 'client_host': '127.0.0.1', 'method': 'GET', 'path': '/api/v1/placement-agent/health', 'status_code': 200, 'duration': 0.0165}
2026-05-18 09:46:51.740 | INFO     | logging:callHandlers:1737 [ACCESS] - 127.0.0.1:53837 - "GET /api/v1/placement-agent/health HTTP/1.1" 200
2026-05-18 09:46:51.743 | INFO     | app.middleware.logging:dispatch:26 [ACCESS] - HTTP GET /api/v1/placement-agent/health - Initiated from 127.0.0.1 | Context: {'request_id': 'b8c56491-4959-492b-b7db-c8ee2a53cc45', 'client_host': '127.0.0.1', 'method': 'GET', 'path': '/api/v1/placement-agent/health'}
2026-05-18 09:46:51.745 | INFO     | app.middleware.logging:dispatch:45 [ACCESS] - HTTP GET /api/v1/placement-agent/health - 200 in 0.0024s | Context: {'request_id': 'b8c56491-4959-492b-b7db-c8ee2a53cc45', 'client_host': '127.0.0.1', 'method': 'GET', 'path': '/api/v1/placement-agent/health', 'status_code': 200, 'duration': 0.0024}
2026-05-18 09:46:51.746 | INFO     | logging:callHandlers:1737 [ACCESS] - 127.0.0.1:53838 - "GET /api/v1/placement-agent/health HTTP/1.1" 200
2026-05-18 09:46:51.749 | INFO     | app.middleware.logging:dispatch:26 [ACCESS] - HTTP GET /placement-agent/input_schema - Initiated from 127.0.0.1 | Context: {'request_id': 'c6748c3e-c220-43de-9776-f4528ae86f00', 'client_host': '127.0.0.1', 'method': 'GET', 'path': '/placement-agent/input_schema'}
2026-05-18 09:46:51.764 | INFO     | app.middleware.logging:dispatch:45 [ACCESS] - HTTP GET /placement-agent/input_schema - 200 in 0.0150s | Context: {'request_id': 'c6748c3e-c220-43de-9776-f4528ae86f00', 'client_host': '127.0.0.1', 'method': 'GET', 'path': '/placement-agent/input_schema', 'status_code': 200, 'duration': 0.015}
2026-05-18 09:46:51.765 | INFO     | logging:callHandlers:1737 [ACCESS] - 127.0.0.1:53839 - "GET /placement-agent/input_schema HTTP/1.1" 200
2026-05-18 09:46:51.768 | INFO     | app.middleware.logging:dispatch:26 [ACCESS] - HTTP POST /api/v1/placement-agent/invoke - Initiated from 127.0.0.1 | Context: {'request_id': '3b248b57-0571-47a9-8724-cfa1a28acc17', 'client_host': '127.0.0.1', 'method': 'POST', 'path': '/api/v1/placement-agent/invoke'}
2026-05-18 09:49:31.425 | INFO     | app.middleware.logging:dispatch:26 [ACCESS] - HTTP GET /api/v1/placement-agent/health - Initiated from 127.0.0.1 | Context: {'request_id': 'df73d675-a62a-440e-ad71-5080123527b9', 'client_host': '127.0.0.1', 'method': 'GET', 'path': '/api/v1/placement-agent/health'}
2026-05-18 09:49:31.431 | INFO     | app.middleware.logging:dispatch:45 [ACCESS] - HTTP GET /api/v1/placement-agent/health - 200 in 0.0068s | Context: {'request_id': 'df73d675-a62a-440e-ad71-5080123527b9', 'client_host': '127.0.0.1', 'method': 'GET', 'path': '/api/v1/placement-agent/health', 'status_code': 200, 'duration': 0.0068}
2026-05-18 09:49:31.433 | INFO     | logging:callHandlers:1737 [ACCESS] - 127.0.0.1:61132 - "GET /api/v1/placement-agent/health HTTP/1.1" 200
2026-05-18 09:49:31.438 | INFO     | app.middleware.logging:dispatch:26 [ACCESS] - HTTP GET /api/v1/placement-agent/health - Initiated from 127.0.0.1 | Context: {'request_id': 'b04b0e90-ea69-4427-a25e-0c8c32ee541c', 'client_host': '127.0.0.1', 'method': 'GET', 'path': '/api/v1/placement-agent/health'}
2026-05-18 09:49:31.440 | INFO     | app.middleware.logging:dispatch:45 [ACCESS] - HTTP GET /api/v1/placement-agent/health - 200 in 0.0028s | Context: {'request_id': 'b04b0e90-ea69-4427-a25e-0c8c32ee541c', 'client_host': '127.0.0.1', 'method': 'GET', 'path': '/api/v1/placement-agent/health', 'status_code': 200, 'duration': 0.0028}
2026-05-18 09:49:31.441 | INFO     | logging:callHandlers:1737 [ACCESS] - 127.0.0.1:61133 - "GET /api/v1/placement-agent/health HTTP/1.1" 200
2026-05-18 09:49:31.446 | INFO     | app.middleware.logging:dispatch:26 [ACCESS] - HTTP GET /placement-agent/input_schema - Initiated from 127.0.0.1 | Context: {'request_id': '5cae175b-85fe-4c9d-930a-a69c58fa2f3a', 'client_host': '127.0.0.1', 'method': 'GET', 'path': '/placement-agent/input_schema'}
2026-05-18 09:49:31.453 | INFO     | app.middleware.logging:dispatch:45 [ACCESS] - HTTP GET /placement-agent/input_schema - 200 in 0.0079s | Context: {'request_id': '5cae175b-85fe-4c9d-930a-a69c58fa2f3a', 'client_host': '127.0.0.1', 'method': 'GET', 'path': '/placement-agent/input_schema', 'status_code': 200, 'duration': 0.0079}
2026-05-18 09:49:31.455 | INFO     | logging:callHandlers:1737 [ACCESS] - 127.0.0.1:61134 - "GET /placement-agent/input_schema HTTP/1.1" 200
2026-05-18 09:49:31.460 | INFO     | app.middleware.logging:dispatch:26 [ACCESS] - HTTP POST /api/v1/placement-agent/invoke - Initiated from 127.0.0.1 | Context: {'request_id': '038a7ab5-2d8f-412c-8cc9-a611b9764056', 'client_host': '127.0.0.1', 'method': 'POST', 'path': '/api/v1/placement-agent/invoke'}
2026-05-18 09:50:59.523 | INFO     | app.middleware.logging:dispatch:26 [ACCESS] - HTTP GET /api/v1/placement-agent/health - Initiated from 127.0.0.1 | Context: {'request_id': 'd0722491-700f-4fee-8094-236121f7c6fc', 'client_host': '127.0.0.1', 'method': 'GET', 'path': '/api/v1/placement-agent/health'}
2026-05-18 09:50:59.526 | INFO     | app.middleware.logging:dispatch:45 [ACCESS] - HTTP GET /api/v1/placement-agent/health - 200 in 0.0030s | Context: {'request_id': 'd0722491-700f-4fee-8094-236121f7c6fc', 'client_host': '127.0.0.1', 'method': 'GET', 'path': '/api/v1/placement-agent/health', 'status_code': 200, 'duration': 0.003}
2026-05-18 09:50:59.526 | INFO     | logging:callHandlers:1737 [ACCESS] - 127.0.0.1:59534 - "GET /api/v1/placement-agent/health HTTP/1.1" 200
2026-05-18 09:50:59.529 | INFO     | app.middleware.logging:dispatch:26 [ACCESS] - HTTP GET /api/v1/placement-agent/health - Initiated from 127.0.0.1 | Context: {'request_id': 'fec12aea-df6c-4c7e-94c1-c250645caef0', 'client_host': '127.0.0.1', 'method': 'GET', 'path': '/api/v1/placement-agent/health'}
2026-05-18 09:50:59.531 | INFO     | app.middleware.logging:dispatch:45 [ACCESS] - HTTP GET /api/v1/placement-agent/health - 200 in 0.0023s | Context: {'request_id': 'fec12aea-df6c-4c7e-94c1-c250645caef0', 'client_host': '127.0.0.1', 'method': 'GET', 'path': '/api/v1/placement-agent/health', 'status_code': 200, 'duration': 0.0023}
2026-05-18 09:50:59.532 | INFO     | logging:callHandlers:1737 [ACCESS] - 127.0.0.1:59535 - "GET /api/v1/placement-agent/health HTTP/1.1" 200
2026-05-18 09:50:59.536 | INFO     | app.middleware.logging:dispatch:26 [ACCESS] - HTTP GET /placement-agent/input_schema - Initiated from 127.0.0.1 | Context: {'request_id': 'add36be5-dbb0-48d8-bed7-ffa4eaf0a54d', 'client_host': '127.0.0.1', 'method': 'GET', 'path': '/placement-agent/input_schema'}
2026-05-18 09:50:59.540 | INFO     | app.middleware.logging:dispatch:45 [ACCESS] - HTTP GET /placement-agent/input_schema - 200 in 0.0045s | Context: {'request_id': 'add36be5-dbb0-48d8-bed7-ffa4eaf0a54d', 'client_host': '127.0.0.1', 'method': 'GET', 'path': '/placement-agent/input_schema', 'status_code': 200, 'duration': 0.0045}
2026-05-18 09:50:59.541 | INFO     | logging:callHandlers:1737 [ACCESS] - 127.0.0.1:59536 - "GET /placement-agent/input_schema HTTP/1.1" 200
2026-05-18 09:50:59.543 | INFO     | app.middleware.logging:dispatch:26 [ACCESS] - HTTP POST /api/v1/placement-agent/invoke - Initiated from 127.0.0.1 | Context: {'request_id': '58a5b908-0aa9-4efc-aae3-a04ece518b63', 'client_host': '127.0.0.1', 'method': 'POST', 'path': '/api/v1/placement-agent/invoke'}
2026-05-18 09:50:59.807 | INFO     | app.middleware.logging:dispatch:45 [ACCESS] - HTTP POST /api/v1/placement-agent/invoke - 200 in 0.2636s | Context: {'request_id': '58a5b908-0aa9-4efc-aae3-a04ece518b63', 'client_host': '127.0.0.1', 'method': 'POST', 'path': '/api/v1/placement-agent/invoke', 'status_code': 200, 'duration': 0.2636}
2026-05-18 09:50:59.808 | INFO     | logging:callHandlers:1737 [ACCESS] - 127.0.0.1:59537 - "POST /api/v1/placement-agent/invoke HTTP/1.1" 200
2026-05-18 09:50:59.810 | INFO     | app.middleware.logging:dispatch:26 [ACCESS] - HTTP POST /api/v1/placement-agent/invoke - Initiated from 127.0.0.1 | Context: {'request_id': '6ce382ff-25a9-46fd-b9af-7ae5bfbc0707', 'client_host': '127.0.0.1', 'method': 'POST', 'path': '/api/v1/placement-agent/invoke'}
2026-05-18 09:50:59.822 | INFO     | app.middleware.logging:dispatch:45 [ACCESS] - HTTP POST /api/v1/placement-agent/invoke - 200 in 0.0118s | Context: {'request_id': '6ce382ff-25a9-46fd-b9af-7ae5bfbc0707', 'client_host': '127.0.0.1', 'method': 'POST', 'path': '/api/v1/placement-agent/invoke', 'status_code': 200, 'duration': 0.0118}
2026-05-18 09:50:59.823 | INFO     | logging:callHandlers:1737 [ACCESS] - 127.0.0.1:59539 - "POST /api/v1/placement-agent/invoke HTTP/1.1" 200
2026-05-18 09:51:18.553 | INFO     | app.middleware.logging:dispatch:26 [ACCESS] - HTTP GET /api/v1/placement-agent/health - Initiated from 127.0.0.1 | Context: {'request_id': '8d43e040-989e-4617-a852-464f30864c02', 'client_host': '127.0.0.1', 'method': 'GET', 'path': '/api/v1/placement-agent/health'}
2026-05-18 09:51:18.558 | INFO     | app.middleware.logging:dispatch:45 [ACCESS] - HTTP GET /api/v1/placement-agent/health - 200 in 0.0061s | Context: {'request_id': '8d43e040-989e-4617-a852-464f30864c02', 'client_host': '127.0.0.1', 'method': 'GET', 'path': '/api/v1/placement-agent/health', 'status_code': 200, 'duration': 0.0061}
2026-05-18 09:51:18.559 | INFO     | logging:callHandlers:1737 [ACCESS] - 127.0.0.1:58471 - "GET /api/v1/placement-agent/health HTTP/1.1" 200
2026-05-18 09:51:18.563 | INFO     | app.middleware.logging:dispatch:26 [ACCESS] - HTTP GET /api/v1/placement-agent/health - Initiated from 127.0.0.1 | Context: {'request_id': '2d23b1aa-9c26-4aae-a934-791fd4444d5a', 'client_host': '127.0.0.1', 'method': 'GET', 'path': '/api/v1/placement-agent/health'}
2026-05-18 09:51:18.565 | INFO     | app.middleware.logging:dispatch:45 [ACCESS] - HTTP GET /api/v1/placement-agent/health - 200 in 0.0021s | Context: {'request_id': '2d23b1aa-9c26-4aae-a934-791fd4444d5a', 'client_host': '127.0.0.1', 'method': 'GET', 'path': '/api/v1/placement-agent/health', 'status_code': 200, 'duration': 0.0021}
2026-05-18 09:51:18.566 | INFO     | logging:callHandlers:1737 [ACCESS] - 127.0.0.1:58472 - "GET /api/v1/placement-agent/health HTTP/1.1" 200
2026-05-18 09:51:18.571 | INFO     | app.middleware.logging:dispatch:26 [ACCESS] - HTTP GET /placement-agent/input_schema - Initiated from 127.0.0.1 | Context: {'request_id': 'a1561a4c-00a2-414f-95c9-50b44a39f470', 'client_host': '127.0.0.1', 'method': 'GET', 'path': '/placement-agent/input_schema'}
2026-05-18 09:51:18.575 | INFO     | app.middleware.logging:dispatch:45 [ACCESS] - HTTP GET /placement-agent/input_schema - 200 in 0.0040s | Context: {'request_id': 'a1561a4c-00a2-414f-95c9-50b44a39f470', 'client_host': '127.0.0.1', 'method': 'GET', 'path': '/placement-agent/input_schema', 'status_code': 200, 'duration': 0.004}
2026-05-18 09:51:18.576 | INFO     | logging:callHandlers:1737 [ACCESS] - 127.0.0.1:58473 - "GET /placement-agent/input_schema HTTP/1.1" 200
2026-05-18 09:51:18.579 | INFO     | app.middleware.logging:dispatch:26 [ACCESS] - HTTP POST /api/v1/placement-agent/invoke - Initiated from 127.0.0.1 | Context: {'request_id': '520abb39-e8f5-4e4b-bdcd-ab87691cefee', 'client_host': '127.0.0.1', 'method': 'POST', 'path': '/api/v1/placement-agent/invoke'}
2026-05-18 09:51:18.737 | INFO     | app.middleware.logging:dispatch:45 [ACCESS] - HTTP POST /api/v1/placement-agent/invoke - 200 in 0.1586s | Context: {'request_id': '520abb39-e8f5-4e4b-bdcd-ab87691cefee', 'client_host': '127.0.0.1', 'method': 'POST', 'path': '/api/v1/placement-agent/invoke', 'status_code': 200, 'duration': 0.1586}
2026-05-18 09:51:18.738 | INFO     | logging:callHandlers:1737 [ACCESS] - 127.0.0.1:58474 - "POST /api/v1/placement-agent/invoke HTTP/1.1" 200
2026-05-18 09:51:18.741 | INFO     | app.middleware.logging:dispatch:26 [ACCESS] - HTTP POST /api/v1/placement-agent/invoke - Initiated from 127.0.0.1 | Context: {'request_id': '924641ae-73d6-4d7e-a34f-7a486403c8ef', 'client_host': '127.0.0.1', 'method': 'POST', 'path': '/api/v1/placement-agent/invoke'}
2026-05-18 09:51:18.753 | INFO     | app.middleware.logging:dispatch:45 [ACCESS] - HTTP POST /api/v1/placement-agent/invoke - 200 in 0.0116s | Context: {'request_id': '924641ae-73d6-4d7e-a34f-7a486403c8ef', 'client_host': '127.0.0.1', 'method': 'POST', 'path': '/api/v1/placement-agent/invoke', 'status_code': 200, 'duration': 0.0116}
2026-05-18 09:51:18.754 | INFO     | logging:callHandlers:1737 [ACCESS] - 127.0.0.1:58476 - "POST /api/v1/placement-agent/invoke HTTP/1.1" 200
2026-05-18 09:51:18.758 | INFO     | app.middleware.logging:dispatch:26 [ACCESS] - HTTP POST /placement-agent/invoke - Initiated from 127.0.0.1 | Context: {'request_id': '2ff5e647-c070-4281-b993-b4d49c2927d2', 'client_host': '127.0.0.1', 'method': 'POST', 'path': '/placement-agent/invoke'}
2026-05-18 09:51:18.761 | WARNING  | app.middleware.exception_handlers:validation_exception_handler:49 [ACCESS] - Validation failed for request to /placement-agent/invoke: 7 validation errors:
  {'type': 'missing', 'loc': ('candidate_profile',), 'msg': 'Field required', 'input': {'messages': [{'type': 'human', 'content': 'Recommend companies for me.'}]}, 'url': 'https://errors.pydantic.dev/2.12/v/missing'}
  {'type': 'missing', 'loc': ('model_name',), 'msg': 'Field required', 'input': {'messages': [{'type': 'human', 'content': 'Recommend companies for me.'}]}, 'url': 'https://errors.pydantic.dev/2.12/v/missing'}
  {'type': 'missing', 'loc': ('provider',), 'msg': 'Field required', 'input': {'messages': [{'type': 'human', 'content': 'Recommend companies for me.'}]}, 'url': 'https://errors.pydantic.dev/2.12/v/missing'}
  {'type': 'missing', 'loc': ('selected_agent',), 'msg': 'Field required', 'input': {'messages': [{'type': 'human', 'content': 'Recommend companies for me.'}]}, 'url': 'https://errors.pydantic.dev/2.12/v/missing'}
  {'type': 'missing', 'loc': ('token_usage',), 'msg': 'Field required', 'input': {'messages': [{'type': 'human', 'content': 'Recommend companies for me.'}]}, 'url': 'https://errors.pydantic.dev/2.12/v/missing'}
  {'type': 'missing', 'loc': ('errors',), 'msg': 'Field required', 'input': {'messages': [{'type': 'human', 'content': 'Recommend companies for me.'}]}, 'url': 'https://errors.pydantic.dev/2.12/v/missing'}
  {'type': 'missing', 'loc': ('metadata',), 'msg': 'Field required', 'input': {'messages': [{'type': 'human', 'content': 'Recommend companies for me.'}]}, 'url': 'https://errors.pydantic.dev/2.12/v/missing'} | Context: {'request_id': '2ff5e647-c070-4281-b993-b4d49c2927d2', 'path': '/placement-agent/invoke', 'error_details': [{'field': 'candidate_profile', 'issue': 'missing', 'message': 'Field required'}, {'field': 'model_name', 'issue': 'missing', 'message': 'Field required'}, {'field': 'provider', 'issue': 'missing', 'message': 'Field required'}, {'field': 'selected_agent', 'issue': 'missing', 'message': 'Field required'}, {'field': 'token_usage', 'issue': 'missing', 'message': 'Field required'}, {'field': 'errors', 'issue': 'missing', 'message': 'Field required'}, {'field': 'metadata', 'issue': 'missing', 'message': 'Field required'}]}
2026-05-18 09:51:18.763 | WARNING  | app.middleware.logging:dispatch:43 [ACCESS] - HTTP POST /placement-agent/invoke - 422 in 0.0053s | Context: {'request_id': '2ff5e647-c070-4281-b993-b4d49c2927d2', 'client_host': '127.0.0.1', 'method': 'POST', 'path': '/placement-agent/invoke', 'status_code': 422, 'duration': 0.0053}
2026-05-18 09:51:18.764 | INFO     | logging:callHandlers:1737 [ACCESS] - 127.0.0.1:58477 - "POST /placement-agent/invoke HTTP/1.1" 422
2026-05-18 09:51:36.141 | INFO     | app.middleware.logging:dispatch:26 [ACCESS] - HTTP GET /api/v1/placement-agent/health - Initiated from 127.0.0.1 | Context: {'request_id': 'ed288003-3946-4bdd-83e5-55ab01bdcd8f', 'client_host': '127.0.0.1', 'method': 'GET', 'path': '/api/v1/placement-agent/health'}
2026-05-18 09:51:36.145 | INFO     | app.middleware.logging:dispatch:45 [ACCESS] - HTTP GET /api/v1/placement-agent/health - 200 in 0.0045s | Context: {'request_id': 'ed288003-3946-4bdd-83e5-55ab01bdcd8f', 'client_host': '127.0.0.1', 'method': 'GET', 'path': '/api/v1/placement-agent/health', 'status_code': 200, 'duration': 0.0045}
2026-05-18 09:51:36.146 | INFO     | logging:callHandlers:1737 [ACCESS] - 127.0.0.1:58488 - "GET /api/v1/placement-agent/health HTTP/1.1" 200
2026-05-18 09:51:36.149 | INFO     | app.middleware.logging:dispatch:26 [ACCESS] - HTTP GET /api/v1/placement-agent/health - Initiated from 127.0.0.1 | Context: {'request_id': '738d8aab-220e-4587-a715-cc1f4c47b924', 'client_host': '127.0.0.1', 'method': 'GET', 'path': '/api/v1/placement-agent/health'}
2026-05-18 09:51:36.152 | INFO     | app.middleware.logging:dispatch:45 [ACCESS] - HTTP GET /api/v1/placement-agent/health - 200 in 0.0027s | Context: {'request_id': '738d8aab-220e-4587-a715-cc1f4c47b924', 'client_host': '127.0.0.1', 'method': 'GET', 'path': '/api/v1/placement-agent/health', 'status_code': 200, 'duration': 0.0027}
2026-05-18 09:51:36.153 | INFO     | logging:callHandlers:1737 [ACCESS] - 127.0.0.1:58489 - "GET /api/v1/placement-agent/health HTTP/1.1" 200
2026-05-18 09:51:36.156 | INFO     | app.middleware.logging:dispatch:26 [ACCESS] - HTTP GET /placement-agent/input_schema - Initiated from 127.0.0.1 | Context: {'request_id': 'abc76ad3-7178-4f83-a765-8abfdabe1586', 'client_host': '127.0.0.1', 'method': 'GET', 'path': '/placement-agent/input_schema'}
2026-05-18 09:51:36.161 | INFO     | app.middleware.logging:dispatch:45 [ACCESS] - HTTP GET /placement-agent/input_schema - 200 in 0.0050s | Context: {'request_id': 'abc76ad3-7178-4f83-a765-8abfdabe1586', 'client_host': '127.0.0.1', 'method': 'GET', 'path': '/placement-agent/input_schema', 'status_code': 200, 'duration': 0.005}
2026-05-18 09:51:36.162 | INFO     | logging:callHandlers:1737 [ACCESS] - 127.0.0.1:58490 - "GET /placement-agent/input_schema HTTP/1.1" 200
2026-05-18 09:51:36.164 | INFO     | app.middleware.logging:dispatch:26 [ACCESS] - HTTP POST /api/v1/placement-agent/invoke - Initiated from 127.0.0.1 | Context: {'request_id': 'bd80816c-54dd-42fb-aa23-4e6e4a1e00aa', 'client_host': '127.0.0.1', 'method': 'POST', 'path': '/api/v1/placement-agent/invoke'}
2026-05-18 09:51:36.432 | INFO     | app.middleware.logging:dispatch:45 [ACCESS] - HTTP POST /api/v1/placement-agent/invoke - 200 in 0.2682s | Context: {'request_id': 'bd80816c-54dd-42fb-aa23-4e6e4a1e00aa', 'client_host': '127.0.0.1', 'method': 'POST', 'path': '/api/v1/placement-agent/invoke', 'status_code': 200, 'duration': 0.2682}
2026-05-18 09:51:36.434 | INFO     | logging:callHandlers:1737 [ACCESS] - 127.0.0.1:58491 - "POST /api/v1/placement-agent/invoke HTTP/1.1" 200
2026-05-18 09:51:36.437 | INFO     | app.middleware.logging:dispatch:26 [ACCESS] - HTTP POST /api/v1/placement-agent/invoke - Initiated from 127.0.0.1 | Context: {'request_id': '3e972c2f-6a26-4318-bafa-e3f67f7885d9', 'client_host': '127.0.0.1', 'method': 'POST', 'path': '/api/v1/placement-agent/invoke'}
2026-05-18 09:51:36.451 | INFO     | app.middleware.logging:dispatch:45 [ACCESS] - HTTP POST /api/v1/placement-agent/invoke - 200 in 0.0134s | Context: {'request_id': '3e972c2f-6a26-4318-bafa-e3f67f7885d9', 'client_host': '127.0.0.1', 'method': 'POST', 'path': '/api/v1/placement-agent/invoke', 'status_code': 200, 'duration': 0.0134}
2026-05-18 09:51:36.452 | INFO     | logging:callHandlers:1737 [ACCESS] - 127.0.0.1:58493 - "POST /api/v1/placement-agent/invoke HTTP/1.1" 200
2026-05-18 09:51:36.457 | INFO     | app.middleware.logging:dispatch:26 [ACCESS] - HTTP POST /placement-agent/invoke - Initiated from 127.0.0.1 | Context: {'request_id': 'be8263c8-8c0a-49a0-a985-b1e1505fb1ad', 'client_host': '127.0.0.1', 'method': 'POST', 'path': '/placement-agent/invoke'}
2026-05-18 09:51:36.498 | ERROR    | app.middleware.logging:dispatch:55 [ACCESS] - HTTP POST /placement-agent/invoke - Exception encountered after 0.0412s: Checkpointer requires one or more of the following 'configurable' keys: thread_id, checkpoint_ns, checkpoint_id | Context: {'request_id': 'be8263c8-8c0a-49a0-a985-b1e1505fb1ad', 'client_host': '127.0.0.1', 'method': 'POST', 'path': '/placement-agent/invoke', 'duration': 0.0412}
2026-05-18 09:51:37.210 | INFO     | logging:callHandlers:1737 [ACCESS] - 127.0.0.1:58494 - "POST /placement-agent/invoke HTTP/1.1" 500
2026-05-18 09:51:53.981 | INFO     | app.middleware.logging:dispatch:26 [ACCESS] - HTTP GET /api/v1/placement-agent/health - Initiated from 127.0.0.1 | Context: {'request_id': '162d5fea-04f9-4b63-9869-971ee843d89f', 'client_host': '127.0.0.1', 'method': 'GET', 'path': '/api/v1/placement-agent/health'}
2026-05-18 09:51:53.986 | INFO     | app.middleware.logging:dispatch:45 [ACCESS] - HTTP GET /api/v1/placement-agent/health - 200 in 0.0050s | Context: {'request_id': '162d5fea-04f9-4b63-9869-971ee843d89f', 'client_host': '127.0.0.1', 'method': 'GET', 'path': '/api/v1/placement-agent/health', 'status_code': 200, 'duration': 0.005}
2026-05-18 09:51:53.988 | INFO     | logging:callHandlers:1737 [ACCESS] - 127.0.0.1:58504 - "GET /api/v1/placement-agent/health HTTP/1.1" 200
2026-05-18 09:51:53.990 | INFO     | app.middleware.logging:dispatch:26 [ACCESS] - HTTP GET /api/v1/placement-agent/health - Initiated from 127.0.0.1 | Context: {'request_id': '06971c74-f397-45a7-a9d3-2f7779bbe44a', 'client_host': '127.0.0.1', 'method': 'GET', 'path': '/api/v1/placement-agent/health'}
2026-05-18 09:51:53.992 | INFO     | app.middleware.logging:dispatch:45 [ACCESS] - HTTP GET /api/v1/placement-agent/health - 200 in 0.0019s | Context: {'request_id': '06971c74-f397-45a7-a9d3-2f7779bbe44a', 'client_host': '127.0.0.1', 'method': 'GET', 'path': '/api/v1/placement-agent/health', 'status_code': 200, 'duration': 0.0019}
2026-05-18 09:51:53.993 | INFO     | logging:callHandlers:1737 [ACCESS] - 127.0.0.1:58507 - "GET /api/v1/placement-agent/health HTTP/1.1" 200
2026-05-18 09:51:53.995 | INFO     | app.middleware.logging:dispatch:26 [ACCESS] - HTTP GET /placement-agent/input_schema - Initiated from 127.0.0.1 | Context: {'request_id': 'e15203c8-5eae-40a8-9cb0-10a241de6d6a', 'client_host': '127.0.0.1', 'method': 'GET', 'path': '/placement-agent/input_schema'}
2026-05-18 09:51:54.000 | INFO     | app.middleware.logging:dispatch:45 [ACCESS] - HTTP GET /placement-agent/input_schema - 200 in 0.0041s | Context: {'request_id': 'e15203c8-5eae-40a8-9cb0-10a241de6d6a', 'client_host': '127.0.0.1', 'method': 'GET', 'path': '/placement-agent/input_schema', 'status_code': 200, 'duration': 0.0041}
2026-05-18 09:51:54.002 | INFO     | logging:callHandlers:1737 [ACCESS] - 127.0.0.1:58508 - "GET /placement-agent/input_schema HTTP/1.1" 200
2026-05-18 09:51:54.005 | INFO     | app.middleware.logging:dispatch:26 [ACCESS] - HTTP POST /api/v1/placement-agent/invoke - Initiated from 127.0.0.1 | Context: {'request_id': '1a1b6c25-bbcd-41ea-9ebd-db527aafd880', 'client_host': '127.0.0.1', 'method': 'POST', 'path': '/api/v1/placement-agent/invoke'}
2026-05-18 09:51:54.199 | INFO     | app.middleware.logging:dispatch:45 [ACCESS] - HTTP POST /api/v1/placement-agent/invoke - 200 in 0.1940s | Context: {'request_id': '1a1b6c25-bbcd-41ea-9ebd-db527aafd880', 'client_host': '127.0.0.1', 'method': 'POST', 'path': '/api/v1/placement-agent/invoke', 'status_code': 200, 'duration': 0.194}
2026-05-18 09:51:54.200 | INFO     | logging:callHandlers:1737 [ACCESS] - 127.0.0.1:58509 - "POST /api/v1/placement-agent/invoke HTTP/1.1" 200
2026-05-18 09:51:54.203 | INFO     | app.middleware.logging:dispatch:26 [ACCESS] - HTTP POST /api/v1/placement-agent/invoke - Initiated from 127.0.0.1 | Context: {'request_id': 'f89ace3d-4c5d-4394-bac1-cf77691e8cb6', 'client_host': '127.0.0.1', 'method': 'POST', 'path': '/api/v1/placement-agent/invoke'}
2026-05-18 09:51:54.215 | INFO     | app.middleware.logging:dispatch:45 [ACCESS] - HTTP POST /api/v1/placement-agent/invoke - 200 in 0.0113s | Context: {'request_id': 'f89ace3d-4c5d-4394-bac1-cf77691e8cb6', 'client_host': '127.0.0.1', 'method': 'POST', 'path': '/api/v1/placement-agent/invoke', 'status_code': 200, 'duration': 0.0113}
2026-05-18 09:51:54.215 | INFO     | logging:callHandlers:1737 [ACCESS] - 127.0.0.1:58511 - "POST /api/v1/placement-agent/invoke HTTP/1.1" 200
2026-05-18 09:51:54.220 | INFO     | app.middleware.logging:dispatch:26 [ACCESS] - HTTP POST /placement-agent/invoke - Initiated from 127.0.0.1 | Context: {'request_id': '34f06de9-9168-4be1-ae2b-7e24258b3456', 'client_host': '127.0.0.1', 'method': 'POST', 'path': '/placement-agent/invoke'}
2026-05-18 09:51:54.228 | ERROR    | app.middleware.logging:dispatch:55 [ACCESS] - HTTP POST /placement-agent/invoke - Exception encountered after 0.0082s: Checkpointer requires one or more of the following 'configurable' keys: thread_id, checkpoint_ns, checkpoint_id | Context: {'request_id': '34f06de9-9168-4be1-ae2b-7e24258b3456', 'client_host': '127.0.0.1', 'method': 'POST', 'path': '/placement-agent/invoke', 'duration': 0.0082}
2026-05-18 09:51:54.325 | INFO     | logging:callHandlers:1737 [ACCESS] - 127.0.0.1:58512 - "POST /placement-agent/invoke HTTP/1.1" 500
2026-05-18 09:52:18.787 | INFO     | app.middleware.logging:dispatch:26 [ACCESS] - HTTP GET /api/v1/placement-agent/health - Initiated from 127.0.0.1 | Context: {'request_id': '33d3fbef-8db9-49e2-aaae-a3dcaffa85fb', 'client_host': '127.0.0.1', 'method': 'GET', 'path': '/api/v1/placement-agent/health'}
2026-05-18 09:52:18.793 | INFO     | app.middleware.logging:dispatch:45 [ACCESS] - HTTP GET /api/v1/placement-agent/health - 200 in 0.0057s | Context: {'request_id': '33d3fbef-8db9-49e2-aaae-a3dcaffa85fb', 'client_host': '127.0.0.1', 'method': 'GET', 'path': '/api/v1/placement-agent/health', 'status_code': 200, 'duration': 0.0057}
2026-05-18 09:52:18.794 | INFO     | logging:callHandlers:1737 [ACCESS] - 127.0.0.1:57819 - "GET /api/v1/placement-agent/health HTTP/1.1" 200
2026-05-18 09:52:18.798 | INFO     | app.middleware.logging:dispatch:26 [ACCESS] - HTTP GET /api/v1/placement-agent/health - Initiated from 127.0.0.1 | Context: {'request_id': 'aa159d52-3b7f-4665-ba25-aa34ea985a46', 'client_host': '127.0.0.1', 'method': 'GET', 'path': '/api/v1/placement-agent/health'}
2026-05-18 09:52:18.800 | INFO     | app.middleware.logging:dispatch:45 [ACCESS] - HTTP GET /api/v1/placement-agent/health - 200 in 0.0018s | Context: {'request_id': 'aa159d52-3b7f-4665-ba25-aa34ea985a46', 'client_host': '127.0.0.1', 'method': 'GET', 'path': '/api/v1/placement-agent/health', 'status_code': 200, 'duration': 0.0018}
2026-05-18 09:52:18.801 | INFO     | logging:callHandlers:1737 [ACCESS] - 127.0.0.1:57820 - "GET /api/v1/placement-agent/health HTTP/1.1" 200
2026-05-18 09:52:18.804 | INFO     | app.middleware.logging:dispatch:26 [ACCESS] - HTTP GET /placement-agent/input_schema - Initiated from 127.0.0.1 | Context: {'request_id': 'a7238d49-ac0c-430c-ada3-2be450eaaaa6', 'client_host': '127.0.0.1', 'method': 'GET', 'path': '/placement-agent/input_schema'}
2026-05-18 09:52:18.809 | INFO     | app.middleware.logging:dispatch:45 [ACCESS] - HTTP GET /placement-agent/input_schema - 200 in 0.0044s | Context: {'request_id': 'a7238d49-ac0c-430c-ada3-2be450eaaaa6', 'client_host': '127.0.0.1', 'method': 'GET', 'path': '/placement-agent/input_schema', 'status_code': 200, 'duration': 0.0044}
2026-05-18 09:52:18.810 | INFO     | logging:callHandlers:1737 [ACCESS] - 127.0.0.1:57821 - "GET /placement-agent/input_schema HTTP/1.1" 200
2026-05-18 09:52:18.814 | INFO     | app.middleware.logging:dispatch:26 [ACCESS] - HTTP POST /api/v1/placement-agent/invoke - Initiated from 127.0.0.1 | Context: {'request_id': 'e14f7a73-599e-4f9d-a112-3d796c320fa1', 'client_host': '127.0.0.1', 'method': 'POST', 'path': '/api/v1/placement-agent/invoke'}
2026-05-18 09:52:18.987 | INFO     | app.middleware.logging:dispatch:45 [ACCESS] - HTTP POST /api/v1/placement-agent/invoke - 200 in 0.1731s | Context: {'request_id': 'e14f7a73-599e-4f9d-a112-3d796c320fa1', 'client_host': '127.0.0.1', 'method': 'POST', 'path': '/api/v1/placement-agent/invoke', 'status_code': 200, 'duration': 0.1731}
2026-05-18 09:52:18.988 | INFO     | logging:callHandlers:1737 [ACCESS] - 127.0.0.1:57822 - "POST /api/v1/placement-agent/invoke HTTP/1.1" 200
2026-05-18 09:52:18.992 | INFO     | app.middleware.logging:dispatch:26 [ACCESS] - HTTP POST /api/v1/placement-agent/invoke - Initiated from 127.0.0.1 | Context: {'request_id': 'a9870b4f-c38d-4be3-91c0-9674deb09a54', 'client_host': '127.0.0.1', 'method': 'POST', 'path': '/api/v1/placement-agent/invoke'}
2026-05-18 09:52:19.003 | INFO     | app.middleware.logging:dispatch:45 [ACCESS] - HTTP POST /api/v1/placement-agent/invoke - 200 in 0.0110s | Context: {'request_id': 'a9870b4f-c38d-4be3-91c0-9674deb09a54', 'client_host': '127.0.0.1', 'method': 'POST', 'path': '/api/v1/placement-agent/invoke', 'status_code': 200, 'duration': 0.011}
2026-05-18 09:52:19.004 | INFO     | logging:callHandlers:1737 [ACCESS] - 127.0.0.1:57824 - "POST /api/v1/placement-agent/invoke HTTP/1.1" 200
2026-05-18 09:52:19.007 | INFO     | app.middleware.logging:dispatch:26 [ACCESS] - HTTP POST /placement-agent/invoke - Initiated from 127.0.0.1 | Context: {'request_id': 'ba442d1e-dc60-4c9b-8f4b-4485dc5637a4', 'client_host': '127.0.0.1', 'method': 'POST', 'path': '/placement-agent/invoke'}
2026-05-18 09:52:19.014 | ERROR    | app.middleware.logging:dispatch:55 [ACCESS] - HTTP POST /placement-agent/invoke - Exception encountered after 0.0067s: Checkpointer requires one or more of the following 'configurable' keys: thread_id, checkpoint_ns, checkpoint_id | Context: {'request_id': 'ba442d1e-dc60-4c9b-8f4b-4485dc5637a4', 'client_host': '127.0.0.1', 'method': 'POST', 'path': '/placement-agent/invoke', 'duration': 0.0067}
2026-05-18 09:52:19.123 | INFO     | logging:callHandlers:1737 [ACCESS] - 127.0.0.1:57825 - "POST /placement-agent/invoke HTTP/1.1" 500
2026-05-18 09:53:50.767 | INFO     | app.middleware.logging:dispatch:26 [ACCESS] - HTTP GET /api/v1/placement-agent/health - Initiated from 127.0.0.1 | Context: {'request_id': '706232ce-25d7-4592-b1c8-9f10b787d6cf', 'client_host': '127.0.0.1', 'method': 'GET', 'path': '/api/v1/placement-agent/health'}
2026-05-18 09:53:50.772 | INFO     | app.middleware.logging:dispatch:45 [ACCESS] - HTTP GET /api/v1/placement-agent/health - 200 in 0.0055s | Context: {'request_id': '706232ce-25d7-4592-b1c8-9f10b787d6cf', 'client_host': '127.0.0.1', 'method': 'GET', 'path': '/api/v1/placement-agent/health', 'status_code': 200, 'duration': 0.0055}
2026-05-18 09:53:50.773 | INFO     | logging:callHandlers:1737 [ACCESS] - 127.0.0.1:55513 - "GET /api/v1/placement-agent/health HTTP/1.1" 200
2026-05-18 09:53:50.777 | INFO     | app.middleware.logging:dispatch:26 [ACCESS] - HTTP GET /api/v1/placement-agent/health - Initiated from 127.0.0.1 | Context: {'request_id': '0b935f27-9d55-4054-ad87-64bf7615b176', 'client_host': '127.0.0.1', 'method': 'GET', 'path': '/api/v1/placement-agent/health'}
2026-05-18 09:53:50.779 | INFO     | app.middleware.logging:dispatch:45 [ACCESS] - HTTP GET /api/v1/placement-agent/health - 200 in 0.0022s | Context: {'request_id': '0b935f27-9d55-4054-ad87-64bf7615b176', 'client_host': '127.0.0.1', 'method': 'GET', 'path': '/api/v1/placement-agent/health', 'status_code': 200, 'duration': 0.0022}
2026-05-18 09:53:50.780 | INFO     | logging:callHandlers:1737 [ACCESS] - 127.0.0.1:55514 - "GET /api/v1/placement-agent/health HTTP/1.1" 200
2026-05-18 09:53:50.782 | INFO     | app.middleware.logging:dispatch:26 [ACCESS] - HTTP GET /placement-agent/input_schema - Initiated from 127.0.0.1 | Context: {'request_id': 'e4a75012-0c68-4cb1-bbd4-076cb2de1dd2', 'client_host': '127.0.0.1', 'method': 'GET', 'path': '/placement-agent/input_schema'}
2026-05-18 09:53:50.787 | INFO     | app.middleware.logging:dispatch:45 [ACCESS] - HTTP GET /placement-agent/input_schema - 200 in 0.0042s | Context: {'request_id': 'e4a75012-0c68-4cb1-bbd4-076cb2de1dd2', 'client_host': '127.0.0.1', 'method': 'GET', 'path': '/placement-agent/input_schema', 'status_code': 200, 'duration': 0.0042}
2026-05-18 09:53:50.787 | INFO     | logging:callHandlers:1737 [ACCESS] - 127.0.0.1:55515 - "GET /placement-agent/input_schema HTTP/1.1" 200
2026-05-18 09:53:50.790 | INFO     | app.middleware.logging:dispatch:26 [ACCESS] - HTTP POST /api/v1/placement-agent/invoke - Initiated from 127.0.0.1 | Context: {'request_id': 'b1588590-db4b-42d3-92ae-5dd031d25e7f', 'client_host': '127.0.0.1', 'method': 'POST', 'path': '/api/v1/placement-agent/invoke'}
2026-05-18 09:53:50.995 | INFO     | app.middleware.logging:dispatch:45 [ACCESS] - HTTP POST /api/v1/placement-agent/invoke - 200 in 0.2054s | Context: {'request_id': 'b1588590-db4b-42d3-92ae-5dd031d25e7f', 'client_host': '127.0.0.1', 'method': 'POST', 'path': '/api/v1/placement-agent/invoke', 'status_code': 200, 'duration': 0.2054}
2026-05-18 09:53:50.996 | INFO     | logging:callHandlers:1737 [ACCESS] - 127.0.0.1:55516 - "POST /api/v1/placement-agent/invoke HTTP/1.1" 200
2026-05-18 09:53:50.999 | INFO     | app.middleware.logging:dispatch:26 [ACCESS] - HTTP POST /api/v1/placement-agent/invoke - Initiated from 127.0.0.1 | Context: {'request_id': '8415e4c6-da79-4f76-9c7c-ad1c672731e4', 'client_host': '127.0.0.1', 'method': 'POST', 'path': '/api/v1/placement-agent/invoke'}
2026-05-18 09:53:51.010 | INFO     | app.middleware.logging:dispatch:45 [ACCESS] - HTTP POST /api/v1/placement-agent/invoke - 200 in 0.0107s | Context: {'request_id': '8415e4c6-da79-4f76-9c7c-ad1c672731e4', 'client_host': '127.0.0.1', 'method': 'POST', 'path': '/api/v1/placement-agent/invoke', 'status_code': 200, 'duration': 0.0107}
2026-05-18 09:53:51.011 | INFO     | logging:callHandlers:1737 [ACCESS] - 127.0.0.1:55518 - "POST /api/v1/placement-agent/invoke HTTP/1.1" 200
2026-05-18 09:53:51.013 | INFO     | app.middleware.logging:dispatch:26 [ACCESS] - HTTP POST /placement-agent/invoke - Initiated from 127.0.0.1 | Context: {'request_id': 'fa243176-95dd-450d-b1e7-590d85a06058', 'client_host': '127.0.0.1', 'method': 'POST', 'path': '/placement-agent/invoke'}
2026-05-18 09:53:51.023 | INFO     | app.middleware.logging:dispatch:45 [ACCESS] - HTTP POST /placement-agent/invoke - 200 in 0.0098s | Context: {'request_id': 'fa243176-95dd-450d-b1e7-590d85a06058', 'client_host': '127.0.0.1', 'method': 'POST', 'path': '/placement-agent/invoke', 'status_code': 200, 'duration': 0.0098}
2026-05-18 09:53:51.024 | INFO     | logging:callHandlers:1737 [ACCESS] - 127.0.0.1:55519 - "POST /placement-agent/invoke HTTP/1.1" 200
2026-05-18 09:54:12.729 | INFO     | app.middleware.logging:dispatch:26 [ACCESS] - HTTP GET /api/v1/placement-agent/health - Initiated from 127.0.0.1 | Context: {'request_id': '4b6503b1-5709-481e-b6d4-ef5e32b110b8', 'client_host': '127.0.0.1', 'method': 'GET', 'path': '/api/v1/placement-agent/health'}
2026-05-18 09:54:12.734 | INFO     | app.middleware.logging:dispatch:45 [ACCESS] - HTTP GET /api/v1/placement-agent/health - 200 in 0.0048s | Context: {'request_id': '4b6503b1-5709-481e-b6d4-ef5e32b110b8', 'client_host': '127.0.0.1', 'method': 'GET', 'path': '/api/v1/placement-agent/health', 'status_code': 200, 'duration': 0.0048}
2026-05-18 09:54:12.735 | INFO     | logging:callHandlers:1737 [ACCESS] - 127.0.0.1:55740 - "GET /api/v1/placement-agent/health HTTP/1.1" 200
2026-05-18 09:54:12.739 | INFO     | app.middleware.logging:dispatch:26 [ACCESS] - HTTP GET /api/v1/placement-agent/health - Initiated from 127.0.0.1 | Context: {'request_id': '0fd3c165-ebe2-4a67-ab2f-7a2dae847928', 'client_host': '127.0.0.1', 'method': 'GET', 'path': '/api/v1/placement-agent/health'}
2026-05-18 09:54:12.741 | INFO     | app.middleware.logging:dispatch:45 [ACCESS] - HTTP GET /api/v1/placement-agent/health - 200 in 0.0027s | Context: {'request_id': '0fd3c165-ebe2-4a67-ab2f-7a2dae847928', 'client_host': '127.0.0.1', 'method': 'GET', 'path': '/api/v1/placement-agent/health', 'status_code': 200, 'duration': 0.0027}
2026-05-18 09:54:12.742 | INFO     | logging:callHandlers:1737 [ACCESS] - 127.0.0.1:55742 - "GET /api/v1/placement-agent/health HTTP/1.1" 200
2026-05-18 09:54:12.745 | INFO     | app.middleware.logging:dispatch:26 [ACCESS] - HTTP GET /placement-agent/input_schema - Initiated from 127.0.0.1 | Context: {'request_id': '8e76b900-a035-4d9b-815d-a3ca5f3605c8', 'client_host': '127.0.0.1', 'method': 'GET', 'path': '/placement-agent/input_schema'}
2026-05-18 09:54:12.749 | INFO     | app.middleware.logging:dispatch:45 [ACCESS] - HTTP GET /placement-agent/input_schema - 200 in 0.0048s | Context: {'request_id': '8e76b900-a035-4d9b-815d-a3ca5f3605c8', 'client_host': '127.0.0.1', 'method': 'GET', 'path': '/placement-agent/input_schema', 'status_code': 200, 'duration': 0.0048}
2026-05-18 09:54:12.750 | INFO     | logging:callHandlers:1737 [ACCESS] - 127.0.0.1:55743 - "GET /placement-agent/input_schema HTTP/1.1" 200
2026-05-18 09:54:12.753 | INFO     | app.middleware.logging:dispatch:26 [ACCESS] - HTTP POST /api/v1/placement-agent/invoke - Initiated from 127.0.0.1 | Context: {'request_id': '6fff03b8-0f7e-4d66-ada5-7e3cbeeb014b', 'client_host': '127.0.0.1', 'method': 'POST', 'path': '/api/v1/placement-agent/invoke'}
2026-05-18 09:54:12.950 | INFO     | app.middleware.logging:dispatch:45 [ACCESS] - HTTP POST /api/v1/placement-agent/invoke - 200 in 0.1970s | Context: {'request_id': '6fff03b8-0f7e-4d66-ada5-7e3cbeeb014b', 'client_host': '127.0.0.1', 'method': 'POST', 'path': '/api/v1/placement-agent/invoke', 'status_code': 200, 'duration': 0.197}
2026-05-18 09:54:12.951 | INFO     | logging:callHandlers:1737 [ACCESS] - 127.0.0.1:55744 - "POST /api/v1/placement-agent/invoke HTTP/1.1" 200
2026-05-18 09:54:12.953 | INFO     | app.middleware.logging:dispatch:26 [ACCESS] - HTTP POST /api/v1/placement-agent/invoke - Initiated from 127.0.0.1 | Context: {'request_id': '1d30e250-997d-442d-9cdc-1a807317462d', 'client_host': '127.0.0.1', 'method': 'POST', 'path': '/api/v1/placement-agent/invoke'}
2026-05-18 09:54:12.964 | INFO     | app.middleware.logging:dispatch:45 [ACCESS] - HTTP POST /api/v1/placement-agent/invoke - 200 in 0.0114s | Context: {'request_id': '1d30e250-997d-442d-9cdc-1a807317462d', 'client_host': '127.0.0.1', 'method': 'POST', 'path': '/api/v1/placement-agent/invoke', 'status_code': 200, 'duration': 0.0114}
2026-05-18 09:54:12.965 | INFO     | logging:callHandlers:1737 [ACCESS] - 127.0.0.1:55746 - "POST /api/v1/placement-agent/invoke HTTP/1.1" 200
2026-05-18 09:54:12.968 | INFO     | app.middleware.logging:dispatch:26 [ACCESS] - HTTP POST /placement-agent/invoke - Initiated from 127.0.0.1 | Context: {'request_id': '8eb85a95-a29d-4c96-87ac-976f288234a6', 'client_host': '127.0.0.1', 'method': 'POST', 'path': '/placement-agent/invoke'}
2026-05-18 09:54:12.980 | INFO     | app.middleware.logging:dispatch:45 [ACCESS] - HTTP POST /placement-agent/invoke - 200 in 0.0119s | Context: {'request_id': '8eb85a95-a29d-4c96-87ac-976f288234a6', 'client_host': '127.0.0.1', 'method': 'POST', 'path': '/placement-agent/invoke', 'status_code': 200, 'duration': 0.0119}
2026-05-18 09:54:12.982 | INFO     | logging:callHandlers:1737 [ACCESS] - 127.0.0.1:55747 - "POST /placement-agent/invoke HTTP/1.1" 200
2026-05-18 09:59:14.492 | INFO     | app.middleware.logging:dispatch:26 [ACCESS] - HTTP GET /health - Initiated from 127.0.0.1 | Context: {'request_id': 'cd787507-0db4-4fae-9d7a-cf4b681b1d37', 'client_host': '127.0.0.1', 'method': 'GET', 'path': '/health'}
2026-05-18 09:59:21.734 | INFO     | app.middleware.logging:dispatch:45 [ACCESS] - HTTP GET /health - 200 in 7.2429s | Context: {'request_id': 'cd787507-0db4-4fae-9d7a-cf4b681b1d37', 'client_host': '127.0.0.1', 'method': 'GET', 'path': '/health', 'status_code': 200, 'duration': 7.2429}
2026-05-18 09:59:21.737 | INFO     | logging:callHandlers:1737 [ACCESS] - 127.0.0.1:55145 - "GET /health HTTP/1.1" 200
2026-05-18 09:59:21.814 | INFO     | app.middleware.logging:dispatch:26 [ACCESS] - HTTP GET /favicon.ico - Initiated from 127.0.0.1 | Context: {'request_id': '78357f29-8f55-4d61-b740-658f8a3164b9', 'client_host': '127.0.0.1', 'method': 'GET', 'path': '/favicon.ico'}
2026-05-18 09:59:21.816 | WARNING  | app.middleware.logging:dispatch:43 [ACCESS] - HTTP GET /favicon.ico - 401 in 0.0020s | Context: {'request_id': '78357f29-8f55-4d61-b740-658f8a3164b9', 'client_host': '127.0.0.1', 'method': 'GET', 'path': '/favicon.ico', 'status_code': 401, 'duration': 0.002}
2026-05-18 09:59:21.818 | INFO     | logging:callHandlers:1737 [ACCESS] - 127.0.0.1:55145 - "GET /favicon.ico HTTP/1.1" 401
2026-05-18 09:59:29.540 | INFO     | app.middleware.logging:dispatch:26 [ACCESS] - HTTP GET /placement-agent/input_schema - Initiated from 127.0.0.1 | Context: {'request_id': '706993d0-0672-452b-8f3d-430ba8e26b2c', 'client_host': '127.0.0.1', 'method': 'GET', 'path': '/placement-agent/input_schema'}
2026-05-18 09:59:29.552 | WARNING  | app.middleware.logging:dispatch:43 [ACCESS] - HTTP GET /placement-agent/input_schema - 404 in 0.0122s | Context: {'request_id': '706993d0-0672-452b-8f3d-430ba8e26b2c', 'client_host': '127.0.0.1', 'method': 'GET', 'path': '/placement-agent/input_schema', 'status_code': 404, 'duration': 0.0122}
2026-05-18 09:59:29.556 | INFO     | logging:callHandlers:1737 [ACCESS] - 127.0.0.1:52175 - "GET /placement-agent/input_schema HTTP/1.1" 404
2026-05-18 09:59:29.615 | INFO     | app.middleware.logging:dispatch:26 [ACCESS] - HTTP GET /favicon.ico - Initiated from 127.0.0.1 | Context: {'request_id': '289f9f86-6ca7-4cb9-a7fc-ece763bfe2d5', 'client_host': '127.0.0.1', 'method': 'GET', 'path': '/favicon.ico'}
2026-05-18 09:59:29.618 | WARNING  | app.middleware.logging:dispatch:43 [ACCESS] - HTTP GET /favicon.ico - 401 in 0.0029s | Context: {'request_id': '289f9f86-6ca7-4cb9-a7fc-ece763bfe2d5', 'client_host': '127.0.0.1', 'method': 'GET', 'path': '/favicon.ico', 'status_code': 401, 'duration': 0.0029}
2026-05-18 09:59:29.620 | INFO     | logging:callHandlers:1737 [ACCESS] - 127.0.0.1:52175 - "GET /favicon.ico HTTP/1.1" 401
2026-05-18 10:00:19.424 | INFO     | app.middleware.logging:dispatch:26 [ACCESS] - HTTP GET /docs - Initiated from 127.0.0.1 | Context: {'request_id': '2e2f89e3-d91b-491c-9db4-130cc07e79eb', 'client_host': '127.0.0.1', 'method': 'GET', 'path': '/docs'}
2026-05-18 10:00:19.442 | INFO     | app.middleware.logging:dispatch:45 [ACCESS] - HTTP GET /docs - 200 in 0.0178s | Context: {'request_id': '2e2f89e3-d91b-491c-9db4-130cc07e79eb', 'client_host': '127.0.0.1', 'method': 'GET', 'path': '/docs', 'status_code': 200, 'duration': 0.0178}
2026-05-18 10:00:19.449 | INFO     | logging:callHandlers:1737 [ACCESS] - 127.0.0.1:57472 - "GET /docs HTTP/1.1" 200
2026-05-18 10:00:20.458 | INFO     | app.middleware.logging:dispatch:26 [ACCESS] - HTTP GET /openapi.json - Initiated from 127.0.0.1 | Context: {'request_id': '16e37cff-89d9-4706-a25f-964d8331cb2f', 'client_host': '127.0.0.1', 'method': 'GET', 'path': '/openapi.json'}
2026-05-18 10:00:21.585 | INFO     | app.middleware.logging:dispatch:45 [ACCESS] - HTTP GET /openapi.json - 200 in 1.1269s | Context: {'request_id': '16e37cff-89d9-4706-a25f-964d8331cb2f', 'client_host': '127.0.0.1', 'method': 'GET', 'path': '/openapi.json', 'status_code': 200, 'duration': 1.1269}
2026-05-18 10:00:21.586 | INFO     | logging:callHandlers:1737 [ACCESS] - 127.0.0.1:57472 - "GET /openapi.json HTTP/1.1" 200
2026-05-18 10:06:08.049 | INFO     | app.middleware.logging:dispatch:26 [ACCESS] - HTTP GET /placement-agent/input_schema - Initiated from 127.0.0.1 | Context: {'request_id': 'a2513791-e59c-458a-8810-a6230c0c3ee5', 'client_host': '127.0.0.1', 'method': 'GET', 'path': '/placement-agent/input_schema'}
2026-05-18 10:06:08.097 | WARNING  | app.middleware.logging:dispatch:43 [ACCESS] - HTTP GET /placement-agent/input_schema - 404 in 0.0510s | Context: {'request_id': 'a2513791-e59c-458a-8810-a6230c0c3ee5', 'client_host': '127.0.0.1', 'method': 'GET', 'path': '/placement-agent/input_schema', 'status_code': 404, 'duration': 0.051}
2026-05-18 10:06:08.108 | INFO     | logging:callHandlers:1737 [ACCESS] - 127.0.0.1:53700 - "GET /placement-agent/input_schema HTTP/1.1" 404
2026-05-18 10:09:48.521 | INFO     | app.middleware.logging:dispatch:26 [ACCESS] - HTTP GET /health - Initiated from testclient | Context: {'request_id': '437602c6-0ffd-42b3-b51c-e0762b2fe1dd', 'client_host': 'testclient', 'method': 'GET', 'path': '/health'}
2026-05-18 10:09:55.596 | INFO     | app.middleware.logging:dispatch:45 [ACCESS] - HTTP GET /health - 200 in 7.0751s | Context: {'request_id': '437602c6-0ffd-42b3-b51c-e0762b2fe1dd', 'client_host': 'testclient', 'method': 'GET', 'path': '/health', 'status_code': 200, 'duration': 7.0751}
2026-05-18 10:09:55.602 | INFO     | app.middleware.logging:dispatch:26 [ACCESS] - HTTP GET /placement-agent/input_schema - Initiated from testclient | Context: {'request_id': '200124a0-9786-4ef2-8805-0212cab4d118', 'client_host': 'testclient', 'method': 'GET', 'path': '/placement-agent/input_schema'}
2026-05-18 10:09:55.606 | INFO     | app.middleware.logging:dispatch:45 [ACCESS] - HTTP GET /placement-agent/input_schema - 200 in 0.0047s | Context: {'request_id': '200124a0-9786-4ef2-8805-0212cab4d118', 'client_host': 'testclient', 'method': 'GET', 'path': '/placement-agent/input_schema', 'status_code': 200, 'duration': 0.0047}
2026-05-18 10:10:41.301 | INFO     | app.middleware.logging:dispatch:26 [ACCESS] - HTTP GET /health - Initiated from testclient | Context: {'request_id': 'ad3f766f-a5df-4d60-a249-898f89bdd643', 'client_host': 'testclient', 'method': 'GET', 'path': '/health'}
2026-05-18 10:10:48.344 | INFO     | app.middleware.logging:dispatch:45 [ACCESS] - HTTP GET /health - 200 in 7.0439s | Context: {'request_id': 'ad3f766f-a5df-4d60-a249-898f89bdd643', 'client_host': 'testclient', 'method': 'GET', 'path': '/health', 'status_code': 200, 'duration': 7.0439}
2026-05-18 10:10:48.352 | INFO     | app.middleware.logging:dispatch:26 [ACCESS] - HTTP GET /placement-agent/input_schema - Initiated from testclient | Context: {'request_id': 'b9820f93-415f-4cfa-9fb4-cbe935bc4da5', 'client_host': 'testclient', 'method': 'GET', 'path': '/placement-agent/input_schema'}
2026-05-18 10:10:48.357 | INFO     | app.middleware.logging:dispatch:45 [ACCESS] - HTTP GET /placement-agent/input_schema - 200 in 0.0049s | Context: {'request_id': 'b9820f93-415f-4cfa-9fb4-cbe935bc4da5', 'client_host': 'testclient', 'method': 'GET', 'path': '/placement-agent/input_schema', 'status_code': 200, 'duration': 0.0049}
2026-05-18 10:11:17.880 | INFO     | app.middleware.logging:dispatch:26 [ACCESS] - HTTP GET /placement-agent/config_schema - Initiated from testclient | Context: {'request_id': 'fcf161d8-5efa-4056-ab9a-dcbcff297b15', 'client_host': 'testclient', 'method': 'GET', 'path': '/placement-agent/config_schema'}
2026-05-18 10:11:17.884 | INFO     | app.middleware.logging:dispatch:45 [ACCESS] - HTTP GET /placement-agent/config_schema - 200 in 0.0048s | Context: {'request_id': 'fcf161d8-5efa-4056-ab9a-dcbcff297b15', 'client_host': 'testclient', 'method': 'GET', 'path': '/placement-agent/config_schema', 'status_code': 200, 'duration': 0.0048}
2026-05-18 10:11:17.889 | INFO     | app.middleware.logging:dispatch:26 [ACCESS] - HTTP POST /placement-agent/invoke - Initiated from testclient | Context: {'request_id': '095d357b-7dcc-4fce-af17-721ea5e1e6c6', 'client_host': 'testclient', 'method': 'POST', 'path': '/placement-agent/invoke'}
2026-05-18 10:11:21.571 | INFO     | app.middleware.logging:dispatch:45 [ACCESS] - HTTP POST /placement-agent/invoke - 200 in 3.6820s | Context: {'request_id': '095d357b-7dcc-4fce-af17-721ea5e1e6c6', 'client_host': 'testclient', 'method': 'POST', 'path': '/placement-agent/invoke', 'status_code': 200, 'duration': 3.682}
2026-05-18 10:11:21.577 | INFO     | app.middleware.logging:dispatch:26 [ACCESS] - HTTP POST /placement-agent/invoke - Initiated from testclient | Context: {'request_id': 'f4ca4921-48a2-4c79-8bf6-7c58acc356a1', 'client_host': 'testclient', 'method': 'POST', 'path': '/placement-agent/invoke'}
2026-05-18 10:11:23.753 | INFO     | app.middleware.logging:dispatch:45 [ACCESS] - HTTP POST /placement-agent/invoke - 200 in 2.1768s | Context: {'request_id': 'f4ca4921-48a2-4c79-8bf6-7c58acc356a1', 'client_host': 'testclient', 'method': 'POST', 'path': '/placement-agent/invoke', 'status_code': 200, 'duration': 2.1768}
2026-05-18 10:12:08.110 | INFO     | app.middleware.logging:dispatch:26 [ACCESS] - HTTP GET /placement-agent/config_schema - Initiated from testclient | Context: {'request_id': 'a4448484-00aa-4dd6-9556-13ef16a98d68', 'client_host': 'testclient', 'method': 'GET', 'path': '/placement-agent/config_schema'}
2026-05-18 10:12:08.114 | INFO     | app.middleware.logging:dispatch:45 [ACCESS] - HTTP GET /placement-agent/config_schema - 200 in 0.0045s | Context: {'request_id': 'a4448484-00aa-4dd6-9556-13ef16a98d68', 'client_host': 'testclient', 'method': 'GET', 'path': '/placement-agent/config_schema', 'status_code': 200, 'duration': 0.0045}
2026-05-18 10:12:08.121 | INFO     | app.middleware.logging:dispatch:26 [ACCESS] - HTTP POST /placement-agent/invoke - Initiated from testclient | Context: {'request_id': '95a4cb26-f3ad-4fce-9908-a0af6420ce77', 'client_host': 'testclient', 'method': 'POST', 'path': '/placement-agent/invoke'}
2026-05-18 10:12:12.599 | INFO     | app.middleware.logging:dispatch:45 [ACCESS] - HTTP POST /placement-agent/invoke - 200 in 4.4783s | Context: {'request_id': '95a4cb26-f3ad-4fce-9908-a0af6420ce77', 'client_host': 'testclient', 'method': 'POST', 'path': '/placement-agent/invoke', 'status_code': 200, 'duration': 4.4783}
2026-05-18 10:12:12.603 | INFO     | app.middleware.logging:dispatch:26 [ACCESS] - HTTP POST /placement-agent/invoke - Initiated from testclient | Context: {'request_id': '8fcc57e3-baa6-4b12-bbed-fa4f6c0c69d9', 'client_host': 'testclient', 'method': 'POST', 'path': '/placement-agent/invoke'}
2026-05-18 10:12:15.980 | INFO     | app.middleware.logging:dispatch:45 [ACCESS] - HTTP POST /placement-agent/invoke - 200 in 3.3770s | Context: {'request_id': '8fcc57e3-baa6-4b12-bbed-fa4f6c0c69d9', 'client_host': 'testclient', 'method': 'POST', 'path': '/placement-agent/invoke', 'status_code': 200, 'duration': 3.377}
2026-05-18 10:14:49.849 | INFO     | app.middleware.logging:dispatch:26 [ACCESS] - HTTP GET /placement-agent/config_schema - Initiated from testclient | Context: {'request_id': 'd017d11f-3c7b-481a-a2e6-dd05706705e6', 'client_host': 'testclient', 'method': 'GET', 'path': '/placement-agent/config_schema'}
2026-05-18 10:14:49.855 | INFO     | app.middleware.logging:dispatch:45 [ACCESS] - HTTP GET /placement-agent/config_schema - 200 in 0.0068s | Context: {'request_id': 'd017d11f-3c7b-481a-a2e6-dd05706705e6', 'client_host': 'testclient', 'method': 'GET', 'path': '/placement-agent/config_schema', 'status_code': 200, 'duration': 0.0068}
2026-05-18 10:14:49.861 | INFO     | app.middleware.logging:dispatch:26 [ACCESS] - HTTP POST /placement-agent/invoke - Initiated from testclient | Context: {'request_id': '71fac368-bdb2-43ea-aa91-9f6685c2954f', 'client_host': 'testclient', 'method': 'POST', 'path': '/placement-agent/invoke'}
2026-05-18 10:14:53.628 | INFO     | app.middleware.logging:dispatch:45 [ACCESS] - HTTP POST /placement-agent/invoke - 200 in 3.7676s | Context: {'request_id': '71fac368-bdb2-43ea-aa91-9f6685c2954f', 'client_host': 'testclient', 'method': 'POST', 'path': '/placement-agent/invoke', 'status_code': 200, 'duration': 3.7676}
2026-05-18 10:14:53.634 | INFO     | app.middleware.logging:dispatch:26 [ACCESS] - HTTP POST /placement-agent/invoke - Initiated from testclient | Context: {'request_id': '89135841-2830-43ac-8c12-7a3190f36cb3', 'client_host': 'testclient', 'method': 'POST', 'path': '/placement-agent/invoke'}
2026-05-18 10:14:57.000 | INFO     | app.middleware.logging:dispatch:45 [ACCESS] - HTTP POST /placement-agent/invoke - 200 in 3.3661s | Context: {'request_id': '89135841-2830-43ac-8c12-7a3190f36cb3', 'client_host': 'testclient', 'method': 'POST', 'path': '/placement-agent/invoke', 'status_code': 200, 'duration': 3.3661}
2026-05-18 10:15:27.521 | INFO     | app.middleware.logging:dispatch:26 [ACCESS] - HTTP GET /placement-agent/config_schema - Initiated from testclient | Context: {'request_id': '7caf6f88-1330-450b-aae8-ee48976970c9', 'client_host': 'testclient', 'method': 'GET', 'path': '/placement-agent/config_schema'}
2026-05-18 10:15:27.560 | INFO     | app.middleware.logging:dispatch:45 [ACCESS] - HTTP GET /placement-agent/config_schema - 200 in 0.0388s | Context: {'request_id': '7caf6f88-1330-450b-aae8-ee48976970c9', 'client_host': 'testclient', 'method': 'GET', 'path': '/placement-agent/config_schema', 'status_code': 200, 'duration': 0.0388}
2026-05-18 10:15:27.627 | INFO     | app.middleware.logging:dispatch:26 [ACCESS] - HTTP POST /placement-agent/invoke - Initiated from testclient | Context: {'request_id': '11920048-d0dd-491a-8718-bd32826861a0', 'client_host': 'testclient', 'method': 'POST', 'path': '/placement-agent/invoke'}
2026-05-18 10:15:28.355 | INFO     | app.middleware.logging:dispatch:45 [ACCESS] - HTTP POST /placement-agent/invoke - 200 in 0.7281s | Context: {'request_id': '11920048-d0dd-491a-8718-bd32826861a0', 'client_host': 'testclient', 'method': 'POST', 'path': '/placement-agent/invoke', 'status_code': 200, 'duration': 0.7281}
2026-05-18 10:15:28.377 | INFO     | app.middleware.logging:dispatch:26 [ACCESS] - HTTP POST /placement-agent/invoke - Initiated from testclient | Context: {'request_id': 'e595493e-8d46-425f-b670-f4adf9cab533', 'client_host': 'testclient', 'method': 'POST', 'path': '/placement-agent/invoke'}
2026-05-18 10:15:28.415 | INFO     | app.middleware.logging:dispatch:45 [ACCESS] - HTTP POST /placement-agent/invoke - 200 in 0.0385s | Context: {'request_id': 'e595493e-8d46-425f-b670-f4adf9cab533', 'client_host': 'testclient', 'method': 'POST', 'path': '/placement-agent/invoke', 'status_code': 200, 'duration': 0.0385}
2026-05-18 10:15:50.177 | INFO     | app.middleware.logging:dispatch:26 [ACCESS] - HTTP GET /placement-agent/config_schema - Initiated from testclient | Context: {'request_id': 'bcdaefe3-7787-48fa-b02f-faf0871d63fb', 'client_host': 'testclient', 'method': 'GET', 'path': '/placement-agent/config_schema'}
2026-05-18 10:15:50.187 | INFO     | app.middleware.logging:dispatch:45 [ACCESS] - HTTP GET /placement-agent/config_schema - 200 in 0.0111s | Context: {'request_id': 'bcdaefe3-7787-48fa-b02f-faf0871d63fb', 'client_host': 'testclient', 'method': 'GET', 'path': '/placement-agent/config_schema', 'status_code': 200, 'duration': 0.0111}
2026-05-18 10:15:50.206 | INFO     | app.middleware.logging:dispatch:26 [ACCESS] - HTTP POST /placement-agent/invoke - Initiated from testclient | Context: {'request_id': '1ac232d7-41e5-4c55-91ea-1dc87dcc3239', 'client_host': 'testclient', 'method': 'POST', 'path': '/placement-agent/invoke'}
2026-05-18 10:15:50.629 | INFO     | app.middleware.logging:dispatch:45 [ACCESS] - HTTP POST /placement-agent/invoke - 200 in 0.4231s | Context: {'request_id': '1ac232d7-41e5-4c55-91ea-1dc87dcc3239', 'client_host': 'testclient', 'method': 'POST', 'path': '/placement-agent/invoke', 'status_code': 200, 'duration': 0.4231}
2026-05-18 10:15:50.636 | INFO     | app.middleware.logging:dispatch:26 [ACCESS] - HTTP POST /placement-agent/invoke - Initiated from testclient | Context: {'request_id': 'd7305c9f-a04b-4eed-a086-ef47969d58d0', 'client_host': 'testclient', 'method': 'POST', 'path': '/placement-agent/invoke'}
2026-05-18 10:15:50.656 | INFO     | app.middleware.logging:dispatch:45 [ACCESS] - HTTP POST /placement-agent/invoke - 200 in 0.0200s | Context: {'request_id': 'd7305c9f-a04b-4eed-a086-ef47969d58d0', 'client_host': 'testclient', 'method': 'POST', 'path': '/placement-agent/invoke', 'status_code': 200, 'duration': 0.02}
2026-05-18 10:16:40.664 | INFO     | app.middleware.logging:dispatch:26 [ACCESS] - HTTP GET /openapi.json - Initiated from testclient | Context: {'request_id': 'beb34cd5-0bd2-4b5c-8e9e-1b9e18f00bd6', 'client_host': 'testclient', 'method': 'GET', 'path': '/openapi.json'}
2026-05-18 10:16:41.684 | INFO     | app.middleware.logging:dispatch:45 [ACCESS] - HTTP GET /openapi.json - 200 in 1.0202s | Context: {'request_id': 'beb34cd5-0bd2-4b5c-8e9e-1b9e18f00bd6', 'client_host': 'testclient', 'method': 'GET', 'path': '/openapi.json', 'status_code': 200, 'duration': 1.0202}
2026-05-18 10:19:26.145 | INFO     | app.middleware.logging:dispatch:26 [ACCESS] - HTTP GET /docs - Initiated from 127.0.0.1 | Context: {'request_id': '56bd648d-3fca-4dae-a183-c76fdf1c77d3', 'client_host': '127.0.0.1', 'method': 'GET', 'path': '/docs'}
2026-05-18 10:19:26.150 | INFO     | app.middleware.logging:dispatch:45 [ACCESS] - HTTP GET /docs - 200 in 0.0059s | Context: {'request_id': '56bd648d-3fca-4dae-a183-c76fdf1c77d3', 'client_host': '127.0.0.1', 'method': 'GET', 'path': '/docs', 'status_code': 200, 'duration': 0.0059}
2026-05-18 10:19:26.152 | INFO     | logging:callHandlers:1737 [ACCESS] - 127.0.0.1:59460 - "GET /docs HTTP/1.1" 200
2026-05-18 10:19:26.442 | INFO     | app.middleware.logging:dispatch:26 [ACCESS] - HTTP GET /openapi.json - Initiated from 127.0.0.1 | Context: {'request_id': 'ce5b67e5-3721-4098-bbad-2f404df8d9cd', 'client_host': '127.0.0.1', 'method': 'GET', 'path': '/openapi.json'}
2026-05-18 10:19:27.113 | INFO     | app.middleware.logging:dispatch:45 [ACCESS] - HTTP GET /openapi.json - 200 in 0.6717s | Context: {'request_id': 'ce5b67e5-3721-4098-bbad-2f404df8d9cd', 'client_host': '127.0.0.1', 'method': 'GET', 'path': '/openapi.json', 'status_code': 200, 'duration': 0.6717}
2026-05-18 10:19:27.116 | INFO     | logging:callHandlers:1737 [ACCESS] - 127.0.0.1:59460 - "GET /openapi.json HTTP/1.1" 200
2026-05-18 10:21:44.488 | INFO     | app.middleware.logging:dispatch:26 [ACCESS] - HTTP GET /info - Initiated from 127.0.0.1 | Context: {'request_id': '235b1049-e806-4e6e-861e-523bf7a4037e', 'client_host': '127.0.0.1', 'method': 'GET', 'path': '/info'}
2026-05-18 10:21:44.498 | WARNING  | app.middleware.logging:dispatch:43 [ACCESS] - HTTP GET /info - 401 in 0.0110s | Context: {'request_id': '235b1049-e806-4e6e-861e-523bf7a4037e', 'client_host': '127.0.0.1', 'method': 'GET', 'path': '/info', 'status_code': 401, 'duration': 0.011}
2026-05-18 10:21:44.515 | INFO     | logging:callHandlers:1737 [ACCESS] - 127.0.0.1:50671 - "GET /info HTTP/1.1" 401
2026-05-18 10:21:44.717 | INFO     | app.middleware.logging:dispatch:26 [ACCESS] - HTTP GET /info - Initiated from 127.0.0.1 | Context: {'request_id': '2264d2f1-5d0b-4ae5-a8d2-55c7091325cb', 'client_host': '127.0.0.1', 'method': 'GET', 'path': '/info'}
2026-05-18 10:21:44.721 | WARNING  | app.middleware.logging:dispatch:43 [ACCESS] - HTTP GET /info - 401 in 0.0048s | Context: {'request_id': '2264d2f1-5d0b-4ae5-a8d2-55c7091325cb', 'client_host': '127.0.0.1', 'method': 'GET', 'path': '/info', 'status_code': 401, 'duration': 0.0048}
2026-05-18 10:21:44.724 | INFO     | logging:callHandlers:1737 [ACCESS] - 127.0.0.1:50671 - "GET /info HTTP/1.1" 401
2026-05-18 10:22:33.626 | INFO     | app.middleware.logging:dispatch:26 [ACCESS] - HTTP GET /info - Initiated from 127.0.0.1 | Context: {'request_id': 'aa534b61-d2cc-4123-8002-3a0456a5e059', 'client_host': '127.0.0.1', 'method': 'GET', 'path': '/info'}
2026-05-18 10:22:33.634 | WARNING  | app.middleware.logging:dispatch:43 [ACCESS] - HTTP GET /info - 401 in 0.0083s | Context: {'request_id': 'aa534b61-d2cc-4123-8002-3a0456a5e059', 'client_host': '127.0.0.1', 'method': 'GET', 'path': '/info', 'status_code': 401, 'duration': 0.0083}
2026-05-18 10:22:33.637 | INFO     | logging:callHandlers:1737 [ACCESS] - 127.0.0.1:55182 - "GET /info HTTP/1.1" 401
2026-05-18 10:23:05.088 | INFO     | app.middleware.logging:dispatch:26 [ACCESS] - HTTP GET /info - Initiated from 127.0.0.1 | Context: {'request_id': '956456e0-3a55-4172-84b2-487810dbb057', 'client_host': '127.0.0.1', 'method': 'GET', 'path': '/info'}
2026-05-18 10:23:05.093 | WARNING  | app.middleware.logging:dispatch:43 [ACCESS] - HTTP GET /info - 401 in 0.0058s | Context: {'request_id': '956456e0-3a55-4172-84b2-487810dbb057', 'client_host': '127.0.0.1', 'method': 'GET', 'path': '/info', 'status_code': 401, 'duration': 0.0058}
2026-05-18 10:23:05.097 | INFO     | logging:callHandlers:1737 [ACCESS] - 127.0.0.1:59673 - "GET /info HTTP/1.1" 401
2026-05-18 10:23:08.274 | INFO     | app.middleware.logging:dispatch:26 [ACCESS] - HTTP GET /info - Initiated from 127.0.0.1 | Context: {'request_id': 'f0eb221f-2086-4dc8-a30c-d5c3b7544c1d', 'client_host': '127.0.0.1', 'method': 'GET', 'path': '/info'}
2026-05-18 10:23:08.279 | WARNING  | app.middleware.logging:dispatch:43 [ACCESS] - HTTP GET /info - 401 in 0.0049s | Context: {'request_id': 'f0eb221f-2086-4dc8-a30c-d5c3b7544c1d', 'client_host': '127.0.0.1', 'method': 'GET', 'path': '/info', 'status_code': 401, 'duration': 0.0049}
2026-05-18 10:23:08.282 | INFO     | logging:callHandlers:1737 [ACCESS] - 127.0.0.1:59673 - "GET /info HTTP/1.1" 401
2026-05-18 10:23:18.256 | INFO     | app.middleware.logging:dispatch:26 [ACCESS] - HTTP GET /api/v1/placement-agent/health - Initiated from 127.0.0.1 | Context: {'request_id': '6ee05e0c-bc75-4a31-93df-b9b804800b38', 'client_host': '127.0.0.1', 'method': 'GET', 'path': '/api/v1/placement-agent/health'}
2026-05-18 10:23:23.929 | INFO     | app.middleware.logging:dispatch:45 [ACCESS] - HTTP GET /api/v1/placement-agent/health - 200 in 5.6732s | Context: {'request_id': '6ee05e0c-bc75-4a31-93df-b9b804800b38', 'client_host': '127.0.0.1', 'method': 'GET', 'path': '/api/v1/placement-agent/health', 'status_code': 200, 'duration': 5.6732}
2026-05-18 10:23:23.931 | INFO     | logging:callHandlers:1737 [ACCESS] - 127.0.0.1:57242 - "GET /api/v1/placement-agent/health HTTP/1.1" 200
2026-05-18 10:23:23.999 | INFO     | app.middleware.logging:dispatch:26 [ACCESS] - HTTP GET /favicon.ico - Initiated from 127.0.0.1 | Context: {'request_id': 'd112cd02-ee95-4bc5-9bf9-011a131b237e', 'client_host': '127.0.0.1', 'method': 'GET', 'path': '/favicon.ico'}
2026-05-18 10:23:24.002 | WARNING  | app.middleware.logging:dispatch:43 [ACCESS] - HTTP GET /favicon.ico - 401 in 0.0023s | Context: {'request_id': 'd112cd02-ee95-4bc5-9bf9-011a131b237e', 'client_host': '127.0.0.1', 'method': 'GET', 'path': '/favicon.ico', 'status_code': 401, 'duration': 0.0023}
2026-05-18 10:23:24.005 | INFO     | logging:callHandlers:1737 [ACCESS] - 127.0.0.1:57242 - "GET /favicon.ico HTTP/1.1" 401
2026-05-18 10:23:35.690 | INFO     | app.middleware.logging:dispatch:26 [ACCESS] - HTTP GET /placement-agent/input_schema - Initiated from 127.0.0.1 | Context: {'request_id': 'b578a560-f431-4e0b-8cef-4cf80139d781', 'client_host': '127.0.0.1', 'method': 'GET', 'path': '/placement-agent/input_schema'}
2026-05-18 10:23:35.704 | INFO     | app.middleware.logging:dispatch:45 [ACCESS] - HTTP GET /placement-agent/input_schema - 200 in 0.0141s | Context: {'request_id': 'b578a560-f431-4e0b-8cef-4cf80139d781', 'client_host': '127.0.0.1', 'method': 'GET', 'path': '/placement-agent/input_schema', 'status_code': 200, 'duration': 0.0141}
2026-05-18 10:23:35.706 | INFO     | logging:callHandlers:1737 [ACCESS] - 127.0.0.1:57525 - "GET /placement-agent/input_schema HTTP/1.1" 200
2026-05-18 10:23:35.755 | INFO     | app.middleware.logging:dispatch:26 [ACCESS] - HTTP GET /favicon.ico - Initiated from 127.0.0.1 | Context: {'request_id': 'cd6948ff-98a8-4da4-a307-f0e850e91c7a', 'client_host': '127.0.0.1', 'method': 'GET', 'path': '/favicon.ico'}
2026-05-18 10:23:35.756 | WARNING  | app.middleware.logging:dispatch:43 [ACCESS] - HTTP GET /favicon.ico - 401 in 0.0017s | Context: {'request_id': 'cd6948ff-98a8-4da4-a307-f0e850e91c7a', 'client_host': '127.0.0.1', 'method': 'GET', 'path': '/favicon.ico', 'status_code': 401, 'duration': 0.0017}
2026-05-18 10:23:35.759 | INFO     | logging:callHandlers:1737 [ACCESS] - 127.0.0.1:57525 - "GET /favicon.ico HTTP/1.1" 401
2026-05-18 10:25:52.313 | INFO     | app.middleware.logging:dispatch:26 [ACCESS] - HTTP GET /info - Initiated from 127.0.0.1 | Context: {'request_id': 'bc5c3e6f-e740-4215-8222-486a5196bb32', 'client_host': '127.0.0.1', 'method': 'GET', 'path': '/info'}
2026-05-18 10:25:52.315 | WARNING  | app.middleware.logging:dispatch:43 [ACCESS] - HTTP GET /info - 401 in 0.0019s | Context: {'request_id': 'bc5c3e6f-e740-4215-8222-486a5196bb32', 'client_host': '127.0.0.1', 'method': 'GET', 'path': '/info', 'status_code': 401, 'duration': 0.0019}
2026-05-18 10:25:52.317 | INFO     | logging:callHandlers:1737 [ACCESS] - 127.0.0.1:62981 - "GET /info HTTP/1.1" 401
2026-05-18 10:25:55.558 | INFO     | app.middleware.logging:dispatch:26 [ACCESS] - HTTP GET /info - Initiated from 127.0.0.1 | Context: {'request_id': 'c033dc3a-1089-43b5-8092-95643cdb3362', 'client_host': '127.0.0.1', 'method': 'GET', 'path': '/info'}
2026-05-18 10:25:55.559 | WARNING  | app.middleware.logging:dispatch:43 [ACCESS] - HTTP GET /info - 401 in 0.0013s | Context: {'request_id': 'c033dc3a-1089-43b5-8092-95643cdb3362', 'client_host': '127.0.0.1', 'method': 'GET', 'path': '/info', 'status_code': 401, 'duration': 0.0013}
2026-05-18 10:25:55.562 | INFO     | logging:callHandlers:1737 [ACCESS] - 127.0.0.1:62981 - "GET /info HTTP/1.1" 401
2026-05-18 10:25:58.791 | INFO     | app.middleware.logging:dispatch:26 [ACCESS] - HTTP GET /info - Initiated from 127.0.0.1 | Context: {'request_id': '9c4bb27a-b462-4a48-9793-0edf98a289c0', 'client_host': '127.0.0.1', 'method': 'GET', 'path': '/info'}
2026-05-18 10:25:58.794 | WARNING  | app.middleware.logging:dispatch:43 [ACCESS] - HTTP GET /info - 401 in 0.0028s | Context: {'request_id': '9c4bb27a-b462-4a48-9793-0edf98a289c0', 'client_host': '127.0.0.1', 'method': 'GET', 'path': '/info', 'status_code': 401, 'duration': 0.0028}
2026-05-18 10:25:58.796 | INFO     | logging:callHandlers:1737 [ACCESS] - 127.0.0.1:62981 - "GET /info HTTP/1.1" 401
2026-05-18 10:26:06.158 | INFO     | app.middleware.logging:dispatch:26 [ACCESS] - HTTP GET /info - Initiated from 127.0.0.1 | Context: {'request_id': '066c4ab5-f367-4a5a-8dba-09f89b373265', 'client_host': '127.0.0.1', 'method': 'GET', 'path': '/info'}
2026-05-18 10:26:06.161 | WARNING  | app.middleware.logging:dispatch:43 [ACCESS] - HTTP GET /info - 401 in 0.0024s | Context: {'request_id': '066c4ab5-f367-4a5a-8dba-09f89b373265', 'client_host': '127.0.0.1', 'method': 'GET', 'path': '/info', 'status_code': 401, 'duration': 0.0024}
2026-05-18 10:26:06.163 | INFO     | logging:callHandlers:1737 [ACCESS] - 127.0.0.1:56251 - "GET /info HTTP/1.1" 401
2026-05-18 10:26:18.402 | INFO     | app.middleware.logging:dispatch:26 [ACCESS] - HTTP GET /info - Initiated from 127.0.0.1 | Context: {'request_id': '1c1359bb-2374-4310-b179-c3ff5532fcea', 'client_host': '127.0.0.1', 'method': 'GET', 'path': '/info'}
2026-05-18 10:26:18.404 | WARNING  | app.middleware.logging:dispatch:43 [ACCESS] - HTTP GET /info - 401 in 0.0024s | Context: {'request_id': '1c1359bb-2374-4310-b179-c3ff5532fcea', 'client_host': '127.0.0.1', 'method': 'GET', 'path': '/info', 'status_code': 401, 'duration': 0.0024}
2026-05-18 10:26:18.410 | INFO     | logging:callHandlers:1737 [ACCESS] - 127.0.0.1:52445 - "GET /info HTTP/1.1" 401
2026-05-18 10:47:53.177 | INFO     | app.middleware.logging:dispatch:26 [ACCESS] - HTTP GET /favicon.ico - Initiated from 127.0.0.1 | Context: {'request_id': '82cdbe84-6ca5-43ea-871a-33d81d66fa92', 'client_host': '127.0.0.1', 'method': 'GET', 'path': '/favicon.ico'}
2026-05-18 10:47:53.214 | WARNING  | app.middleware.logging:dispatch:43 [ACCESS] - HTTP GET /favicon.ico - 401 in 0.0423s | Context: {'request_id': '82cdbe84-6ca5-43ea-871a-33d81d66fa92', 'client_host': '127.0.0.1', 'method': 'GET', 'path': '/favicon.ico', 'status_code': 401, 'duration': 0.0423}
2026-05-18 10:47:53.243 | INFO     | logging:callHandlers:1737 [ACCESS] - 127.0.0.1:61040 - "GET /favicon.ico HTTP/1.1" 401
2026-05-18 10:47:54.378 | INFO     | app.middleware.logging:dispatch:26 [ACCESS] - HTTP GET /favicon.ico - Initiated from 127.0.0.1 | Context: {'request_id': '03d22be4-dea2-424f-a24a-675b807abfa9', 'client_host': '127.0.0.1', 'method': 'GET', 'path': '/favicon.ico'}
2026-05-18 10:47:54.390 | WARNING  | app.middleware.logging:dispatch:43 [ACCESS] - HTTP GET /favicon.ico - 401 in 0.0114s | Context: {'request_id': '03d22be4-dea2-424f-a24a-675b807abfa9', 'client_host': '127.0.0.1', 'method': 'GET', 'path': '/favicon.ico', 'status_code': 401, 'duration': 0.0114}
2026-05-18 10:47:54.400 | INFO     | logging:callHandlers:1737 [ACCESS] - 127.0.0.1:61040 - "GET /favicon.ico HTTP/1.1" 401
2026-05-18 10:49:11.565 | INFO     | app.middleware.logging:dispatch:26 [ACCESS] - HTTP GET /info - Initiated from 127.0.0.1 | Context: {'request_id': '52151925-5808-476c-94e7-f8a0ce5c46b9', 'client_host': '127.0.0.1', 'method': 'GET', 'path': '/info'}
2026-05-18 10:49:11.575 | WARNING  | app.middleware.logging:dispatch:43 [ACCESS] - HTTP GET /info - 401 in 0.0117s | Context: {'request_id': '52151925-5808-476c-94e7-f8a0ce5c46b9', 'client_host': '127.0.0.1', 'method': 'GET', 'path': '/info', 'status_code': 401, 'duration': 0.0117}
2026-05-18 10:49:11.583 | INFO     | logging:callHandlers:1737 [ACCESS] - 127.0.0.1:60459 - "GET /info HTTP/1.1" 401
2026-05-18 11:04:02.212 | INFO     | app.middleware.logging:dispatch:26 [ACCESS] - HTTP GET /api/v1/ - Initiated from testclient | Context: {'request_id': '0a098ac8-89f2-43f3-9c8e-b4551e5ccdad', 'client_host': 'testclient', 'method': 'GET', 'path': '/api/v1/'}
2026-05-18 11:04:02.245 | INFO     | app.middleware.logging:dispatch:45 [ACCESS] - HTTP GET /api/v1/ - 200 in 0.0337s | Context: {'request_id': '0a098ac8-89f2-43f3-9c8e-b4551e5ccdad', 'client_host': 'testclient', 'method': 'GET', 'path': '/api/v1/', 'status_code': 200, 'duration': 0.0337}
2026-05-18 11:04:02.256 | INFO     | app.middleware.logging:dispatch:26 [ACCESS] - HTTP GET /api/v1/students - Initiated from testclient | Context: {'request_id': '6e601bf8-936d-4d33-a23c-2993cf668687', 'client_host': 'testclient', 'method': 'GET', 'path': '/api/v1/students'}
2026-05-18 11:04:02.257 | WARNING  | app.middleware.logging:dispatch:43 [ACCESS] - HTTP GET /api/v1/students - 401 in 0.0013s | Context: {'request_id': '6e601bf8-936d-4d33-a23c-2993cf668687', 'client_host': 'testclient', 'method': 'GET', 'path': '/api/v1/students', 'status_code': 401, 'duration': 0.0013}
2026-05-18 11:04:02.269 | INFO     | app.middleware.logging:dispatch:26 [ACCESS] - HTTP POST /api/v1/auth/login - Initiated from testclient | Context: {'request_id': 'd49a3a1e-d649-4303-b042-1d7b0c723e8a', 'client_host': 'testclient', 'method': 'POST', 'path': '/api/v1/auth/login'}
2026-05-18 11:04:03.305 | WARNING  | app.middleware.logging:dispatch:43 [ACCESS] - HTTP POST /api/v1/auth/login - 401 in 1.0358s | Context: {'request_id': 'd49a3a1e-d649-4303-b042-1d7b0c723e8a', 'client_host': 'testclient', 'method': 'POST', 'path': '/api/v1/auth/login', 'status_code': 401, 'duration': 1.0358}
2026-05-18 11:04:03.320 | INFO     | app.middleware.logging:dispatch:26 [ACCESS] - HTTP POST /api/v1/auth/register - Initiated from testclient | Context: {'request_id': '784fec0d-3309-4d3f-ab0c-d7578fed38aa', 'client_host': 'testclient', 'method': 'POST', 'path': '/api/v1/auth/register'}
2026-05-18 11:04:03.333 | WARNING  | app.middleware.exception_handlers:validation_exception_handler:49 [ACCESS] - Validation failed for request to /api/v1/auth/register: 3 validation errors:
  {'type': 'string_too_short', 'loc': ('body', 'username'), 'msg': 'String should have at least 3 characters', 'input': 'us', 'ctx': {'min_length': 3}}
  {'type': 'missing', 'loc': ('body', 'email'), 'msg': 'Field required', 'input': {'username': 'us', 'password': '123'}}
  {'type': 'string_too_short', 'loc': ('body', 'password'), 'msg': 'String should have at least 6 characters', 'input': '123', 'ctx': {'min_length': 6}}

  File "D:\ps_03\company-intelligence-platform\backend\app\routes\v1\auth_routes.py", line 22, in register
    POST /api/v1/auth/register | Context: {'request_id': '784fec0d-3309-4d3f-ab0c-d7578fed38aa', 'path': '/api/v1/auth/register', 'error_details': [{'field': 'username', 'issue': 'string_too_short', 'message': 'String should have at least 3 characters'}, {'field': 'email', 'issue': 'missing', 'message': 'Field required'}, {'field': 'password', 'issue': 'string_too_short', 'message': 'String should have at least 6 characters'}]}
2026-05-18 11:04:03.335 | WARNING  | app.middleware.logging:dispatch:43 [ACCESS] - HTTP POST /api/v1/auth/register - 422 in 0.0156s | Context: {'request_id': '784fec0d-3309-4d3f-ab0c-d7578fed38aa', 'client_host': 'testclient', 'method': 'POST', 'path': '/api/v1/auth/register', 'status_code': 422, 'duration': 0.0156}
2026-05-18 11:04:03.347 | INFO     | app.middleware.logging:dispatch:26 [ACCESS] - HTTP POST /api/v1/auth/login - Initiated from testclient | Context: {'request_id': '7b2b64d9-0cb1-4cd3-8de5-8447118d760d', 'client_host': 'testclient', 'method': 'POST', 'path': '/api/v1/auth/login'}
2026-05-18 11:04:03.836 | INFO     | app.middleware.logging:dispatch:45 [ACCESS] - HTTP POST /api/v1/auth/login - 200 in 0.4893s | Context: {'request_id': '7b2b64d9-0cb1-4cd3-8de5-8447118d760d', 'client_host': 'testclient', 'method': 'POST', 'path': '/api/v1/auth/login', 'status_code': 200, 'duration': 0.4893}
2026-05-18 11:04:03.845 | INFO     | app.middleware.logging:dispatch:26 [ACCESS] - HTTP GET /api/v1/students - Initiated from testclient | Context: {'request_id': '088b2bc8-1466-410f-9ed9-147c8625dee9', 'client_host': 'testclient', 'method': 'GET', 'path': '/api/v1/students'}
2026-05-18 11:04:03.886 | ERROR    | app.middleware.logging:dispatch:55 [ACCESS] - HTTP GET /api/v1/students - Exception encountered after 0.0404s: 2 validation errors for StudentResponse
profile
  Error extracting attribute: MissingGreenlet: greenlet_spawn has not been called; can't call await_only() here. Was IO attempted in an unexpected place? (Background on this error at: https://sqlalche.me/e/20/xd2s) [type=get_attribute_error, input_value=<app.models.student.Stude...t at 0x00000290CF5A6270>, input_type=Student]
    For further information visit https://errors.pydantic.dev/2.12/v/get_attribute_error
resumes
  Error extracting attribute: MissingGreenlet: greenlet_spawn has not been called; can't call await_only() here. Was IO attempted in an unexpected place? (Background on this error at: https://sqlalche.me/e/20/xd2s) [type=get_attribute_error, input_value=<app.models.student.Stude...t at 0x00000290CF5A6270>, input_type=Student]
    For further information visit https://errors.pydantic.dev/2.12/v/get_attribute_error | Context: {'request_id': '088b2bc8-1466-410f-9ed9-147c8625dee9', 'client_host': 'testclient', 'method': 'GET', 'path': '/api/v1/students', 'duration': 0.0404}
2026-05-18 11:06:07.319 | INFO     | app.middleware.logging:dispatch:26 [ACCESS] - HTTP GET /info - Initiated from testclient | Context: {'request_id': 'c031ad76-2c55-4a14-9108-6e90440a5729', 'client_host': 'testclient', 'method': 'GET', 'path': '/info'}
2026-05-18 11:06:07.321 | INFO     | app.middleware.logging:dispatch:45 [ACCESS] - HTTP GET /info - 200 in 0.0024s | Context: {'request_id': 'c031ad76-2c55-4a14-9108-6e90440a5729', 'client_host': 'testclient', 'method': 'GET', 'path': '/info', 'status_code': 200, 'duration': 0.0024}
2026-05-18 11:06:07.328 | INFO     | app.middleware.logging:dispatch:26 [ACCESS] - HTTP GET /api/info - Initiated from testclient | Context: {'request_id': '1aa7a93c-52a7-4d4c-abe3-2d98a938e948', 'client_host': 'testclient', 'method': 'GET', 'path': '/api/info'}
2026-05-18 11:06:07.329 | INFO     | app.middleware.logging:dispatch:45 [ACCESS] - HTTP GET /api/info - 200 in 0.0012s | Context: {'request_id': '1aa7a93c-52a7-4d4c-abe3-2d98a938e948', 'client_host': 'testclient', 'method': 'GET', 'path': '/api/info', 'status_code': 200, 'duration': 0.0012}
2026-05-18 11:06:07.333 | INFO     | app.middleware.logging:dispatch:26 [ACCESS] - HTTP GET /api/v1/info - Initiated from testclient | Context: {'request_id': '7a5a417b-9f62-41a5-afb1-d36864a137c9', 'client_host': 'testclient', 'method': 'GET', 'path': '/api/v1/info'}
2026-05-18 11:06:07.334 | INFO     | app.middleware.logging:dispatch:45 [ACCESS] - HTTP GET /api/v1/info - 200 in 0.0011s | Context: {'request_id': '7a5a417b-9f62-41a5-afb1-d36864a137c9', 'client_host': 'testclient', 'method': 'GET', 'path': '/api/v1/info', 'status_code': 200, 'duration': 0.0011}
2026-05-18 11:07:24.642 | INFO     | app.middleware.logging:dispatch:26 [ACCESS] - HTTP GET /api/v1/ - Initiated from testclient | Context: {'request_id': 'b3732e36-6402-4e88-9283-2694630ffd06', 'client_host': 'testclient', 'method': 'GET', 'path': '/api/v1/'}
2026-05-18 11:07:24.752 | INFO     | app.middleware.logging:dispatch:45 [ACCESS] - HTTP GET /api/v1/ - 200 in 0.1109s | Context: {'request_id': 'b3732e36-6402-4e88-9283-2694630ffd06', 'client_host': 'testclient', 'method': 'GET', 'path': '/api/v1/', 'status_code': 200, 'duration': 0.1109}
2026-05-18 11:07:24.781 | INFO     | app.middleware.logging:dispatch:26 [ACCESS] - HTTP GET /api/v1/students - Initiated from testclient | Context: {'request_id': 'a25e2bd3-a5a0-443a-a257-a725973bf8fc', 'client_host': 'testclient', 'method': 'GET', 'path': '/api/v1/students'}
2026-05-18 11:07:24.784 | WARNING  | app.middleware.logging:dispatch:43 [ACCESS] - HTTP GET /api/v1/students - 401 in 0.0035s | Context: {'request_id': 'a25e2bd3-a5a0-443a-a257-a725973bf8fc', 'client_host': 'testclient', 'method': 'GET', 'path': '/api/v1/students', 'status_code': 401, 'duration': 0.0035}
2026-05-18 11:07:24.815 | INFO     | app.middleware.logging:dispatch:26 [ACCESS] - HTTP POST /api/v1/auth/login - Initiated from testclient | Context: {'request_id': '0a0ba30c-288f-49c7-bbeb-cdae838f923e', 'client_host': 'testclient', 'method': 'POST', 'path': '/api/v1/auth/login'}
2026-05-18 11:07:26.881 | WARNING  | app.middleware.logging:dispatch:43 [ACCESS] - HTTP POST /api/v1/auth/login - 401 in 2.0666s | Context: {'request_id': '0a0ba30c-288f-49c7-bbeb-cdae838f923e', 'client_host': 'testclient', 'method': 'POST', 'path': '/api/v1/auth/login', 'status_code': 401, 'duration': 2.0666}
2026-05-18 11:07:26.903 | INFO     | app.middleware.logging:dispatch:26 [ACCESS] - HTTP POST /api/v1/auth/register - Initiated from testclient | Context: {'request_id': '27a9899f-e2be-4954-8eaa-d5e705d20ae6', 'client_host': 'testclient', 'method': 'POST', 'path': '/api/v1/auth/register'}
2026-05-18 11:07:26.922 | WARNING  | app.middleware.exception_handlers:validation_exception_handler:49 [ACCESS] - Validation failed for request to /api/v1/auth/register: 3 validation errors:
  {'type': 'string_too_short', 'loc': ('body', 'username'), 'msg': 'String should have at least 3 characters', 'input': 'us', 'ctx': {'min_length': 3}}
  {'type': 'missing', 'loc': ('body', 'email'), 'msg': 'Field required', 'input': {'username': 'us', 'password': '123'}}
  {'type': 'string_too_short', 'loc': ('body', 'password'), 'msg': 'String should have at least 6 characters', 'input': '123', 'ctx': {'min_length': 6}}

  File "D:\ps_03\company-intelligence-platform\backend\app\routes\v1\auth_routes.py", line 22, in register
    POST /api/v1/auth/register | Context: {'request_id': '27a9899f-e2be-4954-8eaa-d5e705d20ae6', 'path': '/api/v1/auth/register', 'error_details': [{'field': 'username', 'issue': 'string_too_short', 'message': 'String should have at least 3 characters'}, {'field': 'email', 'issue': 'missing', 'message': 'Field required'}, {'field': 'password', 'issue': 'string_too_short', 'message': 'String should have at least 6 characters'}]}
2026-05-18 11:07:26.926 | WARNING  | app.middleware.logging:dispatch:43 [ACCESS] - HTTP POST /api/v1/auth/register - 422 in 0.0228s | Context: {'request_id': '27a9899f-e2be-4954-8eaa-d5e705d20ae6', 'client_host': 'testclient', 'method': 'POST', 'path': '/api/v1/auth/register', 'status_code': 422, 'duration': 0.0228}
2026-05-18 11:07:26.942 | INFO     | app.middleware.logging:dispatch:26 [ACCESS] - HTTP POST /api/v1/auth/login - Initiated from testclient | Context: {'request_id': '0ab89618-e9a9-476b-a66d-100f01540264', 'client_host': 'testclient', 'method': 'POST', 'path': '/api/v1/auth/login'}
2026-05-18 11:07:27.665 | INFO     | app.middleware.logging:dispatch:45 [ACCESS] - HTTP POST /api/v1/auth/login - 200 in 0.7235s | Context: {'request_id': '0ab89618-e9a9-476b-a66d-100f01540264', 'client_host': 'testclient', 'method': 'POST', 'path': '/api/v1/auth/login', 'status_code': 200, 'duration': 0.7235}
2026-05-18 11:07:27.698 | INFO     | app.middleware.logging:dispatch:26 [ACCESS] - HTTP GET /api/v1/students - Initiated from testclient | Context: {'request_id': '92e00a82-5904-4afc-96cf-2be522887a0b', 'client_host': 'testclient', 'method': 'GET', 'path': '/api/v1/students'}
2026-05-18 11:07:27.839 | INFO     | app.middleware.logging:dispatch:45 [ACCESS] - HTTP GET /api/v1/students - 200 in 0.1419s | Context: {'request_id': '92e00a82-5904-4afc-96cf-2be522887a0b', 'client_host': 'testclient', 'method': 'GET', 'path': '/api/v1/students', 'status_code': 200, 'duration': 0.1419}
2026-05-18 11:07:27.859 | INFO     | app.middleware.logging:dispatch:26 [ACCESS] - HTTP POST /api/v1/auth/login - Initiated from testclient | Context: {'request_id': 'f3d6552f-88c7-452f-89db-fe99efa86027', 'client_host': 'testclient', 'method': 'POST', 'path': '/api/v1/auth/login'}
2026-05-18 11:07:28.322 | INFO     | app.middleware.logging:dispatch:45 [ACCESS] - HTTP POST /api/v1/auth/login - 200 in 0.4639s | Context: {'request_id': 'f3d6552f-88c7-452f-89db-fe99efa86027', 'client_host': 'testclient', 'method': 'POST', 'path': '/api/v1/auth/login', 'status_code': 200, 'duration': 0.4639}
2026-05-18 11:07:28.342 | INFO     | app.middleware.logging:dispatch:26 [ACCESS] - HTTP GET /api/v1/students - Initiated from testclient | Context: {'request_id': 'cab2e496-9064-49d6-970e-6f9f524167e5', 'client_host': 'testclient', 'method': 'GET', 'path': '/api/v1/students'}
2026-05-18 11:07:28.441 | INFO     | app.middleware.logging:dispatch:45 [ACCESS] - HTTP GET /api/v1/students - 200 in 0.0992s | Context: {'request_id': 'cab2e496-9064-49d6-970e-6f9f524167e5', 'client_host': 'testclient', 'method': 'GET', 'path': '/api/v1/students', 'status_code': 200, 'duration': 0.0992}
2026-05-18 11:07:28.462 | INFO     | app.middleware.logging:dispatch:26 [ACCESS] - HTTP GET /api/v1/students - Initiated from testclient | Context: {'request_id': 'c8776cbb-e2ff-4754-960a-3d1da3b54c95', 'client_host': 'testclient', 'method': 'GET', 'path': '/api/v1/students'}
2026-05-18 11:07:28.555 | INFO     | app.middleware.logging:dispatch:45 [ACCESS] - HTTP GET /api/v1/students - 200 in 0.0931s | Context: {'request_id': 'c8776cbb-e2ff-4754-960a-3d1da3b54c95', 'client_host': 'testclient', 'method': 'GET', 'path': '/api/v1/students', 'status_code': 200, 'duration': 0.0931}
2026-05-18 11:07:28.570 | INFO     | app.middleware.logging:dispatch:26 [ACCESS] - HTTP GET /api/v1/students - Initiated from testclient | Context: {'request_id': 'ff34847f-0030-441a-8bbf-ad5535327dab', 'client_host': 'testclient', 'method': 'GET', 'path': '/api/v1/students'}
2026-05-18 11:07:28.652 | INFO     | app.middleware.logging:dispatch:45 [ACCESS] - HTTP GET /api/v1/students - 200 in 0.0823s | Context: {'request_id': 'ff34847f-0030-441a-8bbf-ad5535327dab', 'client_host': 'testclient', 'method': 'GET', 'path': '/api/v1/students', 'status_code': 200, 'duration': 0.0823}
2026-05-18 11:07:28.672 | INFO     | app.middleware.logging:dispatch:26 [ACCESS] - HTTP GET /api/v1/students - Initiated from testclient | Context: {'request_id': '3e0d7397-978e-4eb6-8c41-ac57b3036875', 'client_host': 'testclient', 'method': 'GET', 'path': '/api/v1/students'}
2026-05-18 11:07:28.775 | INFO     | app.middleware.logging:dispatch:45 [ACCESS] - HTTP GET /api/v1/students - 200 in 0.1036s | Context: {'request_id': '3e0d7397-978e-4eb6-8c41-ac57b3036875', 'client_host': 'testclient', 'method': 'GET', 'path': '/api/v1/students', 'status_code': 200, 'duration': 0.1036}
2026-05-18 11:07:28.792 | INFO     | app.middleware.logging:dispatch:26 [ACCESS] - HTTP GET /api/v1/students - Initiated from testclient | Context: {'request_id': '3c2979cd-7d76-46c9-8b74-1bf61cba660f', 'client_host': 'testclient', 'method': 'GET', 'path': '/api/v1/students'}
2026-05-18 11:07:28.812 | WARNING  | app.middleware.logging:dispatch:43 [ACCESS] - HTTP GET /api/v1/students - 429 in 0.0194s | Context: {'request_id': '3c2979cd-7d76-46c9-8b74-1bf61cba660f', 'client_host': 'testclient', 'method': 'GET', 'path': '/api/v1/students', 'status_code': 429, 'duration': 0.0194}
2026-05-18 11:07:28.830 | INFO     | app.middleware.logging:dispatch:26 [ACCESS] - HTTP GET /api/v1/remediation/suggestions - Initiated from testclient | Context: {'request_id': 'cd2fe440-fd5d-4a05-8c30-ccda69495aeb', 'client_host': 'testclient', 'method': 'GET', 'path': '/api/v1/remediation/suggestions'}
2026-05-18 11:07:28.850 | INFO     | app.middleware.logging:dispatch:45 [ACCESS] - HTTP GET /api/v1/remediation/suggestions - 200 in 0.0203s | Context: {'request_id': 'cd2fe440-fd5d-4a05-8c30-ccda69495aeb', 'client_host': 'testclient', 'method': 'GET', 'path': '/api/v1/remediation/suggestions', 'status_code': 200, 'duration': 0.0203}
2026-05-18 11:07:28.938 | INFO     | app.middleware.logging:dispatch:26 [ACCESS] - HTTP GET /api/v1/remediation/suggestions - Initiated from testclient | Context: {'request_id': '079149b2-aca4-49be-8783-710d542b7ace', 'client_host': 'testclient', 'method': 'GET', 'path': '/api/v1/remediation/suggestions'}
2026-05-18 11:07:28.969 | INFO     | app.middleware.logging:dispatch:45 [ACCESS] - HTTP GET /api/v1/remediation/suggestions - 200 in 0.0313s | Context: {'request_id': '079149b2-aca4-49be-8783-710d542b7ace', 'client_host': 'testclient', 'method': 'GET', 'path': '/api/v1/remediation/suggestions', 'status_code': 200, 'duration': 0.0313}
2026-05-18 11:07:28.988 | INFO     | app.middleware.logging:dispatch:26 [ACCESS] - HTTP POST /api/v1/remediation/suggestion/test-sugg-uuid-999/approve - Initiated from testclient | Context: {'request_id': 'ffea7eb3-3689-4e0b-ba08-fff5eb1d430f', 'client_host': 'testclient', 'method': 'POST', 'path': '/api/v1/remediation/suggestion/test-sugg-uuid-999/approve'}
2026-05-18 11:07:29.081 | INFO     | app.middleware.logging:dispatch:45 [ACCESS] - HTTP POST /api/v1/remediation/suggestion/test-sugg-uuid-999/approve - 200 in 0.0941s | Context: {'request_id': 'ffea7eb3-3689-4e0b-ba08-fff5eb1d430f', 'client_host': 'testclient', 'method': 'POST', 'path': '/api/v1/remediation/suggestion/test-sugg-uuid-999/approve', 'status_code': 200, 'duration': 0.0941}
2026-05-18 11:07:31.612 | INFO     | app.middleware.logging:dispatch:26 [ACCESS] - HTTP POST /api/v1/auth/login - Initiated from testclient | Context: {'request_id': '2328f649-73d8-4f60-803e-52ba8d1600c9', 'client_host': 'testclient', 'method': 'POST', 'path': '/api/v1/auth/login'}
2026-05-18 11:07:32.125 | INFO     | app.middleware.logging:dispatch:45 [ACCESS] - HTTP POST /api/v1/auth/login - 200 in 0.5138s | Context: {'request_id': '2328f649-73d8-4f60-803e-52ba8d1600c9', 'client_host': 'testclient', 'method': 'POST', 'path': '/api/v1/auth/login', 'status_code': 200, 'duration': 0.5138}
2026-05-18 11:07:32.137 | INFO     | app.middleware.logging:dispatch:26 [ACCESS] - HTTP GET /api/v1/analytics/dashboard - Initiated from testclient | Context: {'request_id': 'dddceeea-bd4e-482a-bf9b-841809c9b811', 'client_host': 'testclient', 'method': 'GET', 'path': '/api/v1/analytics/dashboard'}
2026-05-18 11:07:32.231 | INFO     | app.middleware.logging:dispatch:45 [ACCESS] - HTTP GET /api/v1/analytics/dashboard - 200 in 0.0939s | Context: {'request_id': 'dddceeea-bd4e-482a-bf9b-841809c9b811', 'client_host': 'testclient', 'method': 'GET', 'path': '/api/v1/analytics/dashboard', 'status_code': 200, 'duration': 0.0939}
2026-05-18 11:15:31.426 | INFO     | app.middleware.logging:dispatch:26 [ACCESS] - HTTP GET /favicon.ico - Initiated from 127.0.0.1 | Context: {'request_id': 'bb7aca99-10c8-44f0-9f6e-473b16255e4f', 'client_host': '127.0.0.1', 'method': 'GET', 'path': '/favicon.ico'}
2026-05-18 11:15:31.693 | WARNING  | app.middleware.logging:dispatch:43 [ACCESS] - HTTP GET /favicon.ico - 401 in 0.3059s | Context: {'request_id': 'bb7aca99-10c8-44f0-9f6e-473b16255e4f', 'client_host': '127.0.0.1', 'method': 'GET', 'path': '/favicon.ico', 'status_code': 401, 'duration': 0.3059}
2026-05-18 11:15:31.731 | INFO     | logging:callHandlers:1737 [ACCESS] - 127.0.0.1:64552 - "GET /favicon.ico HTTP/1.1" 401
2026-05-18 11:15:31.764 | INFO     | app.middleware.logging:dispatch:26 [ACCESS] - HTTP GET /favicon.ico - Initiated from 127.0.0.1 | Context: {'request_id': 'cc4458a7-e581-4440-aa89-749661c08e6f', 'client_host': '127.0.0.1', 'method': 'GET', 'path': '/favicon.ico'}
2026-05-18 11:15:31.774 | WARNING  | app.middleware.logging:dispatch:43 [ACCESS] - HTTP GET /favicon.ico - 401 in 0.0109s | Context: {'request_id': 'cc4458a7-e581-4440-aa89-749661c08e6f', 'client_host': '127.0.0.1', 'method': 'GET', 'path': '/favicon.ico', 'status_code': 401, 'duration': 0.0109}
2026-05-18 11:15:31.788 | INFO     | logging:callHandlers:1737 [ACCESS] - 127.0.0.1:64552 - "GET /favicon.ico HTTP/1.1" 401
2026-05-18 11:17:36.259 | INFO     | app.middleware.logging:dispatch:26 [ACCESS] - HTTP POST /api/research - Initiated from 127.0.0.1 | Context: {'request_id': 'f877c7ca-0ce6-4c1a-82c8-e1097c53f666', 'client_host': '127.0.0.1', 'method': 'POST', 'path': '/api/research'}
2026-05-18 11:18:48.420 | WARNING  | app.middleware.exception_handlers:http_exception_handler:87 [ACCESS] - HTTP exception 500 raised on /api/research: Database initialization failure: 
Retry limit exceeded while trying to reconnect to the Celery result store
backend. The Celery application must be restarted.
 | Context: {'request_id': 'f877c7ca-0ce6-4c1a-82c8-e1097c53f666', 'status_code': 500, 'path': '/api/research'}
2026-05-18 11:18:48.473 | ERROR    | app.middleware.logging:dispatch:41 [ACCESS] - HTTP POST /api/research - 500 in 72.2267s | Context: {'request_id': 'f877c7ca-0ce6-4c1a-82c8-e1097c53f666', 'client_host': '127.0.0.1', 'method': 'POST', 'path': '/api/research', 'status_code': 500, 'duration': 72.2267}
2026-05-18 11:18:48.491 | INFO     | logging:callHandlers:1737 [ACCESS] - 127.0.0.1:62781 - "POST /api/research HTTP/1.1" 500
2026-05-18 11:23:55.182 | INFO     | app.middleware.logging:dispatch:26 [ACCESS] - HTTP GET /api/session/test_session/parameters - Initiated from testclient | Context: {'request_id': '5fd32b79-79a8-4073-a4a3-41f2eaf7ce1f', 'client_host': 'testclient', 'method': 'GET', 'path': '/api/session/test_session/parameters'}
2026-05-18 11:23:56.208 | INFO     | app.middleware.logging:dispatch:45 [ACCESS] - HTTP GET /api/session/test_session/parameters - 200 in 1.0260s | Context: {'request_id': '5fd32b79-79a8-4073-a4a3-41f2eaf7ce1f', 'client_host': 'testclient', 'method': 'GET', 'path': '/api/session/test_session/parameters', 'status_code': 200, 'duration': 1.026}
2026-05-18 11:24:09.579 | INFO     | app.middleware.logging:dispatch:26 [ACCESS] - HTTP GET /api/session/test_session/parameters - Initiated from testclient | Context: {'request_id': 'f09907a8-2097-4a75-86c7-83485d9806f5', 'client_host': 'testclient', 'method': 'GET', 'path': '/api/session/test_session/parameters'}
2026-05-18 11:24:10.096 | INFO     | app.middleware.logging:dispatch:45 [ACCESS] - HTTP GET /api/session/test_session/parameters - 200 in 0.5175s | Context: {'request_id': 'f09907a8-2097-4a75-86c7-83485d9806f5', 'client_host': 'testclient', 'method': 'GET', 'path': '/api/session/test_session/parameters', 'status_code': 200, 'duration': 0.5175}
2026-05-18 11:24:21.420 | INFO     | app.middleware.logging:dispatch:26 [ACCESS] - HTTP GET / - Initiated from testclient | Context: {'request_id': '89e0fe30-0920-4184-a699-40534f4ad4b8', 'client_host': 'testclient', 'method': 'GET', 'path': '/'}
2026-05-18 11:24:21.435 | INFO     | app.middleware.logging:dispatch:45 [ACCESS] - HTTP GET / - 200 in 0.0153s | Context: {'request_id': '89e0fe30-0920-4184-a699-40534f4ad4b8', 'client_host': 'testclient', 'method': 'GET', 'path': '/', 'status_code': 200, 'duration': 0.0153}
2026-05-18 11:24:21.444 | INFO     | app.middleware.logging:dispatch:26 [ACCESS] - HTTP GET /api/students - Initiated from testclient | Context: {'request_id': '48a5d81d-377f-476d-add4-5e7a05f7a00f', 'client_host': 'testclient', 'method': 'GET', 'path': '/api/students'}
2026-05-18 11:24:21.445 | WARNING  | app.middleware.logging:dispatch:43 [ACCESS] - HTTP GET /api/students - 401 in 0.0019s | Context: {'request_id': '48a5d81d-377f-476d-add4-5e7a05f7a00f', 'client_host': 'testclient', 'method': 'GET', 'path': '/api/students', 'status_code': 401, 'duration': 0.0019}
2026-05-18 11:24:21.456 | INFO     | app.middleware.logging:dispatch:26 [ACCESS] - HTTP POST /api/auth/login - Initiated from testclient | Context: {'request_id': '7a3d5c84-f296-4f8d-a526-0a4916cf3a20', 'client_host': 'testclient', 'method': 'POST', 'path': '/api/auth/login'}
2026-05-18 11:24:22.517 | WARNING  | app.middleware.logging:dispatch:43 [ACCESS] - HTTP POST /api/auth/login - 401 in 1.0613s | Context: {'request_id': '7a3d5c84-f296-4f8d-a526-0a4916cf3a20', 'client_host': 'testclient', 'method': 'POST', 'path': '/api/auth/login', 'status_code': 401, 'duration': 1.0613}
2026-05-18 11:24:22.534 | INFO     | app.middleware.logging:dispatch:26 [ACCESS] - HTTP POST /api/auth/register - Initiated from testclient | Context: {'request_id': 'da61e3f5-ed73-4840-abbf-5aa8523adb6b', 'client_host': 'testclient', 'method': 'POST', 'path': '/api/auth/register'}
2026-05-18 11:24:22.544 | WARNING  | app.middleware.exception_handlers:validation_exception_handler:49 [ACCESS] - Validation failed for request to /api/auth/register: 3 validation errors:
  {'type': 'string_too_short', 'loc': ('body', 'username'), 'msg': 'String should have at least 3 characters', 'input': 'us', 'ctx': {'min_length': 3}}
  {'type': 'missing', 'loc': ('body', 'email'), 'msg': 'Field required', 'input': {'username': 'us', 'password': '123'}}
  {'type': 'string_too_short', 'loc': ('body', 'password'), 'msg': 'String should have at least 6 characters', 'input': '123', 'ctx': {'min_length': 6}}

  File "D:\ps_03\company-intelligence-platform\backend\app\routes\v1\auth_routes.py", line 22, in register
    POST /api/auth/register | Context: {'request_id': 'da61e3f5-ed73-4840-abbf-5aa8523adb6b', 'path': '/api/auth/register', 'error_details': [{'field': 'username', 'issue': 'string_too_short', 'message': 'String should have at least 3 characters'}, {'field': 'email', 'issue': 'missing', 'message': 'Field required'}, {'field': 'password', 'issue': 'string_too_short', 'message': 'String should have at least 6 characters'}]}
2026-05-18 11:24:22.547 | WARNING  | app.middleware.logging:dispatch:43 [ACCESS] - HTTP POST /api/auth/register - 422 in 0.0139s | Context: {'request_id': 'da61e3f5-ed73-4840-abbf-5aa8523adb6b', 'client_host': 'testclient', 'method': 'POST', 'path': '/api/auth/register', 'status_code': 422, 'duration': 0.0139}
2026-05-18 11:24:22.560 | INFO     | app.middleware.logging:dispatch:26 [ACCESS] - HTTP POST /api/auth/login - Initiated from testclient | Context: {'request_id': 'a1287e57-b436-449f-a364-302cde6e73c0', 'client_host': 'testclient', 'method': 'POST', 'path': '/api/auth/login'}
2026-05-18 11:24:23.065 | INFO     | app.middleware.logging:dispatch:45 [ACCESS] - HTTP POST /api/auth/login - 200 in 0.5058s | Context: {'request_id': 'a1287e57-b436-449f-a364-302cde6e73c0', 'client_host': 'testclient', 'method': 'POST', 'path': '/api/auth/login', 'status_code': 200, 'duration': 0.5058}
2026-05-18 11:24:23.074 | INFO     | app.middleware.logging:dispatch:26 [ACCESS] - HTTP GET /api/students - Initiated from testclient | Context: {'request_id': '95950821-468b-4458-9105-902180d9ed15', 'client_host': 'testclient', 'method': 'GET', 'path': '/api/students'}
2026-05-18 11:24:23.143 | INFO     | app.middleware.logging:dispatch:45 [ACCESS] - HTTP GET /api/students - 200 in 0.0692s | Context: {'request_id': '95950821-468b-4458-9105-902180d9ed15', 'client_host': 'testclient', 'method': 'GET', 'path': '/api/students', 'status_code': 200, 'duration': 0.0692}
2026-05-18 11:24:23.158 | INFO     | app.middleware.logging:dispatch:26 [ACCESS] - HTTP POST /api/auth/login - Initiated from testclient | Context: {'request_id': 'ec2f84df-b1cd-43d3-899f-6344753498c7', 'client_host': 'testclient', 'method': 'POST', 'path': '/api/auth/login'}
2026-05-18 11:24:23.574 | INFO     | app.middleware.logging:dispatch:45 [ACCESS] - HTTP POST /api/auth/login - 200 in 0.4169s | Context: {'request_id': 'ec2f84df-b1cd-43d3-899f-6344753498c7', 'client_host': 'testclient', 'method': 'POST', 'path': '/api/auth/login', 'status_code': 200, 'duration': 0.4169}
2026-05-18 11:24:23.584 | INFO     | app.middleware.logging:dispatch:26 [ACCESS] - HTTP GET /api/students - Initiated from testclient | Context: {'request_id': '61d2e895-f221-4cbb-a806-2761fe9b9507', 'client_host': 'testclient', 'method': 'GET', 'path': '/api/students'}
2026-05-18 11:24:23.648 | INFO     | app.middleware.logging:dispatch:45 [ACCESS] - HTTP GET /api/students - 200 in 0.0634s | Context: {'request_id': '61d2e895-f221-4cbb-a806-2761fe9b9507', 'client_host': 'testclient', 'method': 'GET', 'path': '/api/students', 'status_code': 200, 'duration': 0.0634}
2026-05-18 11:24:23.659 | INFO     | app.middleware.logging:dispatch:26 [ACCESS] - HTTP GET /api/students - Initiated from testclient | Context: {'request_id': 'd2dd4973-75fd-4e3f-a5e5-ab5e2fa3e070', 'client_host': 'testclient', 'method': 'GET', 'path': '/api/students'}
2026-05-18 11:24:23.717 | INFO     | app.middleware.logging:dispatch:45 [ACCESS] - HTTP GET /api/students - 200 in 0.0580s | Context: {'request_id': 'd2dd4973-75fd-4e3f-a5e5-ab5e2fa3e070', 'client_host': 'testclient', 'method': 'GET', 'path': '/api/students', 'status_code': 200, 'duration': 0.058}
2026-05-18 11:24:23.728 | INFO     | app.middleware.logging:dispatch:26 [ACCESS] - HTTP GET /api/students - Initiated from testclient | Context: {'request_id': '2984a4fc-0163-4aff-9bef-75d94a179c45', 'client_host': 'testclient', 'method': 'GET', 'path': '/api/students'}
2026-05-18 11:24:23.786 | INFO     | app.middleware.logging:dispatch:45 [ACCESS] - HTTP GET /api/students - 200 in 0.0586s | Context: {'request_id': '2984a4fc-0163-4aff-9bef-75d94a179c45', 'client_host': 'testclient', 'method': 'GET', 'path': '/api/students', 'status_code': 200, 'duration': 0.0586}
2026-05-18 11:24:23.799 | INFO     | app.middleware.logging:dispatch:26 [ACCESS] - HTTP GET /api/students - Initiated from testclient | Context: {'request_id': '73e46f6e-14eb-4007-bd96-d9538ac2c3a8', 'client_host': 'testclient', 'method': 'GET', 'path': '/api/students'}
2026-05-18 11:24:23.861 | INFO     | app.middleware.logging:dispatch:45 [ACCESS] - HTTP GET /api/students - 200 in 0.0624s | Context: {'request_id': '73e46f6e-14eb-4007-bd96-d9538ac2c3a8', 'client_host': 'testclient', 'method': 'GET', 'path': '/api/students', 'status_code': 200, 'duration': 0.0624}
2026-05-18 11:24:23.874 | INFO     | app.middleware.logging:dispatch:26 [ACCESS] - HTTP GET /api/students - Initiated from testclient | Context: {'request_id': 'ec9b0f22-528c-4c0f-957b-cf99c1da610c', 'client_host': 'testclient', 'method': 'GET', 'path': '/api/students'}
2026-05-18 11:24:23.882 | WARNING  | app.middleware.logging:dispatch:43 [ACCESS] - HTTP GET /api/students - 429 in 0.0085s | Context: {'request_id': 'ec9b0f22-528c-4c0f-957b-cf99c1da610c', 'client_host': 'testclient', 'method': 'GET', 'path': '/api/students', 'status_code': 429, 'duration': 0.0085}
2026-05-18 11:24:23.897 | INFO     | app.middleware.logging:dispatch:26 [ACCESS] - HTTP GET /api/remediation/suggestions - Initiated from testclient | Context: {'request_id': '01c325d8-857d-43e9-bb0b-0e50735bb773', 'client_host': 'testclient', 'method': 'GET', 'path': '/api/remediation/suggestions'}
2026-05-18 11:24:23.915 | INFO     | app.middleware.logging:dispatch:45 [ACCESS] - HTTP GET /api/remediation/suggestions - 200 in 0.0177s | Context: {'request_id': '01c325d8-857d-43e9-bb0b-0e50735bb773', 'client_host': 'testclient', 'method': 'GET', 'path': '/api/remediation/suggestions', 'status_code': 200, 'duration': 0.0177}
2026-05-18 11:24:23.983 | INFO     | app.middleware.logging:dispatch:26 [ACCESS] - HTTP GET /api/remediation/suggestions - Initiated from testclient | Context: {'request_id': 'ab4a9b50-1cd4-45cb-b1af-f4b52c986923', 'client_host': 'testclient', 'method': 'GET', 'path': '/api/remediation/suggestions'}
2026-05-18 11:24:24.001 | INFO     | app.middleware.logging:dispatch:45 [ACCESS] - HTTP GET /api/remediation/suggestions - 200 in 0.0185s | Context: {'request_id': 'ab4a9b50-1cd4-45cb-b1af-f4b52c986923', 'client_host': 'testclient', 'method': 'GET', 'path': '/api/remediation/suggestions', 'status_code': 200, 'duration': 0.0185}
2026-05-18 11:24:24.014 | INFO     | app.middleware.logging:dispatch:26 [ACCESS] - HTTP POST /api/remediation/suggestion/test-sugg-uuid-999/approve - Initiated from testclient | Context: {'request_id': 'ec5bb914-37b2-4b0d-93e1-de188409f5fb', 'client_host': 'testclient', 'method': 'POST', 'path': '/api/remediation/suggestion/test-sugg-uuid-999/approve'}
2026-05-18 11:24:24.073 | INFO     | app.middleware.logging:dispatch:45 [ACCESS] - HTTP POST /api/remediation/suggestion/test-sugg-uuid-999/approve - 200 in 0.0590s | Context: {'request_id': 'ec5bb914-37b2-4b0d-93e1-de188409f5fb', 'client_host': 'testclient', 'method': 'POST', 'path': '/api/remediation/suggestion/test-sugg-uuid-999/approve', 'status_code': 200, 'duration': 0.059}
2026-05-18 11:24:42.228 | INFO     | app.middleware.logging:dispatch:26 [ACCESS] - HTTP POST /api/auth/login - Initiated from testclient | Context: {'request_id': 'd6848e5a-4803-485a-94fe-41d1f21d0efd', 'client_host': 'testclient', 'method': 'POST', 'path': '/api/auth/login'}
2026-05-18 11:24:42.519 | INFO     | app.middleware.logging:dispatch:45 [ACCESS] - HTTP POST /api/auth/login - 200 in 0.2914s | Context: {'request_id': 'd6848e5a-4803-485a-94fe-41d1f21d0efd', 'client_host': 'testclient', 'method': 'POST', 'path': '/api/auth/login', 'status_code': 200, 'duration': 0.2914}
2026-05-18 11:24:42.527 | INFO     | app.middleware.logging:dispatch:26 [ACCESS] - HTTP GET /api/analytics/dashboard - Initiated from testclient | Context: {'request_id': 'c55a42f9-8718-45ce-9752-3623474129ae', 'client_host': 'testclient', 'method': 'GET', 'path': '/api/analytics/dashboard'}
2026-05-18 11:24:42.578 | INFO     | app.middleware.logging:dispatch:45 [ACCESS] - HTTP GET /api/analytics/dashboard - 200 in 0.0516s | Context: {'request_id': 'c55a42f9-8718-45ce-9752-3623474129ae', 'client_host': 'testclient', 'method': 'GET', 'path': '/api/analytics/dashboard', 'status_code': 200, 'duration': 0.0516}
2026-05-18 11:29:00.889 | INFO     | app.middleware.logging:dispatch:26 [ACCESS] - HTTP POST /api/research - Initiated from 127.0.0.1 | Context: {'request_id': '52c471ff-90a0-4a2d-8d25-4c902aca6017', 'client_host': '127.0.0.1', 'method': 'POST', 'path': '/api/research'}
2026-05-18 11:30:11.830 | WARNING  | app.middleware.exception_handlers:http_exception_handler:87 [ACCESS] - HTTP exception 500 raised on /api/research: Database initialization failure: 
Retry limit exceeded while trying to reconnect to the Celery result store
backend. The Celery application must be restarted.
 | Context: {'request_id': '52c471ff-90a0-4a2d-8d25-4c902aca6017', 'status_code': 500, 'path': '/api/research'}
2026-05-18 11:30:11.833 | ERROR    | app.middleware.logging:dispatch:41 [ACCESS] - HTTP POST /api/research - 500 in 70.9511s | Context: {'request_id': '52c471ff-90a0-4a2d-8d25-4c902aca6017', 'client_host': '127.0.0.1', 'method': 'POST', 'path': '/api/research', 'status_code': 500, 'duration': 70.9511}
2026-05-18 11:30:11.835 | INFO     | logging:callHandlers:1737 [ACCESS] - 127.0.0.1:58730 - "POST /api/research HTTP/1.1" 500
2026-05-18 14:02:25.045 | INFO     | app.middleware.logging:dispatch:26 [ACCESS] - HTTP POST /api/research - Initiated from 127.0.0.1 | Context: {'request_id': 'e644b5ff-467e-4047-954f-1e5255e206be', 'client_host': '127.0.0.1', 'method': 'POST', 'path': '/api/research'}
2026-05-18 14:03:44.015 | WARNING  | app.middleware.exception_handlers:http_exception_handler:87 [ACCESS] - HTTP exception 500 raised on /api/research: Database initialization failure: 
Retry limit exceeded while trying to reconnect to the Celery result store
backend. The Celery application must be restarted.
 | Context: {'request_id': 'e644b5ff-467e-4047-954f-1e5255e206be', 'status_code': 500, 'path': '/api/research'}
2026-05-18 14:03:44.057 | ERROR    | app.middleware.logging:dispatch:41 [ACCESS] - HTTP POST /api/research - 500 in 79.0122s | Context: {'request_id': 'e644b5ff-467e-4047-954f-1e5255e206be', 'client_host': '127.0.0.1', 'method': 'POST', 'path': '/api/research', 'status_code': 500, 'duration': 79.0122}
2026-05-18 14:03:44.067 | INFO     | logging:callHandlers:1737 [ACCESS] - 127.0.0.1:55968 - "POST /api/research HTTP/1.1" 500
2026-05-19 07:53:03.335 | INFO     | app.middleware.logging:dispatch:26 [ACCESS] - HTTP GET /api/v1/ - Initiated from testclient | Context: {'request_id': 'ae70af3e-35ea-4693-9a27-1175607ee631', 'client_host': 'testclient', 'method': 'GET', 'path': '/api/v1/'}
2026-05-19 07:53:03.360 | INFO     | app.middleware.logging:dispatch:45 [ACCESS] - HTTP GET /api/v1/ - 200 in 0.0253s | Context: {'request_id': 'ae70af3e-35ea-4693-9a27-1175607ee631', 'client_host': 'testclient', 'method': 'GET', 'path': '/api/v1/', 'status_code': 200, 'duration': 0.0253}
2026-05-19 07:53:03.373 | INFO     | app.middleware.logging:dispatch:26 [ACCESS] - HTTP GET /api/v1/students - Initiated from testclient | Context: {'request_id': '7e672c06-bd9a-41bf-8855-6177e22bee85', 'client_host': 'testclient', 'method': 'GET', 'path': '/api/v1/students'}
2026-05-19 07:53:03.374 | WARNING  | app.middleware.logging:dispatch:43 [ACCESS] - HTTP GET /api/v1/students - 401 in 0.0011s | Context: {'request_id': '7e672c06-bd9a-41bf-8855-6177e22bee85', 'client_host': 'testclient', 'method': 'GET', 'path': '/api/v1/students', 'status_code': 401, 'duration': 0.0011}
2026-05-19 07:53:03.382 | INFO     | app.middleware.logging:dispatch:26 [ACCESS] - HTTP POST /api/v1/auth/login - Initiated from testclient | Context: {'request_id': '90ac514d-fac9-4d6f-ab83-d9c0f36d3e5a', 'client_host': 'testclient', 'method': 'POST', 'path': '/api/v1/auth/login'}
2026-05-19 07:53:03.839 | WARNING  | app.middleware.logging:dispatch:43 [ACCESS] - HTTP POST /api/v1/auth/login - 401 in 0.4570s | Context: {'request_id': '90ac514d-fac9-4d6f-ab83-d9c0f36d3e5a', 'client_host': 'testclient', 'method': 'POST', 'path': '/api/v1/auth/login', 'status_code': 401, 'duration': 0.457}
2026-05-19 07:53:03.851 | INFO     | app.middleware.logging:dispatch:26 [ACCESS] - HTTP POST /api/v1/auth/register - Initiated from testclient | Context: {'request_id': 'ff0dcbdd-9f0a-49ab-86a1-6a4218e634ea', 'client_host': 'testclient', 'method': 'POST', 'path': '/api/v1/auth/register'}
2026-05-19 07:53:03.859 | WARNING  | app.middleware.exception_handlers:validation_exception_handler:49 [ACCESS] - Validation failed for request to /api/v1/auth/register: 3 validation errors:
  {'type': 'string_too_short', 'loc': ('body', 'username'), 'msg': 'String should have at least 3 characters', 'input': 'us', 'ctx': {'min_length': 3}}
  {'type': 'missing', 'loc': ('body', 'email'), 'msg': 'Field required', 'input': {'username': 'us', 'password': '123'}}
  {'type': 'string_too_short', 'loc': ('body', 'password'), 'msg': 'String should have at least 6 characters', 'input': '123', 'ctx': {'min_length': 6}}

  File "D:\ps_03\company-intelligence-platform\backend\app\routes\v1\auth_routes.py", line 22, in register
    POST /api/v1/auth/register | Context: {'request_id': 'ff0dcbdd-9f0a-49ab-86a1-6a4218e634ea', 'path': '/api/v1/auth/register', 'error_details': [{'field': 'username', 'issue': 'string_too_short', 'message': 'String should have at least 3 characters'}, {'field': 'email', 'issue': 'missing', 'message': 'Field required'}, {'field': 'password', 'issue': 'string_too_short', 'message': 'String should have at least 6 characters'}]}
2026-05-19 07:53:03.861 | WARNING  | app.middleware.logging:dispatch:43 [ACCESS] - HTTP POST /api/v1/auth/register - 422 in 0.0106s | Context: {'request_id': 'ff0dcbdd-9f0a-49ab-86a1-6a4218e634ea', 'client_host': 'testclient', 'method': 'POST', 'path': '/api/v1/auth/register', 'status_code': 422, 'duration': 0.0106}
2026-05-19 07:53:03.877 | INFO     | app.middleware.logging:dispatch:26 [ACCESS] - HTTP POST /api/v1/auth/login - Initiated from testclient | Context: {'request_id': '0a505364-a68a-48ec-b75c-b3fb57d1c56f', 'client_host': 'testclient', 'method': 'POST', 'path': '/api/v1/auth/login'}
2026-05-19 07:53:04.153 | INFO     | app.middleware.logging:dispatch:45 [ACCESS] - HTTP POST /api/v1/auth/login - 200 in 0.2755s | Context: {'request_id': '0a505364-a68a-48ec-b75c-b3fb57d1c56f', 'client_host': 'testclient', 'method': 'POST', 'path': '/api/v1/auth/login', 'status_code': 200, 'duration': 0.2755}
2026-05-19 07:53:04.160 | INFO     | app.middleware.logging:dispatch:26 [ACCESS] - HTTP GET /api/v1/students - Initiated from testclient | Context: {'request_id': 'e1229ed1-6b78-4263-af00-041b0ff6dc5c', 'client_host': 'testclient', 'method': 'GET', 'path': '/api/v1/students'}
2026-05-19 07:53:04.233 | INFO     | app.middleware.logging:dispatch:45 [ACCESS] - HTTP GET /api/v1/students - 200 in 0.0738s | Context: {'request_id': 'e1229ed1-6b78-4263-af00-041b0ff6dc5c', 'client_host': 'testclient', 'method': 'GET', 'path': '/api/v1/students', 'status_code': 200, 'duration': 0.0738}
2026-05-19 07:53:04.250 | INFO     | app.middleware.logging:dispatch:26 [ACCESS] - HTTP POST /api/v1/auth/login - Initiated from testclient | Context: {'request_id': '2c14dae0-ad4b-436c-8817-ca833f695eac', 'client_host': 'testclient', 'method': 'POST', 'path': '/api/v1/auth/login'}
2026-05-19 07:53:04.487 | INFO     | app.middleware.logging:dispatch:45 [ACCESS] - HTTP POST /api/v1/auth/login - 200 in 0.2375s | Context: {'request_id': '2c14dae0-ad4b-436c-8817-ca833f695eac', 'client_host': 'testclient', 'method': 'POST', 'path': '/api/v1/auth/login', 'status_code': 200, 'duration': 0.2375}
2026-05-19 07:53:04.492 | INFO     | app.middleware.logging:dispatch:26 [ACCESS] - HTTP GET /api/v1/students - Initiated from testclient | Context: {'request_id': '66031174-cbfc-4308-a2db-ca3b820a9787', 'client_host': 'testclient', 'method': 'GET', 'path': '/api/v1/students'}
2026-05-19 07:53:04.523 | INFO     | app.middleware.logging:dispatch:45 [ACCESS] - HTTP GET /api/v1/students - 200 in 0.0308s | Context: {'request_id': '66031174-cbfc-4308-a2db-ca3b820a9787', 'client_host': 'testclient', 'method': 'GET', 'path': '/api/v1/students', 'status_code': 200, 'duration': 0.0308}
2026-05-19 07:53:04.528 | INFO     | app.middleware.logging:dispatch:26 [ACCESS] - HTTP GET /api/v1/students - Initiated from testclient | Context: {'request_id': '1851c907-e3f8-44fe-9540-3b5e7a2871bb', 'client_host': 'testclient', 'method': 'GET', 'path': '/api/v1/students'}
2026-05-19 07:53:04.561 | INFO     | app.middleware.logging:dispatch:45 [ACCESS] - HTTP GET /api/v1/students - 200 in 0.0328s | Context: {'request_id': '1851c907-e3f8-44fe-9540-3b5e7a2871bb', 'client_host': 'testclient', 'method': 'GET', 'path': '/api/v1/students', 'status_code': 200, 'duration': 0.0328}
2026-05-19 07:53:04.567 | INFO     | app.middleware.logging:dispatch:26 [ACCESS] - HTTP GET /api/v1/students - Initiated from testclient | Context: {'request_id': '766428b8-c439-45ba-8da9-c317701dcc48', 'client_host': 'testclient', 'method': 'GET', 'path': '/api/v1/students'}
2026-05-19 07:53:04.596 | INFO     | app.middleware.logging:dispatch:45 [ACCESS] - HTTP GET /api/v1/students - 200 in 0.0292s | Context: {'request_id': '766428b8-c439-45ba-8da9-c317701dcc48', 'client_host': 'testclient', 'method': 'GET', 'path': '/api/v1/students', 'status_code': 200, 'duration': 0.0292}
2026-05-19 07:53:04.602 | INFO     | app.middleware.logging:dispatch:26 [ACCESS] - HTTP GET /api/v1/students - Initiated from testclient | Context: {'request_id': 'f8ce1c50-7947-4a17-8882-4484e955710b', 'client_host': 'testclient', 'method': 'GET', 'path': '/api/v1/students'}
2026-05-19 07:53:04.629 | INFO     | app.middleware.logging:dispatch:45 [ACCESS] - HTTP GET /api/v1/students - 200 in 0.0270s | Context: {'request_id': 'f8ce1c50-7947-4a17-8882-4484e955710b', 'client_host': 'testclient', 'method': 'GET', 'path': '/api/v1/students', 'status_code': 200, 'duration': 0.027}
2026-05-19 07:53:04.635 | INFO     | app.middleware.logging:dispatch:26 [ACCESS] - HTTP GET /api/v1/students - Initiated from testclient | Context: {'request_id': '93b5c453-2530-44d1-843e-0edb1a22e5d5', 'client_host': 'testclient', 'method': 'GET', 'path': '/api/v1/students'}
2026-05-19 07:53:04.640 | WARNING  | app.middleware.logging:dispatch:43 [ACCESS] - HTTP GET /api/v1/students - 429 in 0.0046s | Context: {'request_id': '93b5c453-2530-44d1-843e-0edb1a22e5d5', 'client_host': 'testclient', 'method': 'GET', 'path': '/api/v1/students', 'status_code': 429, 'duration': 0.0046}
2026-05-19 07:53:04.647 | INFO     | app.middleware.logging:dispatch:26 [ACCESS] - HTTP GET /api/v1/remediation/suggestions - Initiated from testclient | Context: {'request_id': 'a378838e-402d-4947-bdc1-2c6930c8d5ab', 'client_host': 'testclient', 'method': 'GET', 'path': '/api/v1/remediation/suggestions'}
2026-05-19 07:53:04.656 | INFO     | app.middleware.logging:dispatch:45 [ACCESS] - HTTP GET /api/v1/remediation/suggestions - 200 in 0.0090s | Context: {'request_id': 'a378838e-402d-4947-bdc1-2c6930c8d5ab', 'client_host': 'testclient', 'method': 'GET', 'path': '/api/v1/remediation/suggestions', 'status_code': 200, 'duration': 0.009}
2026-05-19 07:53:04.688 | INFO     | app.middleware.logging:dispatch:26 [ACCESS] - HTTP GET /api/v1/remediation/suggestions - Initiated from testclient | Context: {'request_id': 'a28e8672-2fdd-46ba-a53e-d17d0f130602', 'client_host': 'testclient', 'method': 'GET', 'path': '/api/v1/remediation/suggestions'}
2026-05-19 07:53:04.698 | INFO     | app.middleware.logging:dispatch:45 [ACCESS] - HTTP GET /api/v1/remediation/suggestions - 200 in 0.0099s | Context: {'request_id': 'a28e8672-2fdd-46ba-a53e-d17d0f130602', 'client_host': 'testclient', 'method': 'GET', 'path': '/api/v1/remediation/suggestions', 'status_code': 200, 'duration': 0.0099}
2026-05-19 07:53:04.705 | INFO     | app.middleware.logging:dispatch:26 [ACCESS] - HTTP POST /api/v1/remediation/suggestion/test-sugg-uuid-999/approve - Initiated from testclient | Context: {'request_id': '9fc8c963-0f07-4693-a7a0-fc048cd89421', 'client_host': 'testclient', 'method': 'POST', 'path': '/api/v1/remediation/suggestion/test-sugg-uuid-999/approve'}
2026-05-19 07:53:04.733 | INFO     | app.middleware.logging:dispatch:45 [ACCESS] - HTTP POST /api/v1/remediation/suggestion/test-sugg-uuid-999/approve - 200 in 0.0277s | Context: {'request_id': '9fc8c963-0f07-4693-a7a0-fc048cd89421', 'client_host': 'testclient', 'method': 'POST', 'path': '/api/v1/remediation/suggestion/test-sugg-uuid-999/approve', 'status_code': 200, 'duration': 0.0277}
2026-05-19 07:53:22.918 | INFO     | app.middleware.logging:dispatch:26 [ACCESS] - HTTP POST /api/v1/auth/login - Initiated from testclient | Context: {'request_id': '83626fdd-6e16-46d5-858c-b52d7c400b9f', 'client_host': 'testclient', 'method': 'POST', 'path': '/api/v1/auth/login'}
2026-05-19 07:53:23.223 | INFO     | app.middleware.logging:dispatch:45 [ACCESS] - HTTP POST /api/v1/auth/login - 200 in 0.3050s | Context: {'request_id': '83626fdd-6e16-46d5-858c-b52d7c400b9f', 'client_host': 'testclient', 'method': 'POST', 'path': '/api/v1/auth/login', 'status_code': 200, 'duration': 0.305}
2026-05-19 07:53:23.232 | INFO     | app.middleware.logging:dispatch:26 [ACCESS] - HTTP GET /api/v1/analytics/dashboard - Initiated from testclient | Context: {'request_id': '7c64d34a-1521-4dd7-bf6b-4b76805a9ee3', 'client_host': 'testclient', 'method': 'GET', 'path': '/api/v1/analytics/dashboard'}
2026-05-19 07:53:23.281 | INFO     | app.middleware.logging:dispatch:45 [ACCESS] - HTTP GET /api/v1/analytics/dashboard - 200 in 0.0495s | Context: {'request_id': '7c64d34a-1521-4dd7-bf6b-4b76805a9ee3', 'client_host': 'testclient', 'method': 'GET', 'path': '/api/v1/analytics/dashboard', 'status_code': 200, 'duration': 0.0495}
2026-05-19 07:53:34.325 | INFO     | app.middleware.logging:dispatch:26 [ACCESS] - HTTP GET / - Initiated from testclient | Context: {'request_id': '50c0d996-eff9-4915-9f99-f66d63eb308a', 'client_host': 'testclient', 'method': 'GET', 'path': '/'}
2026-05-19 07:53:34.340 | INFO     | app.middleware.logging:dispatch:45 [ACCESS] - HTTP GET / - 200 in 0.0155s | Context: {'request_id': '50c0d996-eff9-4915-9f99-f66d63eb308a', 'client_host': 'testclient', 'method': 'GET', 'path': '/', 'status_code': 200, 'duration': 0.0155}
2026-05-19 07:53:34.350 | INFO     | app.middleware.logging:dispatch:26 [ACCESS] - HTTP GET /api/students - Initiated from testclient | Context: {'request_id': '2f03b060-5558-4f79-896e-880b353d547f', 'client_host': 'testclient', 'method': 'GET', 'path': '/api/students'}
2026-05-19 07:53:34.352 | WARNING  | app.middleware.logging:dispatch:43 [ACCESS] - HTTP GET /api/students - 401 in 0.0017s | Context: {'request_id': '2f03b060-5558-4f79-896e-880b353d547f', 'client_host': 'testclient', 'method': 'GET', 'path': '/api/students', 'status_code': 401, 'duration': 0.0017}
2026-05-19 07:53:34.364 | INFO     | app.middleware.logging:dispatch:26 [ACCESS] - HTTP POST /api/auth/login - Initiated from testclient | Context: {'request_id': '01b62d4c-dd11-4d73-b78c-3f5987dd2215', 'client_host': 'testclient', 'method': 'POST', 'path': '/api/auth/login'}
2026-05-19 07:53:35.082 | WARNING  | app.middleware.logging:dispatch:43 [ACCESS] - HTTP POST /api/auth/login - 401 in 0.7185s | Context: {'request_id': '01b62d4c-dd11-4d73-b78c-3f5987dd2215', 'client_host': 'testclient', 'method': 'POST', 'path': '/api/auth/login', 'status_code': 401, 'duration': 0.7185}
2026-05-19 07:53:35.094 | INFO     | app.middleware.logging:dispatch:26 [ACCESS] - HTTP POST /api/auth/register - Initiated from testclient | Context: {'request_id': 'd4f59f45-84b1-4851-8a72-31bb0b3aeb49', 'client_host': 'testclient', 'method': 'POST', 'path': '/api/auth/register'}
2026-05-19 07:53:35.099 | WARNING  | app.middleware.exception_handlers:validation_exception_handler:49 [ACCESS] - Validation failed for request to /api/auth/register: 3 validation errors:
  {'type': 'string_too_short', 'loc': ('body', 'username'), 'msg': 'String should have at least 3 characters', 'input': 'us', 'ctx': {'min_length': 3}}
  {'type': 'missing', 'loc': ('body', 'email'), 'msg': 'Field required', 'input': {'username': 'us', 'password': '123'}}
  {'type': 'string_too_short', 'loc': ('body', 'password'), 'msg': 'String should have at least 6 characters', 'input': '123', 'ctx': {'min_length': 6}}

  File "D:\ps_03\company-intelligence-platform\backend\app\routes\v1\auth_routes.py", line 22, in register
    POST /api/auth/register | Context: {'request_id': 'd4f59f45-84b1-4851-8a72-31bb0b3aeb49', 'path': '/api/auth/register', 'error_details': [{'field': 'username', 'issue': 'string_too_short', 'message': 'String should have at least 3 characters'}, {'field': 'email', 'issue': 'missing', 'message': 'Field required'}, {'field': 'password', 'issue': 'string_too_short', 'message': 'String should have at least 6 characters'}]}
2026-05-19 07:53:35.101 | WARNING  | app.middleware.logging:dispatch:43 [ACCESS] - HTTP POST /api/auth/register - 422 in 0.0068s | Context: {'request_id': 'd4f59f45-84b1-4851-8a72-31bb0b3aeb49', 'client_host': 'testclient', 'method': 'POST', 'path': '/api/auth/register', 'status_code': 422, 'duration': 0.0068}
2026-05-19 07:53:35.119 | INFO     | app.middleware.logging:dispatch:26 [ACCESS] - HTTP POST /api/auth/login - Initiated from testclient | Context: {'request_id': 'a7ca709a-08ea-4d1f-a46e-af8c3f4341ab', 'client_host': 'testclient', 'method': 'POST', 'path': '/api/auth/login'}
2026-05-19 07:53:35.502 | INFO     | app.middleware.logging:dispatch:45 [ACCESS] - HTTP POST /api/auth/login - 200 in 0.3828s | Context: {'request_id': 'a7ca709a-08ea-4d1f-a46e-af8c3f4341ab', 'client_host': 'testclient', 'method': 'POST', 'path': '/api/auth/login', 'status_code': 200, 'duration': 0.3828}
2026-05-19 07:53:35.511 | INFO     | app.middleware.logging:dispatch:26 [ACCESS] - HTTP GET /api/students - Initiated from testclient | Context: {'request_id': 'beea5cd3-f4d4-42b5-b594-979d5e24ffae', 'client_host': 'testclient', 'method': 'GET', 'path': '/api/students'}
2026-05-19 07:53:35.563 | INFO     | app.middleware.logging:dispatch:45 [ACCESS] - HTTP GET /api/students - 200 in 0.0524s | Context: {'request_id': 'beea5cd3-f4d4-42b5-b594-979d5e24ffae', 'client_host': 'testclient', 'method': 'GET', 'path': '/api/students', 'status_code': 200, 'duration': 0.0524}
2026-05-19 07:53:35.574 | INFO     | app.middleware.logging:dispatch:26 [ACCESS] - HTTP POST /api/auth/login - Initiated from testclient | Context: {'request_id': 'a7f855a1-d63a-4283-b62b-4727ae7e7390', 'client_host': 'testclient', 'method': 'POST', 'path': '/api/auth/login'}
2026-05-19 07:53:35.908 | INFO     | app.middleware.logging:dispatch:45 [ACCESS] - HTTP POST /api/auth/login - 200 in 0.3333s | Context: {'request_id': 'a7f855a1-d63a-4283-b62b-4727ae7e7390', 'client_host': 'testclient', 'method': 'POST', 'path': '/api/auth/login', 'status_code': 200, 'duration': 0.3333}
2026-05-19 07:53:35.916 | INFO     | app.middleware.logging:dispatch:26 [ACCESS] - HTTP GET /api/students - Initiated from testclient | Context: {'request_id': 'ea54576d-49ff-4e0b-a3d0-d223883d5cd5', 'client_host': 'testclient', 'method': 'GET', 'path': '/api/students'}
2026-05-19 07:53:35.958 | INFO     | app.middleware.logging:dispatch:45 [ACCESS] - HTTP GET /api/students - 200 in 0.0431s | Context: {'request_id': 'ea54576d-49ff-4e0b-a3d0-d223883d5cd5', 'client_host': 'testclient', 'method': 'GET', 'path': '/api/students', 'status_code': 200, 'duration': 0.0431}
2026-05-19 07:53:35.966 | INFO     | app.middleware.logging:dispatch:26 [ACCESS] - HTTP GET /api/students - Initiated from testclient | Context: {'request_id': 'b0faf979-a61c-451f-aa27-df5f0e4c8a29', 'client_host': 'testclient', 'method': 'GET', 'path': '/api/students'}
2026-05-19 07:53:36.011 | INFO     | app.middleware.logging:dispatch:45 [ACCESS] - HTTP GET /api/students - 200 in 0.0446s | Context: {'request_id': 'b0faf979-a61c-451f-aa27-df5f0e4c8a29', 'client_host': 'testclient', 'method': 'GET', 'path': '/api/students', 'status_code': 200, 'duration': 0.0446}
2026-05-19 07:53:36.022 | INFO     | app.middleware.logging:dispatch:26 [ACCESS] - HTTP GET /api/students - Initiated from testclient | Context: {'request_id': 'eafcedc7-8ce4-4d87-94f1-ee87f0e14131', 'client_host': 'testclient', 'method': 'GET', 'path': '/api/students'}
2026-05-19 07:53:36.065 | INFO     | app.middleware.logging:dispatch:45 [ACCESS] - HTTP GET /api/students - 200 in 0.0437s | Context: {'request_id': 'eafcedc7-8ce4-4d87-94f1-ee87f0e14131', 'client_host': 'testclient', 'method': 'GET', 'path': '/api/students', 'status_code': 200, 'duration': 0.0437}
2026-05-19 07:53:36.075 | INFO     | app.middleware.logging:dispatch:26 [ACCESS] - HTTP GET /api/students - Initiated from testclient | Context: {'request_id': '21287962-5a63-4a78-85f7-ad3d8019af63', 'client_host': 'testclient', 'method': 'GET', 'path': '/api/students'}
2026-05-19 07:53:36.118 | INFO     | app.middleware.logging:dispatch:45 [ACCESS] - HTTP GET /api/students - 200 in 0.0431s | Context: {'request_id': '21287962-5a63-4a78-85f7-ad3d8019af63', 'client_host': 'testclient', 'method': 'GET', 'path': '/api/students', 'status_code': 200, 'duration': 0.0431}
2026-05-19 07:53:36.127 | INFO     | app.middleware.logging:dispatch:26 [ACCESS] - HTTP GET /api/students - Initiated from testclient | Context: {'request_id': 'f0d875ef-e428-4e42-9ca0-a230bf7c8729', 'client_host': 'testclient', 'method': 'GET', 'path': '/api/students'}
2026-05-19 07:53:36.135 | WARNING  | app.middleware.logging:dispatch:43 [ACCESS] - HTTP GET /api/students - 429 in 0.0080s | Context: {'request_id': 'f0d875ef-e428-4e42-9ca0-a230bf7c8729', 'client_host': 'testclient', 'method': 'GET', 'path': '/api/students', 'status_code': 429, 'duration': 0.008}
2026-05-19 07:53:36.145 | INFO     | app.middleware.logging:dispatch:26 [ACCESS] - HTTP GET /api/remediation/suggestions - Initiated from testclient | Context: {'request_id': 'beec82ab-4e04-47d6-bde6-b0d752efa399', 'client_host': 'testclient', 'method': 'GET', 'path': '/api/remediation/suggestions'}
2026-05-19 07:53:36.157 | INFO     | app.middleware.logging:dispatch:45 [ACCESS] - HTTP GET /api/remediation/suggestions - 200 in 0.0119s | Context: {'request_id': 'beec82ab-4e04-47d6-bde6-b0d752efa399', 'client_host': 'testclient', 'method': 'GET', 'path': '/api/remediation/suggestions', 'status_code': 200, 'duration': 0.0119}
2026-05-19 07:53:36.200 | INFO     | app.middleware.logging:dispatch:26 [ACCESS] - HTTP GET /api/remediation/suggestions - Initiated from testclient | Context: {'request_id': '88728170-e8c4-436c-be35-04a2d1ac43d3', 'client_host': 'testclient', 'method': 'GET', 'path': '/api/remediation/suggestions'}
2026-05-19 07:53:36.215 | INFO     | app.middleware.logging:dispatch:45 [ACCESS] - HTTP GET /api/remediation/suggestions - 200 in 0.0151s | Context: {'request_id': '88728170-e8c4-436c-be35-04a2d1ac43d3', 'client_host': 'testclient', 'method': 'GET', 'path': '/api/remediation/suggestions', 'status_code': 200, 'duration': 0.0151}
2026-05-19 07:53:36.225 | INFO     | app.middleware.logging:dispatch:26 [ACCESS] - HTTP POST /api/remediation/suggestion/test-sugg-uuid-999/approve - Initiated from testclient | Context: {'request_id': '00f8ed6e-cf1f-4389-a746-43cee1d4888c', 'client_host': 'testclient', 'method': 'POST', 'path': '/api/remediation/suggestion/test-sugg-uuid-999/approve'}
2026-05-19 07:53:36.260 | INFO     | app.middleware.logging:dispatch:45 [ACCESS] - HTTP POST /api/remediation/suggestion/test-sugg-uuid-999/approve - 200 in 0.0357s | Context: {'request_id': '00f8ed6e-cf1f-4389-a746-43cee1d4888c', 'client_host': 'testclient', 'method': 'POST', 'path': '/api/remediation/suggestion/test-sugg-uuid-999/approve', 'status_code': 200, 'duration': 0.0357}
2026-05-19 07:53:54.325 | INFO     | app.middleware.logging:dispatch:26 [ACCESS] - HTTP POST /api/auth/login - Initiated from testclient | Context: {'request_id': 'fc7ef7b6-2000-49fe-830d-fa44316352aa', 'client_host': 'testclient', 'method': 'POST', 'path': '/api/auth/login'}
2026-05-19 07:53:54.541 | INFO     | app.middleware.logging:dispatch:45 [ACCESS] - HTTP POST /api/auth/login - 200 in 0.2157s | Context: {'request_id': 'fc7ef7b6-2000-49fe-830d-fa44316352aa', 'client_host': 'testclient', 'method': 'POST', 'path': '/api/auth/login', 'status_code': 200, 'duration': 0.2157}
2026-05-19 07:53:54.545 | INFO     | app.middleware.logging:dispatch:26 [ACCESS] - HTTP GET /api/analytics/dashboard - Initiated from testclient | Context: {'request_id': 'abc1c79f-922e-4c8e-b5d1-f06401266b74', 'client_host': 'testclient', 'method': 'GET', 'path': '/api/analytics/dashboard'}
2026-05-19 07:53:54.571 | INFO     | app.middleware.logging:dispatch:45 [ACCESS] - HTTP GET /api/analytics/dashboard - 200 in 0.0257s | Context: {'request_id': 'abc1c79f-922e-4c8e-b5d1-f06401266b74', 'client_host': 'testclient', 'method': 'GET', 'path': '/api/analytics/dashboard', 'status_code': 200, 'duration': 0.0257}
2026-05-19 07:57:14.564 | INFO     | app.middleware.logging:dispatch:26 [ACCESS] - HTTP POST /api/research - Initiated from 127.0.0.1 | Context: {'request_id': '83e4c5cb-4de7-4a28-8fcd-c80488613359', 'client_host': '127.0.0.1', 'method': 'POST', 'path': '/api/research'}
2026-05-19 07:58:33.841 | WARNING  | app.middleware.exception_handlers:http_exception_handler:87 [ACCESS] - HTTP exception 500 raised on /api/research: Database or orchestration manager initialization failure: 
Retry limit exceeded while trying to reconnect to the Celery result store
backend. The Celery application must be restarted.
 | Context: {'request_id': '83e4c5cb-4de7-4a28-8fcd-c80488613359', 'status_code': 500, 'path': '/api/research'}
2026-05-19 07:58:33.843 | ERROR    | app.middleware.logging:dispatch:41 [ACCESS] - HTTP POST /api/research - 500 in 79.2814s | Context: {'request_id': '83e4c5cb-4de7-4a28-8fcd-c80488613359', 'client_host': '127.0.0.1', 'method': 'POST', 'path': '/api/research', 'status_code': 500, 'duration': 79.2814}
2026-05-19 07:58:33.844 | INFO     | logging:callHandlers:1737 [ACCESS] - 127.0.0.1:62370 - "POST /api/research HTTP/1.1" 500
2026-05-19 08:05:04.737 | INFO     | app.middleware.logging:dispatch:26 [ACCESS] - HTTP GET / - Initiated from testclient | Context: {'request_id': 'a5f665aa-e917-460d-bab4-e05c40a17da7', 'client_host': 'testclient', 'method': 'GET', 'path': '/'}
2026-05-19 08:05:04.762 | INFO     | app.middleware.logging:dispatch:45 [ACCESS] - HTTP GET / - 200 in 0.0249s | Context: {'request_id': 'a5f665aa-e917-460d-bab4-e05c40a17da7', 'client_host': 'testclient', 'method': 'GET', 'path': '/', 'status_code': 200, 'duration': 0.0249}
2026-05-19 08:05:04.771 | INFO     | app.middleware.logging:dispatch:26 [ACCESS] - HTTP GET /api/students - Initiated from testclient | Context: {'request_id': '82378c63-1aba-4322-ba38-1d85d406c842', 'client_host': 'testclient', 'method': 'GET', 'path': '/api/students'}
2026-05-19 08:05:04.772 | WARNING  | app.middleware.logging:dispatch:43 [ACCESS] - HTTP GET /api/students - 401 in 0.0013s | Context: {'request_id': '82378c63-1aba-4322-ba38-1d85d406c842', 'client_host': 'testclient', 'method': 'GET', 'path': '/api/students', 'status_code': 401, 'duration': 0.0013}
2026-05-19 08:05:04.781 | INFO     | app.middleware.logging:dispatch:26 [ACCESS] - HTTP POST /api/auth/login - Initiated from testclient | Context: {'request_id': '9bfeebf3-978d-49fd-bbd1-693a853a3036', 'client_host': 'testclient', 'method': 'POST', 'path': '/api/auth/login'}
2026-05-19 08:05:05.393 | WARNING  | app.middleware.logging:dispatch:43 [ACCESS] - HTTP POST /api/auth/login - 401 in 0.6119s | Context: {'request_id': '9bfeebf3-978d-49fd-bbd1-693a853a3036', 'client_host': 'testclient', 'method': 'POST', 'path': '/api/auth/login', 'status_code': 401, 'duration': 0.6119}
2026-05-19 08:05:05.401 | INFO     | app.middleware.logging:dispatch:26 [ACCESS] - HTTP POST /api/auth/register - Initiated from testclient | Context: {'request_id': '1d3cbdef-5fd1-466b-82b8-52b98b100f52', 'client_host': 'testclient', 'method': 'POST', 'path': '/api/auth/register'}
2026-05-19 08:05:05.406 | WARNING  | app.middleware.exception_handlers:validation_exception_handler:49 [ACCESS] - Validation failed for request to /api/auth/register: 3 validation errors:
  {'type': 'string_too_short', 'loc': ('body', 'username'), 'msg': 'String should have at least 3 characters', 'input': 'us', 'ctx': {'min_length': 3}}
  {'type': 'missing', 'loc': ('body', 'email'), 'msg': 'Field required', 'input': {'username': 'us', 'password': '123'}}
  {'type': 'string_too_short', 'loc': ('body', 'password'), 'msg': 'String should have at least 6 characters', 'input': '123', 'ctx': {'min_length': 6}}

  File "D:\ps_03\company-intelligence-platform\backend\app\routes\v1\auth_routes.py", line 22, in register
    POST /api/auth/register | Context: {'request_id': '1d3cbdef-5fd1-466b-82b8-52b98b100f52', 'path': '/api/auth/register', 'error_details': [{'field': 'username', 'issue': 'string_too_short', 'message': 'String should have at least 3 characters'}, {'field': 'email', 'issue': 'missing', 'message': 'Field required'}, {'field': 'password', 'issue': 'string_too_short', 'message': 'String should have at least 6 characters'}]}
2026-05-19 08:05:05.408 | WARNING  | app.middleware.logging:dispatch:43 [ACCESS] - HTTP POST /api/auth/register - 422 in 0.0071s | Context: {'request_id': '1d3cbdef-5fd1-466b-82b8-52b98b100f52', 'client_host': 'testclient', 'method': 'POST', 'path': '/api/auth/register', 'status_code': 422, 'duration': 0.0071}
2026-05-19 08:05:05.417 | INFO     | app.middleware.logging:dispatch:26 [ACCESS] - HTTP POST /api/auth/login - Initiated from testclient | Context: {'request_id': '5a95a66c-7e03-4da9-b564-a4065007802f', 'client_host': 'testclient', 'method': 'POST', 'path': '/api/auth/login'}
2026-05-19 08:05:05.759 | INFO     | app.middleware.logging:dispatch:45 [ACCESS] - HTTP POST /api/auth/login - 200 in 0.3425s | Context: {'request_id': '5a95a66c-7e03-4da9-b564-a4065007802f', 'client_host': 'testclient', 'method': 'POST', 'path': '/api/auth/login', 'status_code': 200, 'duration': 0.3425}
2026-05-19 08:05:05.766 | INFO     | app.middleware.logging:dispatch:26 [ACCESS] - HTTP GET /api/students - Initiated from testclient | Context: {'request_id': '9249921b-a932-450f-b5bb-f37411a73283', 'client_host': 'testclient', 'method': 'GET', 'path': '/api/students'}
2026-05-19 08:05:05.802 | INFO     | app.middleware.logging:dispatch:45 [ACCESS] - HTTP GET /api/students - 200 in 0.0359s | Context: {'request_id': '9249921b-a932-450f-b5bb-f37411a73283', 'client_host': 'testclient', 'method': 'GET', 'path': '/api/students', 'status_code': 200, 'duration': 0.0359}
2026-05-19 08:05:05.807 | INFO     | app.middleware.logging:dispatch:26 [ACCESS] - HTTP POST /api/auth/login - Initiated from testclient | Context: {'request_id': '329dc61f-415b-4354-b3fe-0b35053bf83c', 'client_host': 'testclient', 'method': 'POST', 'path': '/api/auth/login'}
2026-05-19 08:05:06.075 | INFO     | app.middleware.logging:dispatch:45 [ACCESS] - HTTP POST /api/auth/login - 200 in 0.2675s | Context: {'request_id': '329dc61f-415b-4354-b3fe-0b35053bf83c', 'client_host': 'testclient', 'method': 'POST', 'path': '/api/auth/login', 'status_code': 200, 'duration': 0.2675}
2026-05-19 08:05:06.081 | INFO     | app.middleware.logging:dispatch:26 [ACCESS] - HTTP GET /api/students - Initiated from testclient | Context: {'request_id': 'ead9e231-8277-43d3-b1cb-64285cefc82b', 'client_host': 'testclient', 'method': 'GET', 'path': '/api/students'}
2026-05-19 08:05:06.108 | INFO     | app.middleware.logging:dispatch:45 [ACCESS] - HTTP GET /api/students - 200 in 0.0275s | Context: {'request_id': 'ead9e231-8277-43d3-b1cb-64285cefc82b', 'client_host': 'testclient', 'method': 'GET', 'path': '/api/students', 'status_code': 200, 'duration': 0.0275}
2026-05-19 08:05:06.116 | INFO     | app.middleware.logging:dispatch:26 [ACCESS] - HTTP GET /api/students - Initiated from testclient | Context: {'request_id': '4909f55b-f4ff-472e-9f66-b9c1cf1bc519', 'client_host': 'testclient', 'method': 'GET', 'path': '/api/students'}
2026-05-19 08:05:06.152 | INFO     | app.middleware.logging:dispatch:45 [ACCESS] - HTTP GET /api/students - 200 in 0.0364s | Context: {'request_id': '4909f55b-f4ff-472e-9f66-b9c1cf1bc519', 'client_host': 'testclient', 'method': 'GET', 'path': '/api/students', 'status_code': 200, 'duration': 0.0364}
2026-05-19 08:05:06.161 | INFO     | app.middleware.logging:dispatch:26 [ACCESS] - HTTP GET /api/students - Initiated from testclient | Context: {'request_id': 'f577ca82-472c-4c92-b6a3-7b23cce73e15', 'client_host': 'testclient', 'method': 'GET', 'path': '/api/students'}
2026-05-19 08:05:06.196 | INFO     | app.middleware.logging:dispatch:45 [ACCESS] - HTTP GET /api/students - 200 in 0.0356s | Context: {'request_id': 'f577ca82-472c-4c92-b6a3-7b23cce73e15', 'client_host': 'testclient', 'method': 'GET', 'path': '/api/students', 'status_code': 200, 'duration': 0.0356}
2026-05-19 08:05:06.203 | INFO     | app.middleware.logging:dispatch:26 [ACCESS] - HTTP GET /api/students - Initiated from testclient | Context: {'request_id': 'a4365e56-4043-4ee6-a632-b500c551f402', 'client_host': 'testclient', 'method': 'GET', 'path': '/api/students'}
2026-05-19 08:05:06.243 | INFO     | app.middleware.logging:dispatch:45 [ACCESS] - HTTP GET /api/students - 200 in 0.0396s | Context: {'request_id': 'a4365e56-4043-4ee6-a632-b500c551f402', 'client_host': 'testclient', 'method': 'GET', 'path': '/api/students', 'status_code': 200, 'duration': 0.0396}
2026-05-19 08:05:06.250 | INFO     | app.middleware.logging:dispatch:26 [ACCESS] - HTTP GET /api/students - Initiated from testclient | Context: {'request_id': '8b176295-bc99-4582-935c-c9d46031c4f9', 'client_host': 'testclient', 'method': 'GET', 'path': '/api/students'}
2026-05-19 08:05:06.256 | WARNING  | app.middleware.logging:dispatch:43 [ACCESS] - HTTP GET /api/students - 429 in 0.0063s | Context: {'request_id': '8b176295-bc99-4582-935c-c9d46031c4f9', 'client_host': 'testclient', 'method': 'GET', 'path': '/api/students', 'status_code': 429, 'duration': 0.0063}
2026-05-19 08:05:06.264 | INFO     | app.middleware.logging:dispatch:26 [ACCESS] - HTTP GET /api/remediation/suggestions - Initiated from testclient | Context: {'request_id': '05d1d738-8a41-4fd1-988d-2a60dc7a52c2', 'client_host': 'testclient', 'method': 'GET', 'path': '/api/remediation/suggestions'}
2026-05-19 08:05:06.274 | INFO     | app.middleware.logging:dispatch:45 [ACCESS] - HTTP GET /api/remediation/suggestions - 200 in 0.0104s | Context: {'request_id': '05d1d738-8a41-4fd1-988d-2a60dc7a52c2', 'client_host': 'testclient', 'method': 'GET', 'path': '/api/remediation/suggestions', 'status_code': 200, 'duration': 0.0104}
2026-05-19 08:05:06.315 | INFO     | app.middleware.logging:dispatch:26 [ACCESS] - HTTP GET /api/remediation/suggestions - Initiated from testclient | Context: {'request_id': '5bec5d1c-f109-4429-b8d9-f481e8340af9', 'client_host': 'testclient', 'method': 'GET', 'path': '/api/remediation/suggestions'}
2026-05-19 08:05:06.326 | INFO     | app.middleware.logging:dispatch:45 [ACCESS] - HTTP GET /api/remediation/suggestions - 200 in 0.0108s | Context: {'request_id': '5bec5d1c-f109-4429-b8d9-f481e8340af9', 'client_host': 'testclient', 'method': 'GET', 'path': '/api/remediation/suggestions', 'status_code': 200, 'duration': 0.0108}
2026-05-19 08:05:06.334 | INFO     | app.middleware.logging:dispatch:26 [ACCESS] - HTTP POST /api/remediation/suggestion/test-sugg-uuid-999/approve - Initiated from testclient | Context: {'request_id': 'a9c3f833-ef38-4520-ba97-ab3c9e351b2f', 'client_host': 'testclient', 'method': 'POST', 'path': '/api/remediation/suggestion/test-sugg-uuid-999/approve'}
2026-05-19 08:05:06.369 | INFO     | app.middleware.logging:dispatch:45 [ACCESS] - HTTP POST /api/remediation/suggestion/test-sugg-uuid-999/approve - 200 in 0.0347s | Context: {'request_id': 'a9c3f833-ef38-4520-ba97-ab3c9e351b2f', 'client_host': 'testclient', 'method': 'POST', 'path': '/api/remediation/suggestion/test-sugg-uuid-999/approve', 'status_code': 200, 'duration': 0.0347}
2026-05-19 08:06:00.039 | INFO     | app.middleware.logging:dispatch:26 [ACCESS] - HTTP POST /api/auth/login - Initiated from testclient | Context: {'request_id': '6e01f7e8-d58f-42ec-8040-22f5a5e5d520', 'client_host': 'testclient', 'method': 'POST', 'path': '/api/auth/login'}
2026-05-19 08:06:00.266 | INFO     | app.middleware.logging:dispatch:45 [ACCESS] - HTTP POST /api/auth/login - 200 in 0.2272s | Context: {'request_id': '6e01f7e8-d58f-42ec-8040-22f5a5e5d520', 'client_host': 'testclient', 'method': 'POST', 'path': '/api/auth/login', 'status_code': 200, 'duration': 0.2272}
2026-05-19 08:06:00.271 | INFO     | app.middleware.logging:dispatch:26 [ACCESS] - HTTP GET /api/analytics/dashboard - Initiated from testclient | Context: {'request_id': '3f7644e8-fee3-47c4-a273-17c940932826', 'client_host': 'testclient', 'method': 'GET', 'path': '/api/analytics/dashboard'}
2026-05-19 08:06:00.308 | INFO     | app.middleware.logging:dispatch:45 [ACCESS] - HTTP GET /api/analytics/dashboard - 200 in 0.0367s | Context: {'request_id': '3f7644e8-fee3-47c4-a273-17c940932826', 'client_host': 'testclient', 'method': 'GET', 'path': '/api/analytics/dashboard', 'status_code': 200, 'duration': 0.0367}
2026-05-19 08:06:09.004 | INFO     | app.middleware.logging:dispatch:26 [ACCESS] - HTTP GET /api/v1/ - Initiated from testclient | Context: {'request_id': '61e638a7-f5ae-404a-9ad1-14f3bffe4199', 'client_host': 'testclient', 'method': 'GET', 'path': '/api/v1/'}
2026-05-19 08:06:09.028 | INFO     | app.middleware.logging:dispatch:45 [ACCESS] - HTTP GET /api/v1/ - 200 in 0.0250s | Context: {'request_id': '61e638a7-f5ae-404a-9ad1-14f3bffe4199', 'client_host': 'testclient', 'method': 'GET', 'path': '/api/v1/', 'status_code': 200, 'duration': 0.025}
2026-05-19 08:06:09.042 | INFO     | app.middleware.logging:dispatch:26 [ACCESS] - HTTP GET /api/v1/students - Initiated from testclient | Context: {'request_id': '4ae34ca3-3697-4131-b33d-911efdc83610', 'client_host': 'testclient', 'method': 'GET', 'path': '/api/v1/students'}
2026-05-19 08:06:09.045 | WARNING  | app.middleware.logging:dispatch:43 [ACCESS] - HTTP GET /api/v1/students - 401 in 0.0024s | Context: {'request_id': '4ae34ca3-3697-4131-b33d-911efdc83610', 'client_host': 'testclient', 'method': 'GET', 'path': '/api/v1/students', 'status_code': 401, 'duration': 0.0024}
2026-05-19 08:06:09.058 | INFO     | app.middleware.logging:dispatch:26 [ACCESS] - HTTP POST /api/v1/auth/login - Initiated from testclient | Context: {'request_id': '91ce2289-7865-4ce0-93df-4838e22b151b', 'client_host': 'testclient', 'method': 'POST', 'path': '/api/v1/auth/login'}
2026-05-19 08:06:10.376 | WARNING  | app.middleware.logging:dispatch:43 [ACCESS] - HTTP POST /api/v1/auth/login - 401 in 1.3183s | Context: {'request_id': '91ce2289-7865-4ce0-93df-4838e22b151b', 'client_host': 'testclient', 'method': 'POST', 'path': '/api/v1/auth/login', 'status_code': 401, 'duration': 1.3183}
2026-05-19 08:06:10.389 | INFO     | app.middleware.logging:dispatch:26 [ACCESS] - HTTP POST /api/v1/auth/register - Initiated from testclient | Context: {'request_id': '1c60fa7e-3c05-4ddb-bde1-7c2f1ae032d5', 'client_host': 'testclient', 'method': 'POST', 'path': '/api/v1/auth/register'}
2026-05-19 08:06:10.402 | WARNING  | app.middleware.exception_handlers:validation_exception_handler:49 [ACCESS] - Validation failed for request to /api/v1/auth/register: 3 validation errors:
  {'type': 'string_too_short', 'loc': ('body', 'username'), 'msg': 'String should have at least 3 characters', 'input': 'us', 'ctx': {'min_length': 3}}
  {'type': 'missing', 'loc': ('body', 'email'), 'msg': 'Field required', 'input': {'username': 'us', 'password': '123'}}
  {'type': 'string_too_short', 'loc': ('body', 'password'), 'msg': 'String should have at least 6 characters', 'input': '123', 'ctx': {'min_length': 6}}

  File "D:\ps_03\company-intelligence-platform\backend\app\routes\v1\auth_routes.py", line 22, in register
    POST /api/v1/auth/register | Context: {'request_id': '1c60fa7e-3c05-4ddb-bde1-7c2f1ae032d5', 'path': '/api/v1/auth/register', 'error_details': [{'field': 'username', 'issue': 'string_too_short', 'message': 'String should have at least 3 characters'}, {'field': 'email', 'issue': 'missing', 'message': 'Field required'}, {'field': 'password', 'issue': 'string_too_short', 'message': 'String should have at least 6 characters'}]}
2026-05-19 08:06:10.407 | WARNING  | app.middleware.logging:dispatch:43 [ACCESS] - HTTP POST /api/v1/auth/register - 422 in 0.0180s | Context: {'request_id': '1c60fa7e-3c05-4ddb-bde1-7c2f1ae032d5', 'client_host': 'testclient', 'method': 'POST', 'path': '/api/v1/auth/register', 'status_code': 422, 'duration': 0.018}
2026-05-19 08:06:10.421 | INFO     | app.middleware.logging:dispatch:26 [ACCESS] - HTTP POST /api/v1/auth/login - Initiated from testclient | Context: {'request_id': '76d791da-1fdc-468e-97f0-9d0300224866', 'client_host': 'testclient', 'method': 'POST', 'path': '/api/v1/auth/login'}
2026-05-19 08:06:10.959 | INFO     | app.middleware.logging:dispatch:45 [ACCESS] - HTTP POST /api/v1/auth/login - 200 in 0.5382s | Context: {'request_id': '76d791da-1fdc-468e-97f0-9d0300224866', 'client_host': 'testclient', 'method': 'POST', 'path': '/api/v1/auth/login', 'status_code': 200, 'duration': 0.5382}
2026-05-19 08:06:10.972 | INFO     | app.middleware.logging:dispatch:26 [ACCESS] - HTTP GET /api/v1/students - Initiated from testclient | Context: {'request_id': '97b976d1-3860-49be-981d-b41af1e1b0c8', 'client_host': 'testclient', 'method': 'GET', 'path': '/api/v1/students'}
2026-05-19 08:06:11.063 | INFO     | app.middleware.logging:dispatch:45 [ACCESS] - HTTP GET /api/v1/students - 200 in 0.0910s | Context: {'request_id': '97b976d1-3860-49be-981d-b41af1e1b0c8', 'client_host': 'testclient', 'method': 'GET', 'path': '/api/v1/students', 'status_code': 200, 'duration': 0.091}
2026-05-19 08:06:11.079 | INFO     | app.middleware.logging:dispatch:26 [ACCESS] - HTTP POST /api/v1/auth/login - Initiated from testclient | Context: {'request_id': '9ee66ee4-65e5-4810-9ddd-2913e584e8ee', 'client_host': 'testclient', 'method': 'POST', 'path': '/api/v1/auth/login'}
2026-05-19 08:06:11.555 | INFO     | app.middleware.logging:dispatch:45 [ACCESS] - HTTP POST /api/v1/auth/login - 200 in 0.4766s | Context: {'request_id': '9ee66ee4-65e5-4810-9ddd-2913e584e8ee', 'client_host': 'testclient', 'method': 'POST', 'path': '/api/v1/auth/login', 'status_code': 200, 'duration': 0.4766}
2026-05-19 08:06:11.566 | INFO     | app.middleware.logging:dispatch:26 [ACCESS] - HTTP GET /api/v1/students - Initiated from testclient | Context: {'request_id': 'b50a9e73-d123-4bfe-987b-21ffd8648d4c', 'client_host': 'testclient', 'method': 'GET', 'path': '/api/v1/students'}
2026-05-19 08:06:11.632 | INFO     | app.middleware.logging:dispatch:45 [ACCESS] - HTTP GET /api/v1/students - 200 in 0.0667s | Context: {'request_id': 'b50a9e73-d123-4bfe-987b-21ffd8648d4c', 'client_host': 'testclient', 'method': 'GET', 'path': '/api/v1/students', 'status_code': 200, 'duration': 0.0667}
2026-05-19 08:06:11.645 | INFO     | app.middleware.logging:dispatch:26 [ACCESS] - HTTP GET /api/v1/students - Initiated from testclient | Context: {'request_id': 'cd0f656c-1990-4fb0-9286-f907d81a2d25', 'client_host': 'testclient', 'method': 'GET', 'path': '/api/v1/students'}
2026-05-19 08:06:11.706 | INFO     | app.middleware.logging:dispatch:45 [ACCESS] - HTTP GET /api/v1/students - 200 in 0.0618s | Context: {'request_id': 'cd0f656c-1990-4fb0-9286-f907d81a2d25', 'client_host': 'testclient', 'method': 'GET', 'path': '/api/v1/students', 'status_code': 200, 'duration': 0.0618}
2026-05-19 08:06:11.719 | INFO     | app.middleware.logging:dispatch:26 [ACCESS] - HTTP GET /api/v1/students - Initiated from testclient | Context: {'request_id': 'a012aa7c-8c0a-4686-bd84-0a40165c7545', 'client_host': 'testclient', 'method': 'GET', 'path': '/api/v1/students'}
2026-05-19 08:06:11.781 | INFO     | app.middleware.logging:dispatch:45 [ACCESS] - HTTP GET /api/v1/students - 200 in 0.0627s | Context: {'request_id': 'a012aa7c-8c0a-4686-bd84-0a40165c7545', 'client_host': 'testclient', 'method': 'GET', 'path': '/api/v1/students', 'status_code': 200, 'duration': 0.0627}
2026-05-19 08:06:11.794 | INFO     | app.middleware.logging:dispatch:26 [ACCESS] - HTTP GET /api/v1/students - Initiated from testclient | Context: {'request_id': '781deac4-179e-43e7-a426-0133e75d23a2', 'client_host': 'testclient', 'method': 'GET', 'path': '/api/v1/students'}
2026-05-19 08:06:11.857 | INFO     | app.middleware.logging:dispatch:45 [ACCESS] - HTTP GET /api/v1/students - 200 in 0.0628s | Context: {'request_id': '781deac4-179e-43e7-a426-0133e75d23a2', 'client_host': 'testclient', 'method': 'GET', 'path': '/api/v1/students', 'status_code': 200, 'duration': 0.0628}
2026-05-19 08:06:11.870 | INFO     | app.middleware.logging:dispatch:26 [ACCESS] - HTTP GET /api/v1/students - Initiated from testclient | Context: {'request_id': 'cc8dfe12-52a2-459d-9eb8-0f8ea02e77ff', 'client_host': 'testclient', 'method': 'GET', 'path': '/api/v1/students'}
2026-05-19 08:06:11.879 | WARNING  | app.middleware.logging:dispatch:43 [ACCESS] - HTTP GET /api/v1/students - 429 in 0.0086s | Context: {'request_id': 'cc8dfe12-52a2-459d-9eb8-0f8ea02e77ff', 'client_host': 'testclient', 'method': 'GET', 'path': '/api/v1/students', 'status_code': 429, 'duration': 0.0086}
2026-05-19 08:06:11.891 | INFO     | app.middleware.logging:dispatch:26 [ACCESS] - HTTP GET /api/v1/remediation/suggestions - Initiated from testclient | Context: {'request_id': '49ae2be2-c340-47c2-8e3c-d5ebc1429965', 'client_host': 'testclient', 'method': 'GET', 'path': '/api/v1/remediation/suggestions'}
2026-05-19 08:06:11.909 | INFO     | app.middleware.logging:dispatch:45 [ACCESS] - HTTP GET /api/v1/remediation/suggestions - 200 in 0.0184s | Context: {'request_id': '49ae2be2-c340-47c2-8e3c-d5ebc1429965', 'client_host': 'testclient', 'method': 'GET', 'path': '/api/v1/remediation/suggestions', 'status_code': 200, 'duration': 0.0184}
2026-05-19 08:06:11.972 | INFO     | app.middleware.logging:dispatch:26 [ACCESS] - HTTP GET /api/v1/remediation/suggestions - Initiated from testclient | Context: {'request_id': 'ba93a3d4-87d2-46f2-b7c1-e7f1c9e97cda', 'client_host': 'testclient', 'method': 'GET', 'path': '/api/v1/remediation/suggestions'}
2026-05-19 08:06:11.990 | INFO     | app.middleware.logging:dispatch:45 [ACCESS] - HTTP GET /api/v1/remediation/suggestions - 200 in 0.0189s | Context: {'request_id': 'ba93a3d4-87d2-46f2-b7c1-e7f1c9e97cda', 'client_host': 'testclient', 'method': 'GET', 'path': '/api/v1/remediation/suggestions', 'status_code': 200, 'duration': 0.0189}
2026-05-19 08:06:12.003 | INFO     | app.middleware.logging:dispatch:26 [ACCESS] - HTTP POST /api/v1/remediation/suggestion/test-sugg-uuid-999/approve - Initiated from testclient | Context: {'request_id': '90c5357a-9de5-49f0-8053-9839b653f2cb', 'client_host': 'testclient', 'method': 'POST', 'path': '/api/v1/remediation/suggestion/test-sugg-uuid-999/approve'}
2026-05-19 08:06:12.057 | INFO     | app.middleware.logging:dispatch:45 [ACCESS] - HTTP POST /api/v1/remediation/suggestion/test-sugg-uuid-999/approve - 200 in 0.0541s | Context: {'request_id': '90c5357a-9de5-49f0-8053-9839b653f2cb', 'client_host': 'testclient', 'method': 'POST', 'path': '/api/v1/remediation/suggestion/test-sugg-uuid-999/approve', 'status_code': 200, 'duration': 0.0541}
2026-05-19 08:07:05.312 | INFO     | app.middleware.logging:dispatch:26 [ACCESS] - HTTP POST /api/v1/auth/login - Initiated from testclient | Context: {'request_id': '9c4b4e09-c0dc-4aeb-81ce-c8163ebfba86', 'client_host': 'testclient', 'method': 'POST', 'path': '/api/v1/auth/login'}
2026-05-19 08:07:05.534 | INFO     | app.middleware.logging:dispatch:45 [ACCESS] - HTTP POST /api/v1/auth/login - 200 in 0.2229s | Context: {'request_id': '9c4b4e09-c0dc-4aeb-81ce-c8163ebfba86', 'client_host': 'testclient', 'method': 'POST', 'path': '/api/v1/auth/login', 'status_code': 200, 'duration': 0.2229}
2026-05-19 08:07:05.541 | INFO     | app.middleware.logging:dispatch:26 [ACCESS] - HTTP GET /api/v1/analytics/dashboard - Initiated from testclient | Context: {'request_id': '233e7f1c-8c5f-4716-ae0a-be5ec024f804', 'client_host': 'testclient', 'method': 'GET', 'path': '/api/v1/analytics/dashboard'}
2026-05-19 08:07:05.576 | INFO     | app.middleware.logging:dispatch:45 [ACCESS] - HTTP GET /api/v1/analytics/dashboard - 200 in 0.0355s | Context: {'request_id': '233e7f1c-8c5f-4716-ae0a-be5ec024f804', 'client_host': 'testclient', 'method': 'GET', 'path': '/api/v1/analytics/dashboard', 'status_code': 200, 'duration': 0.0355}
2026-05-19 08:20:37.001 | INFO     | app.middleware.logging:dispatch:26 [ACCESS] - HTTP POST /api/research - Initiated from 127.0.0.1 | Context: {'request_id': 'd7e97095-786f-4591-bac8-c8ef9d3e9ea0', 'client_host': '127.0.0.1', 'method': 'POST', 'path': '/api/research'}
2026-05-19 08:20:37.281 | INFO     | app.middleware.logging:dispatch:45 [ACCESS] - HTTP POST /api/research - 200 in 0.2800s | Context: {'request_id': 'd7e97095-786f-4591-bac8-c8ef9d3e9ea0', 'client_host': '127.0.0.1', 'method': 'POST', 'path': '/api/research', 'status_code': 200, 'duration': 0.28}
2026-05-19 08:20:37.284 | INFO     | logging:callHandlers:1737 [ACCESS] - 127.0.0.1:60036 - "POST /api/research HTTP/1.1" 200
2026-05-19 08:20:37.436 | INFO     | app.middleware.logging:dispatch:26 [ACCESS] - HTTP GET /api/session/e2e5d116-f27c-4920-9fc4-7131780a4687/stream - Initiated from 127.0.0.1 | Context: {'request_id': 'db36ff82-ee56-44ca-b115-4972be6cd724', 'client_host': '127.0.0.1', 'method': 'GET', 'path': '/api/session/e2e5d116-f27c-4920-9fc4-7131780a4687/stream'}
2026-05-19 08:20:37.450 | INFO     | app.middleware.logging:dispatch:45 [ACCESS] - HTTP GET /api/session/e2e5d116-f27c-4920-9fc4-7131780a4687/stream - 200 in 0.0140s | Context: {'request_id': 'db36ff82-ee56-44ca-b115-4972be6cd724', 'client_host': '127.0.0.1', 'method': 'GET', 'path': '/api/session/e2e5d116-f27c-4920-9fc4-7131780a4687/stream', 'status_code': 200, 'duration': 0.014}
2026-05-19 08:20:37.458 | INFO     | logging:callHandlers:1737 [ACCESS] - 127.0.0.1:55736 - "GET /api/session/e2e5d116-f27c-4920-9fc4-7131780a4687/stream HTTP/1.1" 200
2026-05-19 08:44:54.395 | INFO     | app.middleware.logging:dispatch:26 [ACCESS] - HTTP POST /api/v1/research - Initiated from 127.0.0.1 | Context: {'request_id': 'cc5a09ef-22ef-47aa-9141-7b7ee22bd42a', 'client_host': '127.0.0.1', 'method': 'POST', 'path': '/api/v1/research'}
2026-05-19 08:44:54.547 | INFO     | app.middleware.logging:dispatch:45 [ACCESS] - HTTP POST /api/v1/research - 200 in 0.1525s | Context: {'request_id': 'cc5a09ef-22ef-47aa-9141-7b7ee22bd42a', 'client_host': '127.0.0.1', 'method': 'POST', 'path': '/api/v1/research', 'status_code': 200, 'duration': 0.1525}
2026-05-19 08:44:54.549 | INFO     | logging:callHandlers:1706 [ACCESS] - 127.0.0.1:49674 - "POST /api/v1/research HTTP/1.1" 200
2026-05-19 08:45:29.847 | INFO     | app.middleware.logging:dispatch:26 [ACCESS] - HTTP GET /api/v1/session/72b69f7d-d37c-4550-8d37-f44c8c5aba33 - Initiated from 127.0.0.1 | Context: {'request_id': '26703073-6f3f-4959-a5e7-7e0b2fdd30a2', 'client_host': '127.0.0.1', 'method': 'GET', 'path': '/api/v1/session/72b69f7d-d37c-4550-8d37-f44c8c5aba33'}
2026-05-19 08:45:29.881 | INFO     | app.middleware.logging:dispatch:45 [ACCESS] - HTTP GET /api/v1/session/72b69f7d-d37c-4550-8d37-f44c8c5aba33 - 200 in 0.0343s | Context: {'request_id': '26703073-6f3f-4959-a5e7-7e0b2fdd30a2', 'client_host': '127.0.0.1', 'method': 'GET', 'path': '/api/v1/session/72b69f7d-d37c-4550-8d37-f44c8c5aba33', 'status_code': 200, 'duration': 0.0343}
2026-05-19 08:45:29.883 | INFO     | logging:callHandlers:1706 [ACCESS] - 127.0.0.1:49684 - "GET /api/v1/session/72b69f7d-d37c-4550-8d37-f44c8c5aba33 HTTP/1.1" 200
2026-05-19 08:45:37.565 | INFO     | app.middleware.logging:dispatch:26 [ACCESS] - HTTP GET /api/v1/session/72b69f7d-d37c-4550-8d37-f44c8c5aba33 - Initiated from 127.0.0.1 | Context: {'request_id': '7aa22429-3f3b-4ba5-9de0-ac223180530b', 'client_host': '127.0.0.1', 'method': 'GET', 'path': '/api/v1/session/72b69f7d-d37c-4550-8d37-f44c8c5aba33'}
2026-05-19 08:45:37.597 | INFO     | app.middleware.logging:dispatch:45 [ACCESS] - HTTP GET /api/v1/session/72b69f7d-d37c-4550-8d37-f44c8c5aba33 - 200 in 0.0321s | Context: {'request_id': '7aa22429-3f3b-4ba5-9de0-ac223180530b', 'client_host': '127.0.0.1', 'method': 'GET', 'path': '/api/v1/session/72b69f7d-d37c-4550-8d37-f44c8c5aba33', 'status_code': 200, 'duration': 0.0321}
2026-05-19 08:45:37.599 | INFO     | logging:callHandlers:1706 [ACCESS] - 127.0.0.1:49687 - "GET /api/v1/session/72b69f7d-d37c-4550-8d37-f44c8c5aba33 HTTP/1.1" 200
2026-05-19 08:46:56.094 | INFO     | app.middleware.logging:dispatch:26 [ACCESS] - HTTP POST /api/v1/research - Initiated from 127.0.0.1 | Context: {'request_id': '1af42346-afc7-4769-abc6-dd35192a6f8f', 'client_host': '127.0.0.1', 'method': 'POST', 'path': '/api/v1/research'}
2026-05-19 08:46:56.143 | INFO     | app.middleware.logging:dispatch:45 [ACCESS] - HTTP POST /api/v1/research - 200 in 0.0489s | Context: {'request_id': '1af42346-afc7-4769-abc6-dd35192a6f8f', 'client_host': '127.0.0.1', 'method': 'POST', 'path': '/api/v1/research', 'status_code': 200, 'duration': 0.0489}
2026-05-19 08:46:56.145 | INFO     | logging:callHandlers:1706 [ACCESS] - 127.0.0.1:49725 - "POST /api/v1/research HTTP/1.1" 200
2026-05-19 08:47:19.998 | INFO     | app.middleware.logging:dispatch:26 [ACCESS] - HTTP GET /api/v1/session/5d1c52ad-de5c-4dd2-8aea-784663208508 - Initiated from 127.0.0.1 | Context: {'request_id': 'a1c40041-9cc7-4740-b0d9-e70b1fc38735', 'client_host': '127.0.0.1', 'method': 'GET', 'path': '/api/v1/session/5d1c52ad-de5c-4dd2-8aea-784663208508'}
2026-05-19 08:47:20.043 | INFO     | app.middleware.logging:dispatch:45 [ACCESS] - HTTP GET /api/v1/session/5d1c52ad-de5c-4dd2-8aea-784663208508 - 200 in 0.0438s | Context: {'request_id': 'a1c40041-9cc7-4740-b0d9-e70b1fc38735', 'client_host': '127.0.0.1', 'method': 'GET', 'path': '/api/v1/session/5d1c52ad-de5c-4dd2-8aea-784663208508', 'status_code': 200, 'duration': 0.0438}
2026-05-19 08:47:20.045 | INFO     | logging:callHandlers:1706 [ACCESS] - 127.0.0.1:56677 - "GET /api/v1/session/5d1c52ad-de5c-4dd2-8aea-784663208508 HTTP/1.1" 200
2026-05-19 08:47:27.656 | INFO     | app.middleware.logging:dispatch:26 [ACCESS] - HTTP GET /api/v1/session/5d1c52ad-de5c-4dd2-8aea-784663208508 - Initiated from 127.0.0.1 | Context: {'request_id': '7ef398fa-de3e-4ef8-bcd9-7366f9b99e14', 'client_host': '127.0.0.1', 'method': 'GET', 'path': '/api/v1/session/5d1c52ad-de5c-4dd2-8aea-784663208508'}
2026-05-19 08:47:27.680 | INFO     | app.middleware.logging:dispatch:45 [ACCESS] - HTTP GET /api/v1/session/5d1c52ad-de5c-4dd2-8aea-784663208508 - 200 in 0.0242s | Context: {'request_id': '7ef398fa-de3e-4ef8-bcd9-7366f9b99e14', 'client_host': '127.0.0.1', 'method': 'GET', 'path': '/api/v1/session/5d1c52ad-de5c-4dd2-8aea-784663208508', 'status_code': 200, 'duration': 0.0242}
2026-05-19 08:47:27.681 | INFO     | logging:callHandlers:1706 [ACCESS] - 127.0.0.1:49897 - "GET /api/v1/session/5d1c52ad-de5c-4dd2-8aea-784663208508 HTTP/1.1" 200
2026-05-19 09:02:03.528 | INFO     | app.middleware.logging:dispatch:26 [ACCESS] - HTTP GET /api/session/e2e5d116-f27c-4920-9fc4-7131780a4687/stream - Initiated from 127.0.0.1 | Context: {'request_id': 'f082deac-575b-40ed-9a3f-561b2535a44f', 'client_host': '127.0.0.1', 'method': 'GET', 'path': '/api/session/e2e5d116-f27c-4920-9fc4-7131780a4687/stream'}
2026-05-19 09:02:03.763 | INFO     | app.middleware.logging:dispatch:45 [ACCESS] - HTTP GET /api/session/e2e5d116-f27c-4920-9fc4-7131780a4687/stream - 200 in 0.2499s | Context: {'request_id': 'f082deac-575b-40ed-9a3f-561b2535a44f', 'client_host': '127.0.0.1', 'method': 'GET', 'path': '/api/session/e2e5d116-f27c-4920-9fc4-7131780a4687/stream', 'status_code': 200, 'duration': 0.2499}
2026-05-19 09:02:03.811 | INFO     | logging:callHandlers:1706 [ACCESS] - 127.0.0.1:59382 - "GET /api/session/e2e5d116-f27c-4920-9fc4-7131780a4687/stream HTTP/1.1" 200
2026-05-19 09:02:17.465 | INFO     | app.middleware.logging:dispatch:26 [ACCESS] - HTTP GET /api/session/e2e5d116-f27c-4920-9fc4-7131780a4687/stream - Initiated from 127.0.0.1 | Context: {'request_id': 'ac0993d4-9a62-4ade-9d62-45de4bd8d1b6', 'client_host': '127.0.0.1', 'method': 'GET', 'path': '/api/session/e2e5d116-f27c-4920-9fc4-7131780a4687/stream'}
2026-05-19 09:02:17.501 | INFO     | app.middleware.logging:dispatch:45 [ACCESS] - HTTP GET /api/session/e2e5d116-f27c-4920-9fc4-7131780a4687/stream - 200 in 0.0363s | Context: {'request_id': 'ac0993d4-9a62-4ade-9d62-45de4bd8d1b6', 'client_host': '127.0.0.1', 'method': 'GET', 'path': '/api/session/e2e5d116-f27c-4920-9fc4-7131780a4687/stream', 'status_code': 200, 'duration': 0.0363}
2026-05-19 09:02:17.514 | INFO     | logging:callHandlers:1706 [ACCESS] - 127.0.0.1:57023 - "GET /api/session/e2e5d116-f27c-4920-9fc4-7131780a4687/stream HTTP/1.1" 200
2026-05-19 09:03:15.537 | INFO     | app.middleware.logging:dispatch:26 [ACCESS] - HTTP POST /api/research - Initiated from 127.0.0.1 | Context: {'request_id': 'e3c4286c-a21c-4026-aa17-39f8b5a273d8', 'client_host': '127.0.0.1', 'method': 'POST', 'path': '/api/research'}
2026-05-19 09:03:16.029 | INFO     | app.middleware.logging:dispatch:45 [ACCESS] - HTTP POST /api/research - 200 in 0.4960s | Context: {'request_id': 'e3c4286c-a21c-4026-aa17-39f8b5a273d8', 'client_host': '127.0.0.1', 'method': 'POST', 'path': '/api/research', 'status_code': 200, 'duration': 0.496}
2026-05-19 09:03:16.036 | INFO     | logging:callHandlers:1706 [ACCESS] - 127.0.0.1:49735 - "POST /api/research HTTP/1.1" 200
2026-05-19 09:03:16.081 | INFO     | app.middleware.logging:dispatch:26 [ACCESS] - HTTP GET /api/session/d3c256c0-cb5f-4a53-bd7a-9e3f2368a3ad/stream - Initiated from 127.0.0.1 | Context: {'request_id': 'a7b8afa1-1914-42b0-ac84-3911164c69c4', 'client_host': '127.0.0.1', 'method': 'GET', 'path': '/api/session/d3c256c0-cb5f-4a53-bd7a-9e3f2368a3ad/stream'}
2026-05-19 09:03:16.093 | INFO     | app.middleware.logging:dispatch:45 [ACCESS] - HTTP GET /api/session/d3c256c0-cb5f-4a53-bd7a-9e3f2368a3ad/stream - 200 in 0.0112s | Context: {'request_id': 'a7b8afa1-1914-42b0-ac84-3911164c69c4', 'client_host': '127.0.0.1', 'method': 'GET', 'path': '/api/session/d3c256c0-cb5f-4a53-bd7a-9e3f2368a3ad/stream', 'status_code': 200, 'duration': 0.0112}
2026-05-19 09:03:16.101 | INFO     | logging:callHandlers:1706 [ACCESS] - 127.0.0.1:61795 - "GET /api/session/d3c256c0-cb5f-4a53-bd7a-9e3f2368a3ad/stream HTTP/1.1" 200
2026-05-19 09:15:37.547 | INFO     | app.middleware.logging:dispatch:26 [ACCESS] - HTTP POST /api/research - Initiated from 127.0.0.1 | Context: {'request_id': '2f0dc9b5-9d61-4622-93e6-f9ad3b54e440', 'client_host': '127.0.0.1', 'method': 'POST', 'path': '/api/research'}
2026-05-19 09:15:38.223 | INFO     | app.middleware.logging:dispatch:45 [ACCESS] - HTTP POST /api/research - 200 in 0.6890s | Context: {'request_id': '2f0dc9b5-9d61-4622-93e6-f9ad3b54e440', 'client_host': '127.0.0.1', 'method': 'POST', 'path': '/api/research', 'status_code': 200, 'duration': 0.689}
2026-05-19 09:15:38.226 | INFO     | logging:callHandlers:1737 [ACCESS] - 127.0.0.1:49960 - "POST /api/research HTTP/1.1" 200
2026-05-19 09:15:38.262 | INFO     | app.middleware.logging:dispatch:26 [ACCESS] - HTTP GET /api/session/42ae3b48-fc2f-4fc1-b5fd-b2ba7862ac4d/stream - Initiated from 127.0.0.1 | Context: {'request_id': '93ba2425-bb6c-494d-89a5-9dc5675ca7e6', 'client_host': '127.0.0.1', 'method': 'GET', 'path': '/api/session/42ae3b48-fc2f-4fc1-b5fd-b2ba7862ac4d/stream'}
2026-05-19 09:15:38.274 | INFO     | app.middleware.logging:dispatch:45 [ACCESS] - HTTP GET /api/session/42ae3b48-fc2f-4fc1-b5fd-b2ba7862ac4d/stream - 200 in 0.0119s | Context: {'request_id': '93ba2425-bb6c-494d-89a5-9dc5675ca7e6', 'client_host': '127.0.0.1', 'method': 'GET', 'path': '/api/session/42ae3b48-fc2f-4fc1-b5fd-b2ba7862ac4d/stream', 'status_code': 200, 'duration': 0.0119}
2026-05-19 09:15:38.281 | INFO     | logging:callHandlers:1737 [ACCESS] - 127.0.0.1:61444 - "GET /api/session/42ae3b48-fc2f-4fc1-b5fd-b2ba7862ac4d/stream HTTP/1.1" 200
2026-05-19 09:29:54.309 | INFO     | app.middleware.logging:dispatch:26 [ACCESS] - HTTP GET /health - Initiated from 127.0.0.1 | Context: {'request_id': '8fcda1d2-30f1-4f98-ab7f-52bf975edc56', 'client_host': '127.0.0.1', 'method': 'GET', 'path': '/health'}
2026-05-19 09:29:55.445 | INFO     | app.middleware.logging:dispatch:45 [ACCESS] - HTTP GET /health - 200 in 1.1363s | Context: {'request_id': '8fcda1d2-30f1-4f98-ab7f-52bf975edc56', 'client_host': '127.0.0.1', 'method': 'GET', 'path': '/health', 'status_code': 200, 'duration': 1.1363}
2026-05-19 09:29:55.446 | INFO     | logging:callHandlers:1706 [ACCESS] - 127.0.0.1:52973 - "GET /health HTTP/1.1" 200
2026-05-19 09:35:51.885 | INFO     | app.middleware.logging:dispatch:26 [ACCESS] - HTTP GET /health - Initiated from 127.0.0.1 | Context: {'request_id': 'c1b974fa-06ea-46ee-baf8-2b5e8bd377e8', 'client_host': '127.0.0.1', 'method': 'GET', 'path': '/health'}
2026-05-19 09:35:53.112 | INFO     | app.middleware.logging:dispatch:45 [ACCESS] - HTTP GET /health - 200 in 1.2286s | Context: {'request_id': 'c1b974fa-06ea-46ee-baf8-2b5e8bd377e8', 'client_host': '127.0.0.1', 'method': 'GET', 'path': '/health', 'status_code': 200, 'duration': 1.2286}
2026-05-19 09:35:53.118 | INFO     | logging:callHandlers:1706 [ACCESS] - 127.0.0.1:49305 - "GET /health HTTP/1.1" 200
2026-05-19 09:56:27.282 | INFO     | app.middleware.logging:dispatch:26 [ACCESS] - HTTP POST /api/research - Initiated from 127.0.0.1 | Context: {'request_id': '4b981b44-1690-42b7-8e98-5fd24a31d4fa', 'client_host': '127.0.0.1', 'method': 'POST', 'path': '/api/research'}
2026-05-19 09:56:27.591 | INFO     | app.middleware.logging:dispatch:45 [ACCESS] - HTTP POST /api/research - 200 in 0.3091s | Context: {'request_id': '4b981b44-1690-42b7-8e98-5fd24a31d4fa', 'client_host': '127.0.0.1', 'method': 'POST', 'path': '/api/research', 'status_code': 200, 'duration': 0.3091}
2026-05-19 09:56:27.593 | INFO     | logging:callHandlers:1706 [ACCESS] - 127.0.0.1:64270 - "POST /api/research HTTP/1.1" 200
2026-05-19 09:56:27.696 | INFO     | app.middleware.logging:dispatch:26 [ACCESS] - HTTP GET /api/session/9478cdaf-56be-4c06-846f-1ca239184572/stream - Initiated from 127.0.0.1 | Context: {'request_id': '22c7f87a-babc-4590-8c9b-28072fbd5c8f', 'client_host': '127.0.0.1', 'method': 'GET', 'path': '/api/session/9478cdaf-56be-4c06-846f-1ca239184572/stream'}
2026-05-19 09:56:27.707 | INFO     | app.middleware.logging:dispatch:45 [ACCESS] - HTTP GET /api/session/9478cdaf-56be-4c06-846f-1ca239184572/stream - 200 in 0.0121s | Context: {'request_id': '22c7f87a-babc-4590-8c9b-28072fbd5c8f', 'client_host': '127.0.0.1', 'method': 'GET', 'path': '/api/session/9478cdaf-56be-4c06-846f-1ca239184572/stream', 'status_code': 200, 'duration': 0.0121}
2026-05-19 09:56:27.717 | INFO     | logging:callHandlers:1706 [ACCESS] - 127.0.0.1:53716 - "GET /api/session/9478cdaf-56be-4c06-846f-1ca239184572/stream HTTP/1.1" 200
2026-05-19 09:59:43.522 | INFO     | app.middleware.logging:dispatch:26 [ACCESS] - HTTP GET / - Initiated from testclient | Context: {'request_id': 'cddaf78c-74e4-4f7e-af07-65c25d85831a', 'client_host': 'testclient', 'method': 'GET', 'path': '/'}
2026-05-19 09:59:43.554 | INFO     | app.middleware.logging:dispatch:45 [ACCESS] - HTTP GET / - 200 in 0.0324s | Context: {'request_id': 'cddaf78c-74e4-4f7e-af07-65c25d85831a', 'client_host': 'testclient', 'method': 'GET', 'path': '/', 'status_code': 200, 'duration': 0.0324}
2026-05-19 09:59:43.559 | INFO     | app.middleware.logging:dispatch:26 [ACCESS] - HTTP GET /api/students - Initiated from testclient | Context: {'request_id': 'c5572e6c-f164-4d59-91f1-f4acb7391f34', 'client_host': 'testclient', 'method': 'GET', 'path': '/api/students'}
2026-05-19 09:59:43.560 | WARNING  | app.middleware.logging:dispatch:43 [ACCESS] - HTTP GET /api/students - 401 in 0.0011s | Context: {'request_id': 'c5572e6c-f164-4d59-91f1-f4acb7391f34', 'client_host': 'testclient', 'method': 'GET', 'path': '/api/students', 'status_code': 401, 'duration': 0.0011}
2026-05-19 09:59:43.565 | INFO     | app.middleware.logging:dispatch:26 [ACCESS] - HTTP POST /api/auth/login - Initiated from testclient | Context: {'request_id': 'c9069633-662d-4ac4-830d-cee41c860833', 'client_host': 'testclient', 'method': 'POST', 'path': '/api/auth/login'}
2026-05-19 09:59:43.995 | WARNING  | app.middleware.logging:dispatch:43 [ACCESS] - HTTP POST /api/auth/login - 401 in 0.4301s | Context: {'request_id': 'c9069633-662d-4ac4-830d-cee41c860833', 'client_host': 'testclient', 'method': 'POST', 'path': '/api/auth/login', 'status_code': 401, 'duration': 0.4301}
2026-05-19 09:59:44.001 | INFO     | app.middleware.logging:dispatch:26 [ACCESS] - HTTP POST /api/auth/register - Initiated from testclient | Context: {'request_id': '3694ed72-c2ce-4c9c-b4e7-20cf9d51eee5', 'client_host': 'testclient', 'method': 'POST', 'path': '/api/auth/register'}
2026-05-19 09:59:44.005 | WARNING  | app.middleware.exception_handlers:validation_exception_handler:49 [ACCESS] - Validation failed for request to /api/auth/register: 3 validation errors:
  {'type': 'string_too_short', 'loc': ('body', 'username'), 'msg': 'String should have at least 3 characters', 'input': 'us', 'ctx': {'min_length': 3}}
  {'type': 'missing', 'loc': ('body', 'email'), 'msg': 'Field required', 'input': {'username': 'us', 'password': '123'}}
  {'type': 'string_too_short', 'loc': ('body', 'password'), 'msg': 'String should have at least 6 characters', 'input': '123', 'ctx': {'min_length': 6}}

  File "D:\ps_03\company-intelligence-platform\backend\app\routes\v1\auth_routes.py", line 22, in register
    POST /api/auth/register | Context: {'request_id': '3694ed72-c2ce-4c9c-b4e7-20cf9d51eee5', 'path': '/api/auth/register', 'error_details': [{'field': 'username', 'issue': 'string_too_short', 'message': 'String should have at least 3 characters'}, {'field': 'email', 'issue': 'missing', 'message': 'Field required'}, {'field': 'password', 'issue': 'string_too_short', 'message': 'String should have at least 6 characters'}]}
2026-05-19 09:59:44.006 | WARNING  | app.middleware.logging:dispatch:43 [ACCESS] - HTTP POST /api/auth/register - 422 in 0.0048s | Context: {'request_id': '3694ed72-c2ce-4c9c-b4e7-20cf9d51eee5', 'client_host': 'testclient', 'method': 'POST', 'path': '/api/auth/register', 'status_code': 422, 'duration': 0.0048}
2026-05-19 09:59:44.011 | INFO     | app.middleware.logging:dispatch:26 [ACCESS] - HTTP POST /api/auth/login - Initiated from testclient | Context: {'request_id': 'c287412c-2cdb-4dee-8acc-57bb134f19f8', 'client_host': 'testclient', 'method': 'POST', 'path': '/api/auth/login'}
2026-05-19 09:59:44.257 | INFO     | app.middleware.logging:dispatch:45 [ACCESS] - HTTP POST /api/auth/login - 200 in 0.2468s | Context: {'request_id': 'c287412c-2cdb-4dee-8acc-57bb134f19f8', 'client_host': 'testclient', 'method': 'POST', 'path': '/api/auth/login', 'status_code': 200, 'duration': 0.2468}
2026-05-19 09:59:44.263 | INFO     | app.middleware.logging:dispatch:26 [ACCESS] - HTTP GET /api/students - Initiated from testclient | Context: {'request_id': 'f68dfc23-dfe2-4cdf-a1c6-00f394705042', 'client_host': 'testclient', 'method': 'GET', 'path': '/api/students'}
2026-05-19 09:59:44.313 | INFO     | app.middleware.logging:dispatch:45 [ACCESS] - HTTP GET /api/students - 200 in 0.0499s | Context: {'request_id': 'f68dfc23-dfe2-4cdf-a1c6-00f394705042', 'client_host': 'testclient', 'method': 'GET', 'path': '/api/students', 'status_code': 200, 'duration': 0.0499}
2026-05-19 09:59:44.318 | INFO     | app.middleware.logging:dispatch:26 [ACCESS] - HTTP POST /api/auth/login - Initiated from testclient | Context: {'request_id': '378f207f-9efe-43a6-b0c9-b557e87cc7bb', 'client_host': 'testclient', 'method': 'POST', 'path': '/api/auth/login'}
2026-05-19 09:59:44.545 | INFO     | app.middleware.logging:dispatch:45 [ACCESS] - HTTP POST /api/auth/login - 200 in 0.2272s | Context: {'request_id': '378f207f-9efe-43a6-b0c9-b557e87cc7bb', 'client_host': 'testclient', 'method': 'POST', 'path': '/api/auth/login', 'status_code': 200, 'duration': 0.2272}
2026-05-19 09:59:44.551 | INFO     | app.middleware.logging:dispatch:26 [ACCESS] - HTTP GET /api/students - Initiated from testclient | Context: {'request_id': '7a6bd632-3ddc-46b9-bdb2-681b26b76086', 'client_host': 'testclient', 'method': 'GET', 'path': '/api/students'}
2026-05-19 09:59:44.574 | INFO     | app.middleware.logging:dispatch:45 [ACCESS] - HTTP GET /api/students - 200 in 0.0233s | Context: {'request_id': '7a6bd632-3ddc-46b9-bdb2-681b26b76086', 'client_host': 'testclient', 'method': 'GET', 'path': '/api/students', 'status_code': 200, 'duration': 0.0233}
2026-05-19 09:59:44.579 | INFO     | app.middleware.logging:dispatch:26 [ACCESS] - HTTP GET /api/students - Initiated from testclient | Context: {'request_id': '6b6e8c89-53ac-44a2-af9b-61088a247ccd', 'client_host': 'testclient', 'method': 'GET', 'path': '/api/students'}
2026-05-19 09:59:44.604 | INFO     | app.middleware.logging:dispatch:45 [ACCESS] - HTTP GET /api/students - 200 in 0.0253s | Context: {'request_id': '6b6e8c89-53ac-44a2-af9b-61088a247ccd', 'client_host': 'testclient', 'method': 'GET', 'path': '/api/students', 'status_code': 200, 'duration': 0.0253}
2026-05-19 09:59:44.609 | INFO     | app.middleware.logging:dispatch:26 [ACCESS] - HTTP GET /api/students - Initiated from testclient | Context: {'request_id': '9a998037-cc4e-47c2-aed8-f40f33742e08', 'client_host': 'testclient', 'method': 'GET', 'path': '/api/students'}
2026-05-19 09:59:44.633 | INFO     | app.middleware.logging:dispatch:45 [ACCESS] - HTTP GET /api/students - 200 in 0.0246s | Context: {'request_id': '9a998037-cc4e-47c2-aed8-f40f33742e08', 'client_host': 'testclient', 'method': 'GET', 'path': '/api/students', 'status_code': 200, 'duration': 0.0246}
2026-05-19 09:59:44.638 | INFO     | app.middleware.logging:dispatch:26 [ACCESS] - HTTP GET /api/students - Initiated from testclient | Context: {'request_id': '05a3d2b5-ddcb-4b21-95bc-65b308654aa5', 'client_host': 'testclient', 'method': 'GET', 'path': '/api/students'}
2026-05-19 09:59:44.661 | INFO     | app.middleware.logging:dispatch:45 [ACCESS] - HTTP GET /api/students - 200 in 0.0223s | Context: {'request_id': '05a3d2b5-ddcb-4b21-95bc-65b308654aa5', 'client_host': 'testclient', 'method': 'GET', 'path': '/api/students', 'status_code': 200, 'duration': 0.0223}
2026-05-19 09:59:44.665 | INFO     | app.middleware.logging:dispatch:26 [ACCESS] - HTTP GET /api/students - Initiated from testclient | Context: {'request_id': '15a1676d-05ac-452b-ae3f-36edcfe4c174', 'client_host': 'testclient', 'method': 'GET', 'path': '/api/students'}
2026-05-19 09:59:44.671 | WARNING  | app.middleware.logging:dispatch:43 [ACCESS] - HTTP GET /api/students - 429 in 0.0056s | Context: {'request_id': '15a1676d-05ac-452b-ae3f-36edcfe4c174', 'client_host': 'testclient', 'method': 'GET', 'path': '/api/students', 'status_code': 429, 'duration': 0.0056}
2026-05-19 09:59:44.675 | INFO     | app.middleware.logging:dispatch:26 [ACCESS] - HTTP GET /api/remediation/suggestions - Initiated from testclient | Context: {'request_id': 'ef63333e-fab8-4eb6-8d47-096980a2d15d', 'client_host': 'testclient', 'method': 'GET', 'path': '/api/remediation/suggestions'}
2026-05-19 09:59:44.700 | INFO     | app.middleware.logging:dispatch:45 [ACCESS] - HTTP GET /api/remediation/suggestions - 200 in 0.0252s | Context: {'request_id': 'ef63333e-fab8-4eb6-8d47-096980a2d15d', 'client_host': 'testclient', 'method': 'GET', 'path': '/api/remediation/suggestions', 'status_code': 200, 'duration': 0.0252}
2026-05-19 09:59:44.725 | INFO     | app.middleware.logging:dispatch:26 [ACCESS] - HTTP GET /api/remediation/suggestions - Initiated from testclient | Context: {'request_id': '8d39b452-7f62-49d2-b0da-2b7481db5c94', 'client_host': 'testclient', 'method': 'GET', 'path': '/api/remediation/suggestions'}
2026-05-19 09:59:44.733 | INFO     | app.middleware.logging:dispatch:45 [ACCESS] - HTTP GET /api/remediation/suggestions - 200 in 0.0079s | Context: {'request_id': '8d39b452-7f62-49d2-b0da-2b7481db5c94', 'client_host': 'testclient', 'method': 'GET', 'path': '/api/remediation/suggestions', 'status_code': 200, 'duration': 0.0079}
2026-05-19 09:59:44.738 | INFO     | app.middleware.logging:dispatch:26 [ACCESS] - HTTP POST /api/remediation/suggestion/test-sugg-uuid-999/approve - Initiated from testclient | Context: {'request_id': '91425efd-593c-4de3-b5c2-b7bca09bcff3', 'client_host': 'testclient', 'method': 'POST', 'path': '/api/remediation/suggestion/test-sugg-uuid-999/approve'}
2026-05-19 09:59:44.763 | INFO     | app.middleware.logging:dispatch:45 [ACCESS] - HTTP POST /api/remediation/suggestion/test-sugg-uuid-999/approve - 200 in 0.0249s | Context: {'request_id': '91425efd-593c-4de3-b5c2-b7bca09bcff3', 'client_host': 'testclient', 'method': 'POST', 'path': '/api/remediation/suggestion/test-sugg-uuid-999/approve', 'status_code': 200, 'duration': 0.0249}
2026-05-19 09:59:44.843 | INFO     | app.middleware.logging:dispatch:26 [ACCESS] - HTTP POST /api/auth/login - Initiated from testclient | Context: {'request_id': 'b8bf1cc0-8fc7-466c-ae6a-649c5764cc55', 'client_host': 'testclient', 'method': 'POST', 'path': '/api/auth/login'}
2026-05-19 09:59:45.067 | INFO     | app.middleware.logging:dispatch:45 [ACCESS] - HTTP POST /api/auth/login - 200 in 0.2239s | Context: {'request_id': 'b8bf1cc0-8fc7-466c-ae6a-649c5764cc55', 'client_host': 'testclient', 'method': 'POST', 'path': '/api/auth/login', 'status_code': 200, 'duration': 0.2239}
2026-05-19 09:59:45.071 | INFO     | app.middleware.logging:dispatch:26 [ACCESS] - HTTP GET /api/analytics/dashboard - Initiated from testclient | Context: {'request_id': '4650438c-6572-4c12-834d-ab24be1ddf9f', 'client_host': 'testclient', 'method': 'GET', 'path': '/api/analytics/dashboard'}
2026-05-19 09:59:45.280 | INFO     | app.middleware.logging:dispatch:45 [ACCESS] - HTTP GET /api/analytics/dashboard - 200 in 0.2086s | Context: {'request_id': '4650438c-6572-4c12-834d-ab24be1ddf9f', 'client_host': 'testclient', 'method': 'GET', 'path': '/api/analytics/dashboard', 'status_code': 200, 'duration': 0.2086}
2026-05-19 10:01:10.437 | INFO     | app.middleware.logging:dispatch:26 [ACCESS] - HTTP GET / - Initiated from testclient | Context: {'request_id': 'f2eccb78-1b82-40f0-a617-1ab39cf4104c', 'client_host': 'testclient', 'method': 'GET', 'path': '/'}
2026-05-19 10:01:10.455 | INFO     | app.middleware.logging:dispatch:45 [ACCESS] - HTTP GET / - 200 in 0.0182s | Context: {'request_id': 'f2eccb78-1b82-40f0-a617-1ab39cf4104c', 'client_host': 'testclient', 'method': 'GET', 'path': '/', 'status_code': 200, 'duration': 0.0182}
2026-05-19 10:01:10.462 | INFO     | app.middleware.logging:dispatch:26 [ACCESS] - HTTP GET /api/students - Initiated from testclient | Context: {'request_id': '8df65a90-7d99-44b1-b188-94802c5cba29', 'client_host': 'testclient', 'method': 'GET', 'path': '/api/students'}
2026-05-19 10:01:10.462 | WARNING  | app.middleware.logging:dispatch:43 [ACCESS] - HTTP GET /api/students - 401 in 0.0010s | Context: {'request_id': '8df65a90-7d99-44b1-b188-94802c5cba29', 'client_host': 'testclient', 'method': 'GET', 'path': '/api/students', 'status_code': 401, 'duration': 0.001}
2026-05-19 10:01:10.469 | INFO     | app.middleware.logging:dispatch:26 [ACCESS] - HTTP POST /api/auth/login - Initiated from testclient | Context: {'request_id': '1eac1b09-6be3-455d-a6c1-4f4b7cd697fc', 'client_host': 'testclient', 'method': 'POST', 'path': '/api/auth/login'}
2026-05-19 10:01:10.897 | WARNING  | app.middleware.logging:dispatch:43 [ACCESS] - HTTP POST /api/auth/login - 401 in 0.4286s | Context: {'request_id': '1eac1b09-6be3-455d-a6c1-4f4b7cd697fc', 'client_host': 'testclient', 'method': 'POST', 'path': '/api/auth/login', 'status_code': 401, 'duration': 0.4286}
2026-05-19 10:01:10.903 | INFO     | app.middleware.logging:dispatch:26 [ACCESS] - HTTP POST /api/auth/register - Initiated from testclient | Context: {'request_id': 'df6e93b5-9221-42a2-a246-76c19209c01a', 'client_host': 'testclient', 'method': 'POST', 'path': '/api/auth/register'}
2026-05-19 10:01:10.907 | WARNING  | app.middleware.exception_handlers:validation_exception_handler:49 [ACCESS] - Validation failed for request to /api/auth/register: 3 validation errors:
  {'type': 'string_too_short', 'loc': ('body', 'username'), 'msg': 'String should have at least 3 characters', 'input': 'us', 'ctx': {'min_length': 3}}
  {'type': 'missing', 'loc': ('body', 'email'), 'msg': 'Field required', 'input': {'username': 'us', 'password': '123'}}
  {'type': 'string_too_short', 'loc': ('body', 'password'), 'msg': 'String should have at least 6 characters', 'input': '123', 'ctx': {'min_length': 6}}

  File "D:\ps_03\company-intelligence-platform\backend\app\routes\v1\auth_routes.py", line 22, in register
    POST /api/auth/register | Context: {'request_id': 'df6e93b5-9221-42a2-a246-76c19209c01a', 'path': '/api/auth/register', 'error_details': [{'field': 'username', 'issue': 'string_too_short', 'message': 'String should have at least 3 characters'}, {'field': 'email', 'issue': 'missing', 'message': 'Field required'}, {'field': 'password', 'issue': 'string_too_short', 'message': 'String should have at least 6 characters'}]}
2026-05-19 10:01:10.908 | WARNING  | app.middleware.logging:dispatch:43 [ACCESS] - HTTP POST /api/auth/register - 422 in 0.0055s | Context: {'request_id': 'df6e93b5-9221-42a2-a246-76c19209c01a', 'client_host': 'testclient', 'method': 'POST', 'path': '/api/auth/register', 'status_code': 422, 'duration': 0.0055}
2026-05-19 10:01:10.912 | INFO     | app.middleware.logging:dispatch:26 [ACCESS] - HTTP POST /api/auth/login - Initiated from testclient | Context: {'request_id': '3f2f3687-d6f2-4761-a68d-be3b487cb9a6', 'client_host': 'testclient', 'method': 'POST', 'path': '/api/auth/login'}
2026-05-19 10:01:11.178 | INFO     | app.middleware.logging:dispatch:45 [ACCESS] - HTTP POST /api/auth/login - 200 in 0.2665s | Context: {'request_id': '3f2f3687-d6f2-4761-a68d-be3b487cb9a6', 'client_host': 'testclient', 'method': 'POST', 'path': '/api/auth/login', 'status_code': 200, 'duration': 0.2665}
2026-05-19 10:01:11.188 | INFO     | app.middleware.logging:dispatch:26 [ACCESS] - HTTP GET /api/students - Initiated from testclient | Context: {'request_id': '2f152b4d-4c77-4ee1-ba35-d6e9f9bb3747', 'client_host': 'testclient', 'method': 'GET', 'path': '/api/students'}
2026-05-19 10:01:11.239 | INFO     | app.middleware.logging:dispatch:45 [ACCESS] - HTTP GET /api/students - 200 in 0.0505s | Context: {'request_id': '2f152b4d-4c77-4ee1-ba35-d6e9f9bb3747', 'client_host': 'testclient', 'method': 'GET', 'path': '/api/students', 'status_code': 200, 'duration': 0.0505}
2026-05-19 10:01:11.245 | INFO     | app.middleware.logging:dispatch:26 [ACCESS] - HTTP POST /api/auth/login - Initiated from testclient | Context: {'request_id': '05c55af6-33a6-43f0-8621-42fba4af2df8', 'client_host': 'testclient', 'method': 'POST', 'path': '/api/auth/login'}
2026-05-19 10:01:11.465 | INFO     | app.middleware.logging:dispatch:45 [ACCESS] - HTTP POST /api/auth/login - 200 in 0.2200s | Context: {'request_id': '05c55af6-33a6-43f0-8621-42fba4af2df8', 'client_host': 'testclient', 'method': 'POST', 'path': '/api/auth/login', 'status_code': 200, 'duration': 0.22}
2026-05-19 10:01:11.515 | INFO     | app.middleware.logging:dispatch:26 [ACCESS] - HTTP GET /api/students - Initiated from testclient | Context: {'request_id': '1e400149-a61c-4222-aef7-9d5558f9ae24', 'client_host': 'testclient', 'method': 'GET', 'path': '/api/students'}
2026-05-19 10:01:11.543 | INFO     | app.middleware.logging:dispatch:45 [ACCESS] - HTTP GET /api/students - 200 in 0.0272s | Context: {'request_id': '1e400149-a61c-4222-aef7-9d5558f9ae24', 'client_host': 'testclient', 'method': 'GET', 'path': '/api/students', 'status_code': 200, 'duration': 0.0272}
2026-05-19 10:01:11.548 | INFO     | app.middleware.logging:dispatch:26 [ACCESS] - HTTP GET /api/students - Initiated from testclient | Context: {'request_id': '5d713468-5699-4e74-aa68-5f9acafa599b', 'client_host': 'testclient', 'method': 'GET', 'path': '/api/students'}
2026-05-19 10:01:11.570 | INFO     | app.middleware.logging:dispatch:45 [ACCESS] - HTTP GET /api/students - 200 in 0.0217s | Context: {'request_id': '5d713468-5699-4e74-aa68-5f9acafa599b', 'client_host': 'testclient', 'method': 'GET', 'path': '/api/students', 'status_code': 200, 'duration': 0.0217}
2026-05-19 10:01:11.574 | INFO     | app.middleware.logging:dispatch:26 [ACCESS] - HTTP GET /api/students - Initiated from testclient | Context: {'request_id': 'c9b5fe6f-6550-4778-9e1d-569e95f14564', 'client_host': 'testclient', 'method': 'GET', 'path': '/api/students'}
2026-05-19 10:01:11.603 | INFO     | app.middleware.logging:dispatch:45 [ACCESS] - HTTP GET /api/students - 200 in 0.0286s | Context: {'request_id': 'c9b5fe6f-6550-4778-9e1d-569e95f14564', 'client_host': 'testclient', 'method': 'GET', 'path': '/api/students', 'status_code': 200, 'duration': 0.0286}
2026-05-19 10:01:11.608 | INFO     | app.middleware.logging:dispatch:26 [ACCESS] - HTTP GET /api/students - Initiated from testclient | Context: {'request_id': '3add5f28-9180-4c2b-820e-3226bd55e59f', 'client_host': 'testclient', 'method': 'GET', 'path': '/api/students'}
2026-05-19 10:01:11.632 | INFO     | app.middleware.logging:dispatch:45 [ACCESS] - HTTP GET /api/students - 200 in 0.0233s | Context: {'request_id': '3add5f28-9180-4c2b-820e-3226bd55e59f', 'client_host': 'testclient', 'method': 'GET', 'path': '/api/students', 'status_code': 200, 'duration': 0.0233}
2026-05-19 10:01:11.636 | INFO     | app.middleware.logging:dispatch:26 [ACCESS] - HTTP GET /api/students - Initiated from testclient | Context: {'request_id': 'e9f52666-4521-41be-85af-6854e1f3e2cc', 'client_host': 'testclient', 'method': 'GET', 'path': '/api/students'}
2026-05-19 10:01:11.643 | WARNING  | app.middleware.logging:dispatch:43 [ACCESS] - HTTP GET /api/students - 429 in 0.0067s | Context: {'request_id': 'e9f52666-4521-41be-85af-6854e1f3e2cc', 'client_host': 'testclient', 'method': 'GET', 'path': '/api/students', 'status_code': 429, 'duration': 0.0067}
2026-05-19 10:01:11.649 | INFO     | app.middleware.logging:dispatch:26 [ACCESS] - HTTP GET /api/remediation/suggestions - Initiated from testclient | Context: {'request_id': '6573299a-a4ea-417c-9b3f-ffc55d5dfab8', 'client_host': 'testclient', 'method': 'GET', 'path': '/api/remediation/suggestions'}
2026-05-19 10:01:11.656 | INFO     | app.middleware.logging:dispatch:45 [ACCESS] - HTTP GET /api/remediation/suggestions - 200 in 0.0074s | Context: {'request_id': '6573299a-a4ea-417c-9b3f-ffc55d5dfab8', 'client_host': 'testclient', 'method': 'GET', 'path': '/api/remediation/suggestions', 'status_code': 200, 'duration': 0.0074}
2026-05-19 10:01:11.683 | INFO     | app.middleware.logging:dispatch:26 [ACCESS] - HTTP GET /api/remediation/suggestions - Initiated from testclient | Context: {'request_id': '40ae2939-97c4-4639-bb0e-4e95d02b11bf', 'client_host': 'testclient', 'method': 'GET', 'path': '/api/remediation/suggestions'}
2026-05-19 10:01:11.691 | INFO     | app.middleware.logging:dispatch:45 [ACCESS] - HTTP GET /api/remediation/suggestions - 200 in 0.0086s | Context: {'request_id': '40ae2939-97c4-4639-bb0e-4e95d02b11bf', 'client_host': 'testclient', 'method': 'GET', 'path': '/api/remediation/suggestions', 'status_code': 200, 'duration': 0.0086}
2026-05-19 10:01:11.697 | INFO     | app.middleware.logging:dispatch:26 [ACCESS] - HTTP POST /api/remediation/suggestion/test-sugg-uuid-999/approve - Initiated from testclient | Context: {'request_id': 'dce81f84-d538-450e-8a93-1c4ba5318079', 'client_host': 'testclient', 'method': 'POST', 'path': '/api/remediation/suggestion/test-sugg-uuid-999/approve'}
2026-05-19 10:01:11.721 | INFO     | app.middleware.logging:dispatch:45 [ACCESS] - HTTP POST /api/remediation/suggestion/test-sugg-uuid-999/approve - 200 in 0.0240s | Context: {'request_id': 'dce81f84-d538-450e-8a93-1c4ba5318079', 'client_host': 'testclient', 'method': 'POST', 'path': '/api/remediation/suggestion/test-sugg-uuid-999/approve', 'status_code': 200, 'duration': 0.024}
2026-05-19 10:01:17.669 | INFO     | app.middleware.logging:dispatch:26 [ACCESS] - HTTP GET / - Initiated from testclient | Context: {'request_id': '2a27ce55-444e-46cc-b982-032b1c026bd8', 'client_host': 'testclient', 'method': 'GET', 'path': '/'}
2026-05-19 10:01:17.678 | INFO     | app.middleware.logging:dispatch:45 [ACCESS] - HTTP GET / - 200 in 0.0093s | Context: {'request_id': '2a27ce55-444e-46cc-b982-032b1c026bd8', 'client_host': 'testclient', 'method': 'GET', 'path': '/', 'status_code': 200, 'duration': 0.0093}
2026-05-19 10:01:17.683 | INFO     | app.middleware.logging:dispatch:26 [ACCESS] - HTTP GET /api/students - Initiated from testclient | Context: {'request_id': 'a574a0a2-e1b4-4016-83c7-82f89407824a', 'client_host': 'testclient', 'method': 'GET', 'path': '/api/students'}
2026-05-19 10:01:17.684 | WARNING  | app.middleware.logging:dispatch:43 [ACCESS] - HTTP GET /api/students - 401 in 0.0010s | Context: {'request_id': 'a574a0a2-e1b4-4016-83c7-82f89407824a', 'client_host': 'testclient', 'method': 'GET', 'path': '/api/students', 'status_code': 401, 'duration': 0.001}
2026-05-19 10:01:17.688 | INFO     | app.middleware.logging:dispatch:26 [ACCESS] - HTTP POST /api/auth/login - Initiated from testclient | Context: {'request_id': '203ccd04-375b-4c02-8e1e-4b3b37a1cca9', 'client_host': 'testclient', 'method': 'POST', 'path': '/api/auth/login'}
2026-05-19 10:01:18.131 | WARNING  | app.middleware.logging:dispatch:43 [ACCESS] - HTTP POST /api/auth/login - 401 in 0.4443s | Context: {'request_id': '203ccd04-375b-4c02-8e1e-4b3b37a1cca9', 'client_host': 'testclient', 'method': 'POST', 'path': '/api/auth/login', 'status_code': 401, 'duration': 0.4443}
2026-05-19 10:01:18.136 | INFO     | app.middleware.logging:dispatch:26 [ACCESS] - HTTP POST /api/auth/register - Initiated from testclient | Context: {'request_id': '9cbbed3b-1342-4f9c-afa3-4ece1fd7dd38', 'client_host': 'testclient', 'method': 'POST', 'path': '/api/auth/register'}
2026-05-19 10:01:18.140 | WARNING  | app.middleware.exception_handlers:validation_exception_handler:49 [ACCESS] - Validation failed for request to /api/auth/register: 3 validation errors:
  {'type': 'string_too_short', 'loc': ('body', 'username'), 'msg': 'String should have at least 3 characters', 'input': 'us', 'ctx': {'min_length': 3}}
  {'type': 'missing', 'loc': ('body', 'email'), 'msg': 'Field required', 'input': {'username': 'us', 'password': '123'}}
  {'type': 'string_too_short', 'loc': ('body', 'password'), 'msg': 'String should have at least 6 characters', 'input': '123', 'ctx': {'min_length': 6}}

  File "D:\ps_03\company-intelligence-platform\backend\app\routes\v1\auth_routes.py", line 22, in register
    POST /api/auth/register | Context: {'request_id': '9cbbed3b-1342-4f9c-afa3-4ece1fd7dd38', 'path': '/api/auth/register', 'error_details': [{'field': 'username', 'issue': 'string_too_short', 'message': 'String should have at least 3 characters'}, {'field': 'email', 'issue': 'missing', 'message': 'Field required'}, {'field': 'password', 'issue': 'string_too_short', 'message': 'String should have at least 6 characters'}]}
2026-05-19 10:01:18.142 | WARNING  | app.middleware.logging:dispatch:43 [ACCESS] - HTTP POST /api/auth/register - 422 in 0.0056s | Context: {'request_id': '9cbbed3b-1342-4f9c-afa3-4ece1fd7dd38', 'client_host': 'testclient', 'method': 'POST', 'path': '/api/auth/register', 'status_code': 422, 'duration': 0.0056}
2026-05-19 10:01:18.149 | INFO     | app.middleware.logging:dispatch:26 [ACCESS] - HTTP POST /api/auth/login - Initiated from testclient | Context: {'request_id': '798f2628-6d25-4627-b41a-3ae030d9765c', 'client_host': 'testclient', 'method': 'POST', 'path': '/api/auth/login'}
2026-05-19 10:01:18.406 | INFO     | app.middleware.logging:dispatch:45 [ACCESS] - HTTP POST /api/auth/login - 200 in 0.2577s | Context: {'request_id': '798f2628-6d25-4627-b41a-3ae030d9765c', 'client_host': 'testclient', 'method': 'POST', 'path': '/api/auth/login', 'status_code': 200, 'duration': 0.2577}
2026-05-19 10:01:18.412 | INFO     | app.middleware.logging:dispatch:26 [ACCESS] - HTTP GET /api/students - Initiated from testclient | Context: {'request_id': '24a5b1a3-b4fa-4cd2-ba23-049f41b4e7f5', 'client_host': 'testclient', 'method': 'GET', 'path': '/api/students'}
2026-05-19 10:01:18.454 | INFO     | app.middleware.logging:dispatch:45 [ACCESS] - HTTP GET /api/students - 200 in 0.0421s | Context: {'request_id': '24a5b1a3-b4fa-4cd2-ba23-049f41b4e7f5', 'client_host': 'testclient', 'method': 'GET', 'path': '/api/students', 'status_code': 200, 'duration': 0.0421}
2026-05-19 10:01:18.461 | INFO     | app.middleware.logging:dispatch:26 [ACCESS] - HTTP POST /api/auth/login - Initiated from testclient | Context: {'request_id': '84a770d6-5a94-443c-89f8-bb83dd9e421d', 'client_host': 'testclient', 'method': 'POST', 'path': '/api/auth/login'}
2026-05-19 10:01:18.687 | INFO     | app.middleware.logging:dispatch:45 [ACCESS] - HTTP POST /api/auth/login - 200 in 0.2259s | Context: {'request_id': '84a770d6-5a94-443c-89f8-bb83dd9e421d', 'client_host': 'testclient', 'method': 'POST', 'path': '/api/auth/login', 'status_code': 200, 'duration': 0.2259}
2026-05-19 10:01:18.693 | INFO     | app.middleware.logging:dispatch:26 [ACCESS] - HTTP GET /api/students - Initiated from testclient | Context: {'request_id': '31a2f7ca-5a68-4aa2-a854-83f8d73a5199', 'client_host': 'testclient', 'method': 'GET', 'path': '/api/students'}
2026-05-19 10:01:18.716 | INFO     | app.middleware.logging:dispatch:45 [ACCESS] - HTTP GET /api/students - 200 in 0.0227s | Context: {'request_id': '31a2f7ca-5a68-4aa2-a854-83f8d73a5199', 'client_host': 'testclient', 'method': 'GET', 'path': '/api/students', 'status_code': 200, 'duration': 0.0227}
2026-05-19 10:01:18.721 | INFO     | app.middleware.logging:dispatch:26 [ACCESS] - HTTP GET /api/students - Initiated from testclient | Context: {'request_id': '9437c2b3-6b0b-4a2f-8d00-79869267643a', 'client_host': 'testclient', 'method': 'GET', 'path': '/api/students'}
2026-05-19 10:01:18.743 | INFO     | app.middleware.logging:dispatch:45 [ACCESS] - HTTP GET /api/students - 200 in 0.0223s | Context: {'request_id': '9437c2b3-6b0b-4a2f-8d00-79869267643a', 'client_host': 'testclient', 'method': 'GET', 'path': '/api/students', 'status_code': 200, 'duration': 0.0223}
2026-05-19 10:01:18.748 | INFO     | app.middleware.logging:dispatch:26 [ACCESS] - HTTP GET /api/students - Initiated from testclient | Context: {'request_id': '9e131b84-1ef2-4e4e-a41f-13467e2925f8', 'client_host': 'testclient', 'method': 'GET', 'path': '/api/students'}
2026-05-19 10:01:18.777 | INFO     | app.middleware.logging:dispatch:45 [ACCESS] - HTTP GET /api/students - 200 in 0.0289s | Context: {'request_id': '9e131b84-1ef2-4e4e-a41f-13467e2925f8', 'client_host': 'testclient', 'method': 'GET', 'path': '/api/students', 'status_code': 200, 'duration': 0.0289}
2026-05-19 10:01:18.781 | INFO     | app.middleware.logging:dispatch:26 [ACCESS] - HTTP GET /api/students - Initiated from testclient | Context: {'request_id': '961dadb0-b18c-4f95-aa18-8b81b0c99b66', 'client_host': 'testclient', 'method': 'GET', 'path': '/api/students'}
2026-05-19 10:01:18.805 | INFO     | app.middleware.logging:dispatch:45 [ACCESS] - HTTP GET /api/students - 200 in 0.0239s | Context: {'request_id': '961dadb0-b18c-4f95-aa18-8b81b0c99b66', 'client_host': 'testclient', 'method': 'GET', 'path': '/api/students', 'status_code': 200, 'duration': 0.0239}
2026-05-19 10:01:18.811 | INFO     | app.middleware.logging:dispatch:26 [ACCESS] - HTTP GET /api/students - Initiated from testclient | Context: {'request_id': '5174d6dd-1727-47ca-89f1-9179ab029234', 'client_host': 'testclient', 'method': 'GET', 'path': '/api/students'}
2026-05-19 10:01:18.816 | WARNING  | app.middleware.logging:dispatch:43 [ACCESS] - HTTP GET /api/students - 429 in 0.0048s | Context: {'request_id': '5174d6dd-1727-47ca-89f1-9179ab029234', 'client_host': 'testclient', 'method': 'GET', 'path': '/api/students', 'status_code': 429, 'duration': 0.0048}
2026-05-19 10:01:18.820 | INFO     | app.middleware.logging:dispatch:26 [ACCESS] - HTTP GET /api/remediation/suggestions - Initiated from testclient | Context: {'request_id': '2659f748-21b5-4b29-a020-ce6fbe30cf26', 'client_host': 'testclient', 'method': 'GET', 'path': '/api/remediation/suggestions'}
2026-05-19 10:01:18.827 | INFO     | app.middleware.logging:dispatch:45 [ACCESS] - HTTP GET /api/remediation/suggestions - 200 in 0.0071s | Context: {'request_id': '2659f748-21b5-4b29-a020-ce6fbe30cf26', 'client_host': 'testclient', 'method': 'GET', 'path': '/api/remediation/suggestions', 'status_code': 200, 'duration': 0.0071}
2026-05-19 10:01:18.853 | INFO     | app.middleware.logging:dispatch:26 [ACCESS] - HTTP GET /api/remediation/suggestions - Initiated from testclient | Context: {'request_id': 'de6e2731-0743-44d7-bb56-8298e69bdbc6', 'client_host': 'testclient', 'method': 'GET', 'path': '/api/remediation/suggestions'}
2026-05-19 10:01:18.862 | INFO     | app.middleware.logging:dispatch:45 [ACCESS] - HTTP GET /api/remediation/suggestions - 200 in 0.0090s | Context: {'request_id': 'de6e2731-0743-44d7-bb56-8298e69bdbc6', 'client_host': 'testclient', 'method': 'GET', 'path': '/api/remediation/suggestions', 'status_code': 200, 'duration': 0.009}
2026-05-19 10:01:18.866 | INFO     | app.middleware.logging:dispatch:26 [ACCESS] - HTTP POST /api/remediation/suggestion/test-sugg-uuid-999/approve - Initiated from testclient | Context: {'request_id': '43e3afe2-fcb8-4521-97e8-690a59ddbe97', 'client_host': 'testclient', 'method': 'POST', 'path': '/api/remediation/suggestion/test-sugg-uuid-999/approve'}
2026-05-19 10:01:18.888 | INFO     | app.middleware.logging:dispatch:45 [ACCESS] - HTTP POST /api/remediation/suggestion/test-sugg-uuid-999/approve - 200 in 0.0223s | Context: {'request_id': '43e3afe2-fcb8-4521-97e8-690a59ddbe97', 'client_host': 'testclient', 'method': 'POST', 'path': '/api/remediation/suggestion/test-sugg-uuid-999/approve', 'status_code': 200, 'duration': 0.0223}
2026-05-19 10:01:19.024 | INFO     | app.middleware.logging:dispatch:26 [ACCESS] - HTTP POST /api/auth/login - Initiated from testclient | Context: {'request_id': '4229948a-40a7-4ce8-b497-8240f72071ad', 'client_host': 'testclient', 'method': 'POST', 'path': '/api/auth/login'}
2026-05-19 10:01:19.244 | INFO     | app.middleware.logging:dispatch:45 [ACCESS] - HTTP POST /api/auth/login - 200 in 0.2205s | Context: {'request_id': '4229948a-40a7-4ce8-b497-8240f72071ad', 'client_host': 'testclient', 'method': 'POST', 'path': '/api/auth/login', 'status_code': 200, 'duration': 0.2205}
2026-05-19 10:01:19.248 | INFO     | app.middleware.logging:dispatch:26 [ACCESS] - HTTP GET /api/analytics/dashboard - Initiated from testclient | Context: {'request_id': '4ede8c8b-2ce7-4ce2-a7bb-7c3b2519c12d', 'client_host': 'testclient', 'method': 'GET', 'path': '/api/analytics/dashboard'}
2026-05-19 10:01:19.253 | INFO     | app.middleware.logging:dispatch:45 [ACCESS] - HTTP GET /api/analytics/dashboard - 200 in 0.0058s | Context: {'request_id': '4ede8c8b-2ce7-4ce2-a7bb-7c3b2519c12d', 'client_host': 'testclient', 'method': 'GET', 'path': '/api/analytics/dashboard', 'status_code': 200, 'duration': 0.0058}
2026-05-19 10:01:24.999 | INFO     | app.middleware.logging:dispatch:26 [ACCESS] - HTTP GET /api/v1/ - Initiated from testclient | Context: {'request_id': '302ac693-ea82-4fe4-8f9f-571bab40019e', 'client_host': 'testclient', 'method': 'GET', 'path': '/api/v1/'}
2026-05-19 10:01:25.016 | INFO     | app.middleware.logging:dispatch:45 [ACCESS] - HTTP GET /api/v1/ - 200 in 0.0175s | Context: {'request_id': '302ac693-ea82-4fe4-8f9f-571bab40019e', 'client_host': 'testclient', 'method': 'GET', 'path': '/api/v1/', 'status_code': 200, 'duration': 0.0175}
2026-05-19 10:01:25.024 | INFO     | app.middleware.logging:dispatch:26 [ACCESS] - HTTP GET /api/v1/students - Initiated from testclient | Context: {'request_id': 'a793dd25-ed77-4aab-913f-a1f2d7fade79', 'client_host': 'testclient', 'method': 'GET', 'path': '/api/v1/students'}
2026-05-19 10:01:25.026 | WARNING  | app.middleware.logging:dispatch:43 [ACCESS] - HTTP GET /api/v1/students - 401 in 0.0020s | Context: {'request_id': 'a793dd25-ed77-4aab-913f-a1f2d7fade79', 'client_host': 'testclient', 'method': 'GET', 'path': '/api/v1/students', 'status_code': 401, 'duration': 0.002}
2026-05-19 10:01:25.032 | INFO     | app.middleware.logging:dispatch:26 [ACCESS] - HTTP POST /api/v1/auth/login - Initiated from testclient | Context: {'request_id': '5a3406c3-2911-4eb5-9f7d-b246733800b1', 'client_host': 'testclient', 'method': 'POST', 'path': '/api/v1/auth/login'}
2026-05-19 10:01:25.767 | WARNING  | app.middleware.logging:dispatch:43 [ACCESS] - HTTP POST /api/v1/auth/login - 401 in 0.7360s | Context: {'request_id': '5a3406c3-2911-4eb5-9f7d-b246733800b1', 'client_host': 'testclient', 'method': 'POST', 'path': '/api/v1/auth/login', 'status_code': 401, 'duration': 0.736}
2026-05-19 10:01:25.775 | INFO     | app.middleware.logging:dispatch:26 [ACCESS] - HTTP POST /api/v1/auth/register - Initiated from testclient | Context: {'request_id': '579488fa-f4fc-4304-80df-a5f2ddc010f6', 'client_host': 'testclient', 'method': 'POST', 'path': '/api/v1/auth/register'}
2026-05-19 10:01:25.780 | WARNING  | app.middleware.exception_handlers:validation_exception_handler:49 [ACCESS] - Validation failed for request to /api/v1/auth/register: 3 validation errors:
  {'type': 'string_too_short', 'loc': ('body', 'username'), 'msg': 'String should have at least 3 characters', 'input': 'us', 'ctx': {'min_length': 3}}
  {'type': 'missing', 'loc': ('body', 'email'), 'msg': 'Field required', 'input': {'username': 'us', 'password': '123'}}
  {'type': 'string_too_short', 'loc': ('body', 'password'), 'msg': 'String should have at least 6 characters', 'input': '123', 'ctx': {'min_length': 6}}

  File "D:\ps_03\company-intelligence-platform\backend\app\routes\v1\auth_routes.py", line 22, in register
    POST /api/v1/auth/register | Context: {'request_id': '579488fa-f4fc-4304-80df-a5f2ddc010f6', 'path': '/api/v1/auth/register', 'error_details': [{'field': 'username', 'issue': 'string_too_short', 'message': 'String should have at least 3 characters'}, {'field': 'email', 'issue': 'missing', 'message': 'Field required'}, {'field': 'password', 'issue': 'string_too_short', 'message': 'String should have at least 6 characters'}]}
2026-05-19 10:01:25.782 | WARNING  | app.middleware.logging:dispatch:43 [ACCESS] - HTTP POST /api/v1/auth/register - 422 in 0.0067s | Context: {'request_id': '579488fa-f4fc-4304-80df-a5f2ddc010f6', 'client_host': 'testclient', 'method': 'POST', 'path': '/api/v1/auth/register', 'status_code': 422, 'duration': 0.0067}
2026-05-19 10:01:25.792 | INFO     | app.middleware.logging:dispatch:26 [ACCESS] - HTTP POST /api/v1/auth/login - Initiated from testclient | Context: {'request_id': 'da8c91bc-7fd3-4e0b-b6f4-b7cbf5bbd89a', 'client_host': 'testclient', 'method': 'POST', 'path': '/api/v1/auth/login'}
2026-05-19 10:01:26.164 | INFO     | app.middleware.logging:dispatch:45 [ACCESS] - HTTP POST /api/v1/auth/login - 200 in 0.3733s | Context: {'request_id': 'da8c91bc-7fd3-4e0b-b6f4-b7cbf5bbd89a', 'client_host': 'testclient', 'method': 'POST', 'path': '/api/v1/auth/login', 'status_code': 200, 'duration': 0.3733}
2026-05-19 10:01:26.172 | INFO     | app.middleware.logging:dispatch:26 [ACCESS] - HTTP GET /api/v1/students - Initiated from testclient | Context: {'request_id': 'b4eaf258-37d8-4676-9a1b-eb09feb217e5', 'client_host': 'testclient', 'method': 'GET', 'path': '/api/v1/students'}
2026-05-19 10:01:26.220 | INFO     | app.middleware.logging:dispatch:45 [ACCESS] - HTTP GET /api/v1/students - 200 in 0.0485s | Context: {'request_id': 'b4eaf258-37d8-4676-9a1b-eb09feb217e5', 'client_host': 'testclient', 'method': 'GET', 'path': '/api/v1/students', 'status_code': 200, 'duration': 0.0485}
2026-05-19 10:01:26.230 | INFO     | app.middleware.logging:dispatch:26 [ACCESS] - HTTP POST /api/v1/auth/login - Initiated from testclient | Context: {'request_id': 'e1256ca1-28e3-4f36-9835-55981f4138a4', 'client_host': 'testclient', 'method': 'POST', 'path': '/api/v1/auth/login'}
2026-05-19 10:01:26.545 | INFO     | app.middleware.logging:dispatch:45 [ACCESS] - HTTP POST /api/v1/auth/login - 200 in 0.3155s | Context: {'request_id': 'e1256ca1-28e3-4f36-9835-55981f4138a4', 'client_host': 'testclient', 'method': 'POST', 'path': '/api/v1/auth/login', 'status_code': 200, 'duration': 0.3155}
2026-05-19 10:01:26.552 | INFO     | app.middleware.logging:dispatch:26 [ACCESS] - HTTP GET /api/v1/students - Initiated from testclient | Context: {'request_id': 'c9c9d2e9-9d00-4276-a4f2-6a890d999221', 'client_host': 'testclient', 'method': 'GET', 'path': '/api/v1/students'}
2026-05-19 10:01:26.581 | INFO     | app.middleware.logging:dispatch:45 [ACCESS] - HTTP GET /api/v1/students - 200 in 0.0291s | Context: {'request_id': 'c9c9d2e9-9d00-4276-a4f2-6a890d999221', 'client_host': 'testclient', 'method': 'GET', 'path': '/api/v1/students', 'status_code': 200, 'duration': 0.0291}
2026-05-19 10:01:26.588 | INFO     | app.middleware.logging:dispatch:26 [ACCESS] - HTTP GET /api/v1/students - Initiated from testclient | Context: {'request_id': '8c896fd4-24be-4aa7-9367-8c05ebb24dea', 'client_host': 'testclient', 'method': 'GET', 'path': '/api/v1/students'}
2026-05-19 10:01:26.621 | INFO     | app.middleware.logging:dispatch:45 [ACCESS] - HTTP GET /api/v1/students - 200 in 0.0324s | Context: {'request_id': '8c896fd4-24be-4aa7-9367-8c05ebb24dea', 'client_host': 'testclient', 'method': 'GET', 'path': '/api/v1/students', 'status_code': 200, 'duration': 0.0324}
2026-05-19 10:01:26.627 | INFO     | app.middleware.logging:dispatch:26 [ACCESS] - HTTP GET /api/v1/students - Initiated from testclient | Context: {'request_id': 'd8a5b7b5-7295-41c4-ace9-d7791b41d35d', 'client_host': 'testclient', 'method': 'GET', 'path': '/api/v1/students'}
2026-05-19 10:01:26.662 | INFO     | app.middleware.logging:dispatch:45 [ACCESS] - HTTP GET /api/v1/students - 200 in 0.0358s | Context: {'request_id': 'd8a5b7b5-7295-41c4-ace9-d7791b41d35d', 'client_host': 'testclient', 'method': 'GET', 'path': '/api/v1/students', 'status_code': 200, 'duration': 0.0358}
2026-05-19 10:01:26.669 | INFO     | app.middleware.logging:dispatch:26 [ACCESS] - HTTP GET /api/v1/students - Initiated from testclient | Context: {'request_id': 'a9aafb50-388b-4f01-8512-a8731dcb6173', 'client_host': 'testclient', 'method': 'GET', 'path': '/api/v1/students'}
2026-05-19 10:01:26.701 | INFO     | app.middleware.logging:dispatch:45 [ACCESS] - HTTP GET /api/v1/students - 200 in 0.0314s | Context: {'request_id': 'a9aafb50-388b-4f01-8512-a8731dcb6173', 'client_host': 'testclient', 'method': 'GET', 'path': '/api/v1/students', 'status_code': 200, 'duration': 0.0314}
2026-05-19 10:01:26.707 | INFO     | app.middleware.logging:dispatch:26 [ACCESS] - HTTP GET /api/v1/students - Initiated from testclient | Context: {'request_id': '38651729-3585-44be-9d66-0388028cd76e', 'client_host': 'testclient', 'method': 'GET', 'path': '/api/v1/students'}
2026-05-19 10:01:26.713 | WARNING  | app.middleware.logging:dispatch:43 [ACCESS] - HTTP GET /api/v1/students - 429 in 0.0063s | Context: {'request_id': '38651729-3585-44be-9d66-0388028cd76e', 'client_host': 'testclient', 'method': 'GET', 'path': '/api/v1/students', 'status_code': 429, 'duration': 0.0063}
2026-05-19 10:01:26.720 | INFO     | app.middleware.logging:dispatch:26 [ACCESS] - HTTP GET /api/v1/remediation/suggestions - Initiated from testclient | Context: {'request_id': 'd6079f03-06d6-4318-8896-0bc2171b3bba', 'client_host': 'testclient', 'method': 'GET', 'path': '/api/v1/remediation/suggestions'}
2026-05-19 10:01:26.728 | INFO     | app.middleware.logging:dispatch:45 [ACCESS] - HTTP GET /api/v1/remediation/suggestions - 200 in 0.0091s | Context: {'request_id': 'd6079f03-06d6-4318-8896-0bc2171b3bba', 'client_host': 'testclient', 'method': 'GET', 'path': '/api/v1/remediation/suggestions', 'status_code': 200, 'duration': 0.0091}
2026-05-19 10:01:26.764 | INFO     | app.middleware.logging:dispatch:26 [ACCESS] - HTTP GET /api/v1/remediation/suggestions - Initiated from testclient | Context: {'request_id': 'ad3d210b-a74b-4e6f-8eb1-355e21c97840', 'client_host': 'testclient', 'method': 'GET', 'path': '/api/v1/remediation/suggestions'}
2026-05-19 10:01:26.775 | INFO     | app.middleware.logging:dispatch:45 [ACCESS] - HTTP GET /api/v1/remediation/suggestions - 200 in 0.0106s | Context: {'request_id': 'ad3d210b-a74b-4e6f-8eb1-355e21c97840', 'client_host': 'testclient', 'method': 'GET', 'path': '/api/v1/remediation/suggestions', 'status_code': 200, 'duration': 0.0106}
2026-05-19 10:01:26.780 | INFO     | app.middleware.logging:dispatch:26 [ACCESS] - HTTP POST /api/v1/remediation/suggestion/test-sugg-uuid-999/approve - Initiated from testclient | Context: {'request_id': '89b0ec4d-b51a-4622-9aa4-c8f8afcaeeee', 'client_host': 'testclient', 'method': 'POST', 'path': '/api/v1/remediation/suggestion/test-sugg-uuid-999/approve'}
2026-05-19 10:01:26.813 | INFO     | app.middleware.logging:dispatch:45 [ACCESS] - HTTP POST /api/v1/remediation/suggestion/test-sugg-uuid-999/approve - 200 in 0.0327s | Context: {'request_id': '89b0ec4d-b51a-4622-9aa4-c8f8afcaeeee', 'client_host': 'testclient', 'method': 'POST', 'path': '/api/v1/remediation/suggestion/test-sugg-uuid-999/approve', 'status_code': 200, 'duration': 0.0327}
2026-05-19 10:01:26.983 | INFO     | app.middleware.logging:dispatch:26 [ACCESS] - HTTP POST /api/v1/auth/login - Initiated from testclient | Context: {'request_id': 'b5962771-b39a-4686-9037-4ea29d92d55b', 'client_host': 'testclient', 'method': 'POST', 'path': '/api/v1/auth/login'}
2026-05-19 10:01:27.292 | INFO     | app.middleware.logging:dispatch:45 [ACCESS] - HTTP POST /api/v1/auth/login - 200 in 0.3087s | Context: {'request_id': 'b5962771-b39a-4686-9037-4ea29d92d55b', 'client_host': 'testclient', 'method': 'POST', 'path': '/api/v1/auth/login', 'status_code': 200, 'duration': 0.3087}
2026-05-19 10:01:27.295 | INFO     | app.middleware.logging:dispatch:26 [ACCESS] - HTTP GET /api/v1/analytics/dashboard - Initiated from testclient | Context: {'request_id': 'a35a74f3-c508-456f-9e41-f54ac9d8520a', 'client_host': 'testclient', 'method': 'GET', 'path': '/api/v1/analytics/dashboard'}
2026-05-19 10:01:27.326 | INFO     | app.middleware.logging:dispatch:45 [ACCESS] - HTTP GET /api/v1/analytics/dashboard - 200 in 0.0313s | Context: {'request_id': 'a35a74f3-c508-456f-9e41-f54ac9d8520a', 'client_host': 'testclient', 'method': 'GET', 'path': '/api/v1/analytics/dashboard', 'status_code': 200, 'duration': 0.0313}
2026-05-19 10:01:58.162 | INFO     | app.middleware.logging:dispatch:26 [ACCESS] - HTTP GET /health - Initiated from 127.0.0.1 | Context: {'request_id': '91067637-067a-4cc8-84c2-fafb0775f50c', 'client_host': '127.0.0.1', 'method': 'GET', 'path': '/health'}
2026-05-19 10:01:59.246 | INFO     | app.middleware.logging:dispatch:45 [ACCESS] - HTTP GET /health - 200 in 1.0844s | Context: {'request_id': '91067637-067a-4cc8-84c2-fafb0775f50c', 'client_host': '127.0.0.1', 'method': 'GET', 'path': '/health', 'status_code': 200, 'duration': 1.0844}
2026-05-19 10:01:59.643 | INFO     | app.middleware.logging:dispatch:26 [ACCESS] - HTTP GET /health - Initiated from 127.0.0.1 | Context: {'request_id': '69470359-957f-4c95-b992-a339355d87f4', 'client_host': '127.0.0.1', 'method': 'GET', 'path': '/health'}
2026-05-19 10:02:00.688 | INFO     | app.middleware.logging:dispatch:45 [ACCESS] - HTTP GET /health - 200 in 1.0451s | Context: {'request_id': '69470359-957f-4c95-b992-a339355d87f4', 'client_host': '127.0.0.1', 'method': 'GET', 'path': '/health', 'status_code': 200, 'duration': 1.0451}
2026-05-19 10:02:00.688 | INFO     | logging:callHandlers:1706 [ACCESS] - 127.0.0.1:53385 - "GET /health HTTP/1.1" 200
2026-05-19 10:02:02.847 | INFO     | app.middleware.logging:dispatch:26 [ACCESS] - HTTP GET /health - Initiated from 127.0.0.1 | Context: {'request_id': '541310d2-d1ff-4b27-b4af-7a5a833fa492', 'client_host': '127.0.0.1', 'method': 'GET', 'path': '/health'}
2026-05-19 10:02:03.887 | INFO     | app.middleware.logging:dispatch:45 [ACCESS] - HTTP GET /health - 200 in 1.0410s | Context: {'request_id': '541310d2-d1ff-4b27-b4af-7a5a833fa492', 'client_host': '127.0.0.1', 'method': 'GET', 'path': '/health', 'status_code': 200, 'duration': 1.041}
2026-05-19 10:02:03.889 | INFO     | logging:callHandlers:1706 [ACCESS] - 127.0.0.1:53385 - "GET /health HTTP/1.1" 200
2026-05-19 10:02:05.910 | INFO     | app.middleware.logging:dispatch:26 [ACCESS] - HTTP GET /health - Initiated from 127.0.0.1 | Context: {'request_id': 'c89d6995-6ac9-46ec-8d60-fe171078d8a7', 'client_host': '127.0.0.1', 'method': 'GET', 'path': '/health'}
2026-05-19 10:02:06.953 | INFO     | app.middleware.logging:dispatch:45 [ACCESS] - HTTP GET /health - 200 in 1.0429s | Context: {'request_id': 'c89d6995-6ac9-46ec-8d60-fe171078d8a7', 'client_host': '127.0.0.1', 'method': 'GET', 'path': '/health', 'status_code': 200, 'duration': 1.0429}
2026-05-19 10:02:06.954 | INFO     | logging:callHandlers:1706 [ACCESS] - 127.0.0.1:53385 - "GET /health HTTP/1.1" 200
2026-05-19 10:03:41.414 | INFO     | app.middleware.logging:dispatch:26 [ACCESS] - HTTP POST /api/research - Initiated from 127.0.0.1 | Context: {'request_id': '927d53df-89af-4fdd-90ba-fc97ac6c324b', 'client_host': '127.0.0.1', 'method': 'POST', 'path': '/api/research'}
2026-05-19 10:03:41.696 | INFO     | app.middleware.logging:dispatch:45 [ACCESS] - HTTP POST /api/research - 200 in 0.2826s | Context: {'request_id': '927d53df-89af-4fdd-90ba-fc97ac6c324b', 'client_host': '127.0.0.1', 'method': 'POST', 'path': '/api/research', 'status_code': 200, 'duration': 0.2826}
2026-05-19 10:03:41.699 | INFO     | logging:callHandlers:1706 [ACCESS] - 127.0.0.1:65100 - "POST /api/research HTTP/1.1" 200
2026-05-19 10:03:41.724 | INFO     | app.middleware.logging:dispatch:26 [ACCESS] - HTTP GET /api/session/b2c25f50-0d95-4032-a13b-652b714343ca/stream - Initiated from 127.0.0.1 | Context: {'request_id': '5ed3ab4b-e20b-45e2-a30a-d4d3a0255914', 'client_host': '127.0.0.1', 'method': 'GET', 'path': '/api/session/b2c25f50-0d95-4032-a13b-652b714343ca/stream'}
2026-05-19 10:03:41.739 | INFO     | app.middleware.logging:dispatch:45 [ACCESS] - HTTP GET /api/session/b2c25f50-0d95-4032-a13b-652b714343ca/stream - 200 in 0.0148s | Context: {'request_id': '5ed3ab4b-e20b-45e2-a30a-d4d3a0255914', 'client_host': '127.0.0.1', 'method': 'GET', 'path': '/api/session/b2c25f50-0d95-4032-a13b-652b714343ca/stream', 'status_code': 200, 'duration': 0.0148}
2026-05-19 10:03:41.745 | INFO     | logging:callHandlers:1706 [ACCESS] - 127.0.0.1:57875 - "GET /api/session/b2c25f50-0d95-4032-a13b-652b714343ca/stream HTTP/1.1" 200
2026-05-19 10:14:28.675 | INFO     | app.middleware.logging:dispatch:26 [ACCESS] - HTTP GET / - Initiated from testclient | Context: {'request_id': '93f2c7be-b9d0-4648-94dc-2d38f717e0be', 'client_host': 'testclient', 'method': 'GET', 'path': '/'}
2026-05-19 10:14:28.705 | INFO     | app.middleware.logging:dispatch:45 [ACCESS] - HTTP GET / - 200 in 0.0302s | Context: {'request_id': '93f2c7be-b9d0-4648-94dc-2d38f717e0be', 'client_host': 'testclient', 'method': 'GET', 'path': '/', 'status_code': 200, 'duration': 0.0302}
2026-05-19 10:14:28.711 | INFO     | app.middleware.logging:dispatch:26 [ACCESS] - HTTP GET /api/students - Initiated from testclient | Context: {'request_id': '5c40f961-a3fa-4bab-801b-6819ed1f7957', 'client_host': 'testclient', 'method': 'GET', 'path': '/api/students'}
2026-05-19 10:14:28.713 | WARNING  | app.middleware.logging:dispatch:43 [ACCESS] - HTTP GET /api/students - 401 in 0.0022s | Context: {'request_id': '5c40f961-a3fa-4bab-801b-6819ed1f7957', 'client_host': 'testclient', 'method': 'GET', 'path': '/api/students', 'status_code': 401, 'duration': 0.0022}
2026-05-19 10:14:28.721 | INFO     | app.middleware.logging:dispatch:26 [ACCESS] - HTTP POST /api/auth/login - Initiated from testclient | Context: {'request_id': 'cfb73749-5919-41bc-9efa-beefb3ec8218', 'client_host': 'testclient', 'method': 'POST', 'path': '/api/auth/login'}
2026-05-19 10:14:29.730 | WARNING  | app.middleware.logging:dispatch:43 [ACCESS] - HTTP POST /api/auth/login - 401 in 1.0102s | Context: {'request_id': 'cfb73749-5919-41bc-9efa-beefb3ec8218', 'client_host': 'testclient', 'method': 'POST', 'path': '/api/auth/login', 'status_code': 401, 'duration': 1.0102}
2026-05-19 10:14:29.743 | INFO     | app.middleware.logging:dispatch:26 [ACCESS] - HTTP POST /api/auth/register - Initiated from testclient | Context: {'request_id': '146a210b-771e-4523-b96a-31cd460f3b48', 'client_host': 'testclient', 'method': 'POST', 'path': '/api/auth/register'}
2026-05-19 10:14:29.751 | WARNING  | app.middleware.exception_handlers:validation_exception_handler:49 [ACCESS] - Validation failed for request to /api/auth/register: 3 validation errors:
  {'type': 'string_too_short', 'loc': ('body', 'username'), 'msg': 'String should have at least 3 characters', 'input': 'us', 'ctx': {'min_length': 3}}
  {'type': 'missing', 'loc': ('body', 'email'), 'msg': 'Field required', 'input': {'username': 'us', 'password': '123'}}
  {'type': 'string_too_short', 'loc': ('body', 'password'), 'msg': 'String should have at least 6 characters', 'input': '123', 'ctx': {'min_length': 6}}

  File "D:\ps_03\company-intelligence-platform\backend\app\routes\v1\auth_routes.py", line 22, in register
    POST /api/auth/register | Context: {'request_id': '146a210b-771e-4523-b96a-31cd460f3b48', 'path': '/api/auth/register', 'error_details': [{'field': 'username', 'issue': 'string_too_short', 'message': 'String should have at least 3 characters'}, {'field': 'email', 'issue': 'missing', 'message': 'Field required'}, {'field': 'password', 'issue': 'string_too_short', 'message': 'String should have at least 6 characters'}]}
2026-05-19 10:14:29.753 | WARNING  | app.middleware.logging:dispatch:43 [ACCESS] - HTTP POST /api/auth/register - 422 in 0.0107s | Context: {'request_id': '146a210b-771e-4523-b96a-31cd460f3b48', 'client_host': 'testclient', 'method': 'POST', 'path': '/api/auth/register', 'status_code': 422, 'duration': 0.0107}
2026-05-19 10:14:29.762 | INFO     | app.middleware.logging:dispatch:26 [ACCESS] - HTTP POST /api/auth/login - Initiated from testclient | Context: {'request_id': 'f7d46da1-824f-4be0-92c5-7c43e75858eb', 'client_host': 'testclient', 'method': 'POST', 'path': '/api/auth/login'}
2026-05-19 10:14:30.160 | INFO     | app.middleware.logging:dispatch:45 [ACCESS] - HTTP POST /api/auth/login - 200 in 0.3980s | Context: {'request_id': 'f7d46da1-824f-4be0-92c5-7c43e75858eb', 'client_host': 'testclient', 'method': 'POST', 'path': '/api/auth/login', 'status_code': 200, 'duration': 0.398}
2026-05-19 10:14:30.168 | INFO     | app.middleware.logging:dispatch:26 [ACCESS] - HTTP GET /api/students - Initiated from testclient | Context: {'request_id': '80bef4df-fc4d-4128-9f78-a59a6597f0f4', 'client_host': 'testclient', 'method': 'GET', 'path': '/api/students'}
2026-05-19 10:14:30.235 | INFO     | app.middleware.logging:dispatch:45 [ACCESS] - HTTP GET /api/students - 200 in 0.0674s | Context: {'request_id': '80bef4df-fc4d-4128-9f78-a59a6597f0f4', 'client_host': 'testclient', 'method': 'GET', 'path': '/api/students', 'status_code': 200, 'duration': 0.0674}
2026-05-19 10:14:30.242 | INFO     | app.middleware.logging:dispatch:26 [ACCESS] - HTTP POST /api/auth/login - Initiated from testclient | Context: {'request_id': 'bd62dd93-803e-41a5-8bb9-22c451fde92d', 'client_host': 'testclient', 'method': 'POST', 'path': '/api/auth/login'}
2026-05-19 10:14:30.555 | INFO     | app.middleware.logging:dispatch:45 [ACCESS] - HTTP POST /api/auth/login - 200 in 0.3122s | Context: {'request_id': 'bd62dd93-803e-41a5-8bb9-22c451fde92d', 'client_host': 'testclient', 'method': 'POST', 'path': '/api/auth/login', 'status_code': 200, 'duration': 0.3122}
2026-05-19 10:14:30.562 | INFO     | app.middleware.logging:dispatch:26 [ACCESS] - HTTP GET /api/students - Initiated from testclient | Context: {'request_id': 'd2149aec-d2e1-4084-94d8-1878494bbfb4', 'client_host': 'testclient', 'method': 'GET', 'path': '/api/students'}
2026-05-19 10:14:30.598 | INFO     | app.middleware.logging:dispatch:45 [ACCESS] - HTTP GET /api/students - 200 in 0.0364s | Context: {'request_id': 'd2149aec-d2e1-4084-94d8-1878494bbfb4', 'client_host': 'testclient', 'method': 'GET', 'path': '/api/students', 'status_code': 200, 'duration': 0.0364}
2026-05-19 10:14:30.606 | INFO     | app.middleware.logging:dispatch:26 [ACCESS] - HTTP GET /api/students - Initiated from testclient | Context: {'request_id': '9707a86f-1ea9-4db9-b1f8-89b6d92a174b', 'client_host': 'testclient', 'method': 'GET', 'path': '/api/students'}
2026-05-19 10:14:30.643 | INFO     | app.middleware.logging:dispatch:45 [ACCESS] - HTTP GET /api/students - 200 in 0.0374s | Context: {'request_id': '9707a86f-1ea9-4db9-b1f8-89b6d92a174b', 'client_host': 'testclient', 'method': 'GET', 'path': '/api/students', 'status_code': 200, 'duration': 0.0374}
2026-05-19 10:14:30.652 | INFO     | app.middleware.logging:dispatch:26 [ACCESS] - HTTP GET /api/students - Initiated from testclient | Context: {'request_id': '57e1848e-0a7c-499b-9cf0-e80e61430059', 'client_host': 'testclient', 'method': 'GET', 'path': '/api/students'}
2026-05-19 10:14:30.690 | INFO     | app.middleware.logging:dispatch:45 [ACCESS] - HTTP GET /api/students - 200 in 0.0387s | Context: {'request_id': '57e1848e-0a7c-499b-9cf0-e80e61430059', 'client_host': 'testclient', 'method': 'GET', 'path': '/api/students', 'status_code': 200, 'duration': 0.0387}
2026-05-19 10:14:30.697 | INFO     | app.middleware.logging:dispatch:26 [ACCESS] - HTTP GET /api/students - Initiated from testclient | Context: {'request_id': '8b7f7d29-2144-47ea-9af4-b69f557e9576', 'client_host': 'testclient', 'method': 'GET', 'path': '/api/students'}
2026-05-19 10:14:30.750 | INFO     | app.middleware.logging:dispatch:45 [ACCESS] - HTTP GET /api/students - 200 in 0.0534s | Context: {'request_id': '8b7f7d29-2144-47ea-9af4-b69f557e9576', 'client_host': 'testclient', 'method': 'GET', 'path': '/api/students', 'status_code': 200, 'duration': 0.0534}
2026-05-19 10:14:30.763 | INFO     | app.middleware.logging:dispatch:26 [ACCESS] - HTTP GET /api/students - Initiated from testclient | Context: {'request_id': 'bddd7682-8777-485b-9ffb-d28cfb2e4b16', 'client_host': 'testclient', 'method': 'GET', 'path': '/api/students'}
2026-05-19 10:14:30.776 | WARNING  | app.middleware.logging:dispatch:43 [ACCESS] - HTTP GET /api/students - 429 in 0.0135s | Context: {'request_id': 'bddd7682-8777-485b-9ffb-d28cfb2e4b16', 'client_host': 'testclient', 'method': 'GET', 'path': '/api/students', 'status_code': 429, 'duration': 0.0135}
2026-05-19 10:14:30.789 | INFO     | app.middleware.logging:dispatch:26 [ACCESS] - HTTP GET /api/remediation/suggestions - Initiated from testclient | Context: {'request_id': '54c57839-d038-4b82-916e-c3804f6e116a', 'client_host': 'testclient', 'method': 'GET', 'path': '/api/remediation/suggestions'}
2026-05-19 10:14:30.824 | INFO     | app.middleware.logging:dispatch:45 [ACCESS] - HTTP GET /api/remediation/suggestions - 200 in 0.0357s | Context: {'request_id': '54c57839-d038-4b82-916e-c3804f6e116a', 'client_host': 'testclient', 'method': 'GET', 'path': '/api/remediation/suggestions', 'status_code': 200, 'duration': 0.0357}
2026-05-19 10:14:30.878 | INFO     | app.middleware.logging:dispatch:26 [ACCESS] - HTTP GET /api/remediation/suggestions - Initiated from testclient | Context: {'request_id': '03c50253-0f5a-4589-983f-55a30c37c9fc', 'client_host': 'testclient', 'method': 'GET', 'path': '/api/remediation/suggestions'}
2026-05-19 10:14:30.894 | INFO     | app.middleware.logging:dispatch:45 [ACCESS] - HTTP GET /api/remediation/suggestions - 200 in 0.0164s | Context: {'request_id': '03c50253-0f5a-4589-983f-55a30c37c9fc', 'client_host': 'testclient', 'method': 'GET', 'path': '/api/remediation/suggestions', 'status_code': 200, 'duration': 0.0164}
2026-05-19 10:14:30.903 | INFO     | app.middleware.logging:dispatch:26 [ACCESS] - HTTP POST /api/remediation/suggestion/test-sugg-uuid-999/approve - Initiated from testclient | Context: {'request_id': 'd7c7edc7-e6e9-45c3-8522-3c1ac2ef4c59', 'client_host': 'testclient', 'method': 'POST', 'path': '/api/remediation/suggestion/test-sugg-uuid-999/approve'}
2026-05-19 10:14:30.946 | INFO     | app.middleware.logging:dispatch:45 [ACCESS] - HTTP POST /api/remediation/suggestion/test-sugg-uuid-999/approve - 200 in 0.0431s | Context: {'request_id': 'd7c7edc7-e6e9-45c3-8522-3c1ac2ef4c59', 'client_host': 'testclient', 'method': 'POST', 'path': '/api/remediation/suggestion/test-sugg-uuid-999/approve', 'status_code': 200, 'duration': 0.0431}
2026-05-19 10:14:42.171 | INFO     | app.middleware.logging:dispatch:26 [ACCESS] - HTTP GET / - Initiated from testclient | Context: {'request_id': 'a9d63983-b7a2-4bd5-9078-447e381c1b11', 'client_host': 'testclient', 'method': 'GET', 'path': '/'}
2026-05-19 10:14:42.191 | INFO     | app.middleware.logging:dispatch:45 [ACCESS] - HTTP GET / - 200 in 0.0201s | Context: {'request_id': 'a9d63983-b7a2-4bd5-9078-447e381c1b11', 'client_host': 'testclient', 'method': 'GET', 'path': '/', 'status_code': 200, 'duration': 0.0201}
2026-05-19 10:14:42.200 | INFO     | app.middleware.logging:dispatch:26 [ACCESS] - HTTP GET /api/students - Initiated from testclient | Context: {'request_id': '6bd211a7-a5d4-4717-8a28-6e6579c9d828', 'client_host': 'testclient', 'method': 'GET', 'path': '/api/students'}
2026-05-19 10:14:42.201 | WARNING  | app.middleware.logging:dispatch:43 [ACCESS] - HTTP GET /api/students - 401 in 0.0011s | Context: {'request_id': '6bd211a7-a5d4-4717-8a28-6e6579c9d828', 'client_host': 'testclient', 'method': 'GET', 'path': '/api/students', 'status_code': 401, 'duration': 0.0011}
2026-05-19 10:14:42.211 | INFO     | app.middleware.logging:dispatch:26 [ACCESS] - HTTP POST /api/auth/login - Initiated from testclient | Context: {'request_id': '3f0af7ef-030c-4f56-b312-e3741ad87b5f', 'client_host': 'testclient', 'method': 'POST', 'path': '/api/auth/login'}
2026-05-19 10:14:43.051 | WARNING  | app.middleware.logging:dispatch:43 [ACCESS] - HTTP POST /api/auth/login - 401 in 0.8403s | Context: {'request_id': '3f0af7ef-030c-4f56-b312-e3741ad87b5f', 'client_host': 'testclient', 'method': 'POST', 'path': '/api/auth/login', 'status_code': 401, 'duration': 0.8403}
2026-05-19 10:14:43.061 | INFO     | app.middleware.logging:dispatch:26 [ACCESS] - HTTP POST /api/auth/register - Initiated from testclient | Context: {'request_id': '00674c35-7eae-4f17-ba03-e5b283ea54e4', 'client_host': 'testclient', 'method': 'POST', 'path': '/api/auth/register'}
2026-05-19 10:14:43.067 | WARNING  | app.middleware.exception_handlers:validation_exception_handler:49 [ACCESS] - Validation failed for request to /api/auth/register: 3 validation errors:
  {'type': 'string_too_short', 'loc': ('body', 'username'), 'msg': 'String should have at least 3 characters', 'input': 'us', 'ctx': {'min_length': 3}}
  {'type': 'missing', 'loc': ('body', 'email'), 'msg': 'Field required', 'input': {'username': 'us', 'password': '123'}}
  {'type': 'string_too_short', 'loc': ('body', 'password'), 'msg': 'String should have at least 6 characters', 'input': '123', 'ctx': {'min_length': 6}}

  File "D:\ps_03\company-intelligence-platform\backend\app\routes\v1\auth_routes.py", line 22, in register
    POST /api/auth/register | Context: {'request_id': '00674c35-7eae-4f17-ba03-e5b283ea54e4', 'path': '/api/auth/register', 'error_details': [{'field': 'username', 'issue': 'string_too_short', 'message': 'String should have at least 3 characters'}, {'field': 'email', 'issue': 'missing', 'message': 'Field required'}, {'field': 'password', 'issue': 'string_too_short', 'message': 'String should have at least 6 characters'}]}
2026-05-19 10:14:43.070 | WARNING  | app.middleware.logging:dispatch:43 [ACCESS] - HTTP POST /api/auth/register - 422 in 0.0095s | Context: {'request_id': '00674c35-7eae-4f17-ba03-e5b283ea54e4', 'client_host': 'testclient', 'method': 'POST', 'path': '/api/auth/register', 'status_code': 422, 'duration': 0.0095}
2026-05-19 10:14:43.079 | INFO     | app.middleware.logging:dispatch:26 [ACCESS] - HTTP POST /api/auth/login - Initiated from testclient | Context: {'request_id': '5dbf9add-c14c-4ffa-8cc6-2cb12f136542', 'client_host': 'testclient', 'method': 'POST', 'path': '/api/auth/login'}
2026-05-19 10:14:43.567 | INFO     | app.middleware.logging:dispatch:45 [ACCESS] - HTTP POST /api/auth/login - 200 in 0.4878s | Context: {'request_id': '5dbf9add-c14c-4ffa-8cc6-2cb12f136542', 'client_host': 'testclient', 'method': 'POST', 'path': '/api/auth/login', 'status_code': 200, 'duration': 0.4878}
2026-05-19 10:14:43.580 | INFO     | app.middleware.logging:dispatch:26 [ACCESS] - HTTP GET /api/students - Initiated from testclient | Context: {'request_id': 'cf6d8004-5224-4ad0-9628-ea8b01321a5e', 'client_host': 'testclient', 'method': 'GET', 'path': '/api/students'}
2026-05-19 10:14:43.661 | INFO     | app.middleware.logging:dispatch:45 [ACCESS] - HTTP GET /api/students - 200 in 0.0816s | Context: {'request_id': 'cf6d8004-5224-4ad0-9628-ea8b01321a5e', 'client_host': 'testclient', 'method': 'GET', 'path': '/api/students', 'status_code': 200, 'duration': 0.0816}
2026-05-19 10:14:43.673 | INFO     | app.middleware.logging:dispatch:26 [ACCESS] - HTTP POST /api/auth/login - Initiated from testclient | Context: {'request_id': '3817c71c-9cf9-4170-b6c9-d39f010f8135', 'client_host': 'testclient', 'method': 'POST', 'path': '/api/auth/login'}
2026-05-19 10:14:44.064 | INFO     | app.middleware.logging:dispatch:45 [ACCESS] - HTTP POST /api/auth/login - 200 in 0.3911s | Context: {'request_id': '3817c71c-9cf9-4170-b6c9-d39f010f8135', 'client_host': 'testclient', 'method': 'POST', 'path': '/api/auth/login', 'status_code': 200, 'duration': 0.3911}
2026-05-19 10:14:44.074 | INFO     | app.middleware.logging:dispatch:26 [ACCESS] - HTTP GET /api/students - Initiated from testclient | Context: {'request_id': '3fade148-b5d9-4181-9041-5fe1a2e67a77', 'client_host': 'testclient', 'method': 'GET', 'path': '/api/students'}
2026-05-19 10:14:44.112 | INFO     | app.middleware.logging:dispatch:45 [ACCESS] - HTTP GET /api/students - 200 in 0.0391s | Context: {'request_id': '3fade148-b5d9-4181-9041-5fe1a2e67a77', 'client_host': 'testclient', 'method': 'GET', 'path': '/api/students', 'status_code': 200, 'duration': 0.0391}
2026-05-19 10:14:44.119 | INFO     | app.middleware.logging:dispatch:26 [ACCESS] - HTTP GET /api/students - Initiated from testclient | Context: {'request_id': '5e5316ea-a9bc-40ed-9695-3edc2d79fc23', 'client_host': 'testclient', 'method': 'GET', 'path': '/api/students'}
2026-05-19 10:14:44.158 | INFO     | app.middleware.logging:dispatch:45 [ACCESS] - HTTP GET /api/students - 200 in 0.0407s | Context: {'request_id': '5e5316ea-a9bc-40ed-9695-3edc2d79fc23', 'client_host': 'testclient', 'method': 'GET', 'path': '/api/students', 'status_code': 200, 'duration': 0.0407}
2026-05-19 10:14:44.165 | INFO     | app.middleware.logging:dispatch:26 [ACCESS] - HTTP GET /api/students - Initiated from testclient | Context: {'request_id': 'ae712045-7497-4e7d-b9bf-7000210f79ae', 'client_host': 'testclient', 'method': 'GET', 'path': '/api/students'}
2026-05-19 10:14:44.205 | INFO     | app.middleware.logging:dispatch:45 [ACCESS] - HTTP GET /api/students - 200 in 0.0411s | Context: {'request_id': 'ae712045-7497-4e7d-b9bf-7000210f79ae', 'client_host': 'testclient', 'method': 'GET', 'path': '/api/students', 'status_code': 200, 'duration': 0.0411}
2026-05-19 10:14:44.213 | INFO     | app.middleware.logging:dispatch:26 [ACCESS] - HTTP GET /api/students - Initiated from testclient | Context: {'request_id': 'c9084ba9-9a58-431e-88ca-53a9627c56c6', 'client_host': 'testclient', 'method': 'GET', 'path': '/api/students'}
2026-05-19 10:14:44.250 | INFO     | app.middleware.logging:dispatch:45 [ACCESS] - HTTP GET /api/students - 200 in 0.0369s | Context: {'request_id': 'c9084ba9-9a58-431e-88ca-53a9627c56c6', 'client_host': 'testclient', 'method': 'GET', 'path': '/api/students', 'status_code': 200, 'duration': 0.0369}
2026-05-19 10:14:44.258 | INFO     | app.middleware.logging:dispatch:26 [ACCESS] - HTTP GET /api/students - Initiated from testclient | Context: {'request_id': '4f75f90f-a27c-4445-82a0-5510db142eca', 'client_host': 'testclient', 'method': 'GET', 'path': '/api/students'}
2026-05-19 10:14:44.266 | WARNING  | app.middleware.logging:dispatch:43 [ACCESS] - HTTP GET /api/students - 429 in 0.0082s | Context: {'request_id': '4f75f90f-a27c-4445-82a0-5510db142eca', 'client_host': 'testclient', 'method': 'GET', 'path': '/api/students', 'status_code': 429, 'duration': 0.0082}
2026-05-19 10:14:44.276 | INFO     | app.middleware.logging:dispatch:26 [ACCESS] - HTTP GET /api/remediation/suggestions - Initiated from testclient | Context: {'request_id': '625cee3c-930c-4e4b-922c-ba63c8de7e6f', 'client_host': 'testclient', 'method': 'GET', 'path': '/api/remediation/suggestions'}
2026-05-19 10:14:44.291 | INFO     | app.middleware.logging:dispatch:45 [ACCESS] - HTTP GET /api/remediation/suggestions - 200 in 0.0152s | Context: {'request_id': '625cee3c-930c-4e4b-922c-ba63c8de7e6f', 'client_host': 'testclient', 'method': 'GET', 'path': '/api/remediation/suggestions', 'status_code': 200, 'duration': 0.0152}
2026-05-19 10:14:44.352 | INFO     | app.middleware.logging:dispatch:26 [ACCESS] - HTTP GET /api/remediation/suggestions - Initiated from testclient | Context: {'request_id': '4064885c-7e3b-4446-b07e-a947c6ce5ae9', 'client_host': 'testclient', 'method': 'GET', 'path': '/api/remediation/suggestions'}
2026-05-19 10:14:44.374 | INFO     | app.middleware.logging:dispatch:45 [ACCESS] - HTTP GET /api/remediation/suggestions - 200 in 0.0237s | Context: {'request_id': '4064885c-7e3b-4446-b07e-a947c6ce5ae9', 'client_host': 'testclient', 'method': 'GET', 'path': '/api/remediation/suggestions', 'status_code': 200, 'duration': 0.0237}
2026-05-19 10:14:44.392 | INFO     | app.middleware.logging:dispatch:26 [ACCESS] - HTTP POST /api/remediation/suggestion/test-sugg-uuid-999/approve - Initiated from testclient | Context: {'request_id': '3e10f9f8-b590-45e4-8307-43334ed7168b', 'client_host': 'testclient', 'method': 'POST', 'path': '/api/remediation/suggestion/test-sugg-uuid-999/approve'}
2026-05-19 10:14:44.466 | INFO     | app.middleware.logging:dispatch:45 [ACCESS] - HTTP POST /api/remediation/suggestion/test-sugg-uuid-999/approve - 200 in 0.0741s | Context: {'request_id': '3e10f9f8-b590-45e4-8307-43334ed7168b', 'client_host': 'testclient', 'method': 'POST', 'path': '/api/remediation/suggestion/test-sugg-uuid-999/approve', 'status_code': 200, 'duration': 0.0741}
2026-05-19 10:14:44.795 | INFO     | app.middleware.logging:dispatch:26 [ACCESS] - HTTP POST /api/auth/login - Initiated from testclient | Context: {'request_id': 'f48fe0aa-d1ca-4571-ae15-3ba06de1cfbb', 'client_host': 'testclient', 'method': 'POST', 'path': '/api/auth/login'}
2026-05-19 10:14:45.198 | INFO     | app.middleware.logging:dispatch:45 [ACCESS] - HTTP POST /api/auth/login - 200 in 0.4038s | Context: {'request_id': 'f48fe0aa-d1ca-4571-ae15-3ba06de1cfbb', 'client_host': 'testclient', 'method': 'POST', 'path': '/api/auth/login', 'status_code': 200, 'duration': 0.4038}
2026-05-19 10:14:45.205 | INFO     | app.middleware.logging:dispatch:26 [ACCESS] - HTTP GET /api/analytics/dashboard - Initiated from testclient | Context: {'request_id': 'b2cb884d-91d6-454f-a66e-eebc0966da92', 'client_host': 'testclient', 'method': 'GET', 'path': '/api/analytics/dashboard'}
2026-05-19 10:14:45.273 | INFO     | app.middleware.logging:dispatch:45 [ACCESS] - HTTP GET /api/analytics/dashboard - 200 in 0.0683s | Context: {'request_id': 'b2cb884d-91d6-454f-a66e-eebc0966da92', 'client_host': 'testclient', 'method': 'GET', 'path': '/api/analytics/dashboard', 'status_code': 200, 'duration': 0.0683}
2026-05-19 10:15:33.926 | INFO     | app.middleware.logging:dispatch:26 [ACCESS] - HTTP POST /api/research - Initiated from 127.0.0.1 | Context: {'request_id': 'c53c80f4-7813-49d5-86c5-692fb052f052', 'client_host': '127.0.0.1', 'method': 'POST', 'path': '/api/research'}
2026-05-19 10:15:34.350 | INFO     | app.middleware.logging:dispatch:45 [ACCESS] - HTTP POST /api/research - 200 in 0.4298s | Context: {'request_id': 'c53c80f4-7813-49d5-86c5-692fb052f052', 'client_host': '127.0.0.1', 'method': 'POST', 'path': '/api/research', 'status_code': 200, 'duration': 0.4298}
2026-05-19 10:15:34.354 | INFO     | logging:callHandlers:1706 [ACCESS] - 127.0.0.1:61057 - "POST /api/research HTTP/1.1" 200
2026-05-19 10:15:34.393 | INFO     | app.middleware.logging:dispatch:26 [ACCESS] - HTTP GET /api/session/e4a7607e-3ab5-4e34-9d80-3e056ef152e3/stream - Initiated from 127.0.0.1 | Context: {'request_id': '80462617-006d-45db-b7f1-962f8dbda5ec', 'client_host': '127.0.0.1', 'method': 'GET', 'path': '/api/session/e4a7607e-3ab5-4e34-9d80-3e056ef152e3/stream'}
2026-05-19 10:15:34.411 | INFO     | app.middleware.logging:dispatch:45 [ACCESS] - HTTP GET /api/session/e4a7607e-3ab5-4e34-9d80-3e056ef152e3/stream - 200 in 0.0168s | Context: {'request_id': '80462617-006d-45db-b7f1-962f8dbda5ec', 'client_host': '127.0.0.1', 'method': 'GET', 'path': '/api/session/e4a7607e-3ab5-4e34-9d80-3e056ef152e3/stream', 'status_code': 200, 'duration': 0.0168}
2026-05-19 10:15:34.417 | INFO     | logging:callHandlers:1706 [ACCESS] - 127.0.0.1:65159 - "GET /api/session/e4a7607e-3ab5-4e34-9d80-3e056ef152e3/stream HTTP/1.1" 200
2026-05-19 10:18:23.545 | INFO     | app.middleware.logging:dispatch:26 [ACCESS] - HTTP POST /api/research - Initiated from 127.0.0.1 | Context: {'request_id': '6738c2ef-3145-48dc-a946-478063f6332f', 'client_host': '127.0.0.1', 'method': 'POST', 'path': '/api/research'}
2026-05-19 10:18:23.710 | INFO     | app.middleware.logging:dispatch:45 [ACCESS] - HTTP POST /api/research - 200 in 0.1648s | Context: {'request_id': '6738c2ef-3145-48dc-a946-478063f6332f', 'client_host': '127.0.0.1', 'method': 'POST', 'path': '/api/research', 'status_code': 200, 'duration': 0.1648}
2026-05-19 10:18:23.713 | INFO     | logging:callHandlers:1706 [ACCESS] - 127.0.0.1:56884 - "POST /api/research HTTP/1.1" 200
2026-05-19 10:18:23.734 | INFO     | app.middleware.logging:dispatch:26 [ACCESS] - HTTP GET /api/session/f3638d6c-4daa-460e-95e9-859a9837231b/stream - Initiated from 127.0.0.1 | Context: {'request_id': '5bcdfe9e-2215-4ad7-8286-7069c015ee27', 'client_host': '127.0.0.1', 'method': 'GET', 'path': '/api/session/f3638d6c-4daa-460e-95e9-859a9837231b/stream'}
2026-05-19 10:18:23.743 | INFO     | app.middleware.logging:dispatch:45 [ACCESS] - HTTP GET /api/session/f3638d6c-4daa-460e-95e9-859a9837231b/stream - 200 in 0.0099s | Context: {'request_id': '5bcdfe9e-2215-4ad7-8286-7069c015ee27', 'client_host': '127.0.0.1', 'method': 'GET', 'path': '/api/session/f3638d6c-4daa-460e-95e9-859a9837231b/stream', 'status_code': 200, 'duration': 0.0099}
2026-05-19 10:18:23.749 | INFO     | logging:callHandlers:1706 [ACCESS] - 127.0.0.1:56891 - "GET /api/session/f3638d6c-4daa-460e-95e9-859a9837231b/stream HTTP/1.1" 200
2026-05-19 10:40:24.863 | INFO     | app.middleware.logging:dispatch:26 [ACCESS] - HTTP GET /api/v1/ - Initiated from testclient | Context: {'request_id': 'bf6fff71-9d19-4f9e-93ca-5cda395bface', 'client_host': 'testclient', 'method': 'GET', 'path': '/api/v1/'}
2026-05-19 10:40:24.888 | INFO     | app.middleware.logging:dispatch:45 [ACCESS] - HTTP GET /api/v1/ - 200 in 0.0257s | Context: {'request_id': 'bf6fff71-9d19-4f9e-93ca-5cda395bface', 'client_host': 'testclient', 'method': 'GET', 'path': '/api/v1/', 'status_code': 200, 'duration': 0.0257}
2026-05-19 10:40:24.900 | INFO     | app.middleware.logging:dispatch:26 [ACCESS] - HTTP GET /api/v1/students - Initiated from testclient | Context: {'request_id': 'fd6499b0-c204-4177-9e65-fd0f9640f95e', 'client_host': 'testclient', 'method': 'GET', 'path': '/api/v1/students'}
2026-05-19 10:40:24.901 | WARNING  | app.middleware.logging:dispatch:43 [ACCESS] - HTTP GET /api/v1/students - 401 in 0.0020s | Context: {'request_id': 'fd6499b0-c204-4177-9e65-fd0f9640f95e', 'client_host': 'testclient', 'method': 'GET', 'path': '/api/v1/students', 'status_code': 401, 'duration': 0.002}
2026-05-19 10:40:24.912 | INFO     | app.middleware.logging:dispatch:26 [ACCESS] - HTTP POST /api/v1/auth/login - Initiated from testclient | Context: {'request_id': '1a64093d-434a-43df-9f18-521f9c3a14b4', 'client_host': 'testclient', 'method': 'POST', 'path': '/api/v1/auth/login'}
2026-05-19 10:40:25.995 | WARNING  | app.middleware.logging:dispatch:43 [ACCESS] - HTTP POST /api/v1/auth/login - 401 in 1.0838s | Context: {'request_id': '1a64093d-434a-43df-9f18-521f9c3a14b4', 'client_host': 'testclient', 'method': 'POST', 'path': '/api/v1/auth/login', 'status_code': 401, 'duration': 1.0838}
2026-05-19 10:40:26.009 | INFO     | app.middleware.logging:dispatch:26 [ACCESS] - HTTP POST /api/v1/auth/register - Initiated from testclient | Context: {'request_id': 'a45f93e3-113b-47e6-8bb0-2ab5530f2d68', 'client_host': 'testclient', 'method': 'POST', 'path': '/api/v1/auth/register'}
2026-05-19 10:40:26.018 | WARNING  | app.middleware.exception_handlers:validation_exception_handler:49 [ACCESS] - Validation failed for request to /api/v1/auth/register: 3 validation errors:
  {'type': 'string_too_short', 'loc': ('body', 'username'), 'msg': 'String should have at least 3 characters', 'input': 'us', 'ctx': {'min_length': 3}}
  {'type': 'missing', 'loc': ('body', 'email'), 'msg': 'Field required', 'input': {'username': 'us', 'password': '123'}}
  {'type': 'string_too_short', 'loc': ('body', 'password'), 'msg': 'String should have at least 6 characters', 'input': '123', 'ctx': {'min_length': 6}}

  File "D:\ps_03\company-intelligence-platform\backend\app\routes\v1\auth_routes.py", line 22, in register
    POST /api/v1/auth/register | Context: {'request_id': 'a45f93e3-113b-47e6-8bb0-2ab5530f2d68', 'path': '/api/v1/auth/register', 'error_details': [{'field': 'username', 'issue': 'string_too_short', 'message': 'String should have at least 3 characters'}, {'field': 'email', 'issue': 'missing', 'message': 'Field required'}, {'field': 'password', 'issue': 'string_too_short', 'message': 'String should have at least 6 characters'}]}
2026-05-19 10:40:26.021 | WARNING  | app.middleware.logging:dispatch:43 [ACCESS] - HTTP POST /api/v1/auth/register - 422 in 0.0124s | Context: {'request_id': 'a45f93e3-113b-47e6-8bb0-2ab5530f2d68', 'client_host': 'testclient', 'method': 'POST', 'path': '/api/v1/auth/register', 'status_code': 422, 'duration': 0.0124}
2026-05-19 10:40:26.035 | INFO     | app.middleware.logging:dispatch:26 [ACCESS] - HTTP POST /api/v1/auth/login - Initiated from testclient | Context: {'request_id': '79a76346-3775-41df-96c5-4c7c24880f8b', 'client_host': 'testclient', 'method': 'POST', 'path': '/api/v1/auth/login'}
2026-05-19 10:40:26.584 | INFO     | app.middleware.logging:dispatch:45 [ACCESS] - HTTP POST /api/v1/auth/login - 200 in 0.5501s | Context: {'request_id': '79a76346-3775-41df-96c5-4c7c24880f8b', 'client_host': 'testclient', 'method': 'POST', 'path': '/api/v1/auth/login', 'status_code': 200, 'duration': 0.5501}
2026-05-19 10:40:26.599 | INFO     | app.middleware.logging:dispatch:26 [ACCESS] - HTTP GET /api/v1/students - Initiated from testclient | Context: {'request_id': '25ab9c8e-5405-4cf8-bd17-a536ef12838a', 'client_host': 'testclient', 'method': 'GET', 'path': '/api/v1/students'}
2026-05-19 10:40:26.689 | INFO     | app.middleware.logging:dispatch:45 [ACCESS] - HTTP GET /api/v1/students - 200 in 0.0900s | Context: {'request_id': '25ab9c8e-5405-4cf8-bd17-a536ef12838a', 'client_host': 'testclient', 'method': 'GET', 'path': '/api/v1/students', 'status_code': 200, 'duration': 0.09}
2026-05-19 10:40:26.700 | INFO     | app.middleware.logging:dispatch:26 [ACCESS] - HTTP POST /api/v1/auth/login - Initiated from testclient | Context: {'request_id': '3aee30d3-6464-4b9d-82e9-2f819e4e8190', 'client_host': 'testclient', 'method': 'POST', 'path': '/api/v1/auth/login'}
2026-05-19 10:40:27.195 | INFO     | app.middleware.logging:dispatch:45 [ACCESS] - HTTP POST /api/v1/auth/login - 200 in 0.4939s | Context: {'request_id': '3aee30d3-6464-4b9d-82e9-2f819e4e8190', 'client_host': 'testclient', 'method': 'POST', 'path': '/api/v1/auth/login', 'status_code': 200, 'duration': 0.4939}
2026-05-19 10:40:27.207 | INFO     | app.middleware.logging:dispatch:26 [ACCESS] - HTTP GET /api/v1/students - Initiated from testclient | Context: {'request_id': '4e96e731-6e83-493a-bcd1-46712cf13d10', 'client_host': 'testclient', 'method': 'GET', 'path': '/api/v1/students'}
2026-05-19 10:40:27.266 | INFO     | app.middleware.logging:dispatch:45 [ACCESS] - HTTP GET /api/v1/students - 200 in 0.0591s | Context: {'request_id': '4e96e731-6e83-493a-bcd1-46712cf13d10', 'client_host': 'testclient', 'method': 'GET', 'path': '/api/v1/students', 'status_code': 200, 'duration': 0.0591}
2026-05-19 10:40:27.278 | INFO     | app.middleware.logging:dispatch:26 [ACCESS] - HTTP GET /api/v1/students - Initiated from testclient | Context: {'request_id': '173172a4-5cdb-43ea-991b-37e182d7100f', 'client_host': 'testclient', 'method': 'GET', 'path': '/api/v1/students'}
2026-05-19 10:40:27.337 | INFO     | app.middleware.logging:dispatch:45 [ACCESS] - HTTP GET /api/v1/students - 200 in 0.0585s | Context: {'request_id': '173172a4-5cdb-43ea-991b-37e182d7100f', 'client_host': 'testclient', 'method': 'GET', 'path': '/api/v1/students', 'status_code': 200, 'duration': 0.0585}
2026-05-19 10:40:27.349 | INFO     | app.middleware.logging:dispatch:26 [ACCESS] - HTTP GET /api/v1/students - Initiated from testclient | Context: {'request_id': 'baedc8dc-9ed0-4d2f-9a12-64a63041ad12', 'client_host': 'testclient', 'method': 'GET', 'path': '/api/v1/students'}
2026-05-19 10:40:27.420 | INFO     | app.middleware.logging:dispatch:45 [ACCESS] - HTTP GET /api/v1/students - 200 in 0.0717s | Context: {'request_id': 'baedc8dc-9ed0-4d2f-9a12-64a63041ad12', 'client_host': 'testclient', 'method': 'GET', 'path': '/api/v1/students', 'status_code': 200, 'duration': 0.0717}
2026-05-19 10:40:27.433 | INFO     | app.middleware.logging:dispatch:26 [ACCESS] - HTTP GET /api/v1/students - Initiated from testclient | Context: {'request_id': 'a127a4df-8a7f-4d72-ba64-54079ddf642e', 'client_host': 'testclient', 'method': 'GET', 'path': '/api/v1/students'}
2026-05-19 10:40:27.507 | INFO     | app.middleware.logging:dispatch:45 [ACCESS] - HTTP GET /api/v1/students - 200 in 0.0734s | Context: {'request_id': 'a127a4df-8a7f-4d72-ba64-54079ddf642e', 'client_host': 'testclient', 'method': 'GET', 'path': '/api/v1/students', 'status_code': 200, 'duration': 0.0734}
2026-05-19 10:40:27.519 | INFO     | app.middleware.logging:dispatch:26 [ACCESS] - HTTP GET /api/v1/students - Initiated from testclient | Context: {'request_id': 'c200bf90-d9f3-44dd-8ebe-a8a398a1017b', 'client_host': 'testclient', 'method': 'GET', 'path': '/api/v1/students'}
2026-05-19 10:40:27.530 | WARNING  | app.middleware.logging:dispatch:43 [ACCESS] - HTTP GET /api/v1/students - 429 in 0.0118s | Context: {'request_id': 'c200bf90-d9f3-44dd-8ebe-a8a398a1017b', 'client_host': 'testclient', 'method': 'GET', 'path': '/api/v1/students', 'status_code': 429, 'duration': 0.0118}
2026-05-19 10:40:27.542 | INFO     | app.middleware.logging:dispatch:26 [ACCESS] - HTTP GET /api/v1/remediation/suggestions - Initiated from testclient | Context: {'request_id': 'f17a911d-8cf5-417b-81ca-ada421817e45', 'client_host': 'testclient', 'method': 'GET', 'path': '/api/v1/remediation/suggestions'}
2026-05-19 10:40:27.560 | INFO     | app.middleware.logging:dispatch:45 [ACCESS] - HTTP GET /api/v1/remediation/suggestions - 200 in 0.0176s | Context: {'request_id': 'f17a911d-8cf5-417b-81ca-ada421817e45', 'client_host': 'testclient', 'method': 'GET', 'path': '/api/v1/remediation/suggestions', 'status_code': 200, 'duration': 0.0176}
2026-05-19 10:41:14.730 | INFO     | app.middleware.logging:dispatch:26 [ACCESS] - HTTP GET /api/v1/ - Initiated from testclient | Context: {'request_id': 'd3ab2188-9973-4b9a-92e3-04d43a334a84', 'client_host': 'testclient', 'method': 'GET', 'path': '/api/v1/'}
2026-05-19 10:41:14.753 | INFO     | app.middleware.logging:dispatch:45 [ACCESS] - HTTP GET /api/v1/ - 200 in 0.0234s | Context: {'request_id': 'd3ab2188-9973-4b9a-92e3-04d43a334a84', 'client_host': 'testclient', 'method': 'GET', 'path': '/api/v1/', 'status_code': 200, 'duration': 0.0234}
2026-05-19 10:41:14.764 | INFO     | app.middleware.logging:dispatch:26 [ACCESS] - HTTP GET /api/v1/students - Initiated from testclient | Context: {'request_id': '4faff33a-03eb-4d5f-baaa-1c0c31728e01', 'client_host': 'testclient', 'method': 'GET', 'path': '/api/v1/students'}
2026-05-19 10:41:14.765 | WARNING  | app.middleware.logging:dispatch:43 [ACCESS] - HTTP GET /api/v1/students - 401 in 0.0017s | Context: {'request_id': '4faff33a-03eb-4d5f-baaa-1c0c31728e01', 'client_host': 'testclient', 'method': 'GET', 'path': '/api/v1/students', 'status_code': 401, 'duration': 0.0017}
2026-05-19 10:41:14.776 | INFO     | app.middleware.logging:dispatch:26 [ACCESS] - HTTP POST /api/v1/auth/login - Initiated from testclient | Context: {'request_id': 'a162fe3a-0f6a-4745-949d-c9aecd09b5ee', 'client_host': 'testclient', 'method': 'POST', 'path': '/api/v1/auth/login'}
2026-05-19 10:41:15.984 | WARNING  | app.middleware.logging:dispatch:43 [ACCESS] - HTTP POST /api/v1/auth/login - 401 in 1.2081s | Context: {'request_id': 'a162fe3a-0f6a-4745-949d-c9aecd09b5ee', 'client_host': 'testclient', 'method': 'POST', 'path': '/api/v1/auth/login', 'status_code': 401, 'duration': 1.2081}
2026-05-19 10:41:16.000 | INFO     | app.middleware.logging:dispatch:26 [ACCESS] - HTTP POST /api/v1/auth/register - Initiated from testclient | Context: {'request_id': 'f1ef7282-8df2-4c5c-a56b-7941c59a5e33', 'client_host': 'testclient', 'method': 'POST', 'path': '/api/v1/auth/register'}
2026-05-19 10:41:16.011 | WARNING  | app.middleware.exception_handlers:validation_exception_handler:49 [ACCESS] - Validation failed for request to /api/v1/auth/register: 3 validation errors:
  {'type': 'string_too_short', 'loc': ('body', 'username'), 'msg': 'String should have at least 3 characters', 'input': 'us', 'ctx': {'min_length': 3}}
  {'type': 'missing', 'loc': ('body', 'email'), 'msg': 'Field required', 'input': {'username': 'us', 'password': '123'}}
  {'type': 'string_too_short', 'loc': ('body', 'password'), 'msg': 'String should have at least 6 characters', 'input': '123', 'ctx': {'min_length': 6}}

  File "D:\ps_03\company-intelligence-platform\backend\app\routes\v1\auth_routes.py", line 22, in register
    POST /api/v1/auth/register | Context: {'request_id': 'f1ef7282-8df2-4c5c-a56b-7941c59a5e33', 'path': '/api/v1/auth/register', 'error_details': [{'field': 'username', 'issue': 'string_too_short', 'message': 'String should have at least 3 characters'}, {'field': 'email', 'issue': 'missing', 'message': 'Field required'}, {'field': 'password', 'issue': 'string_too_short', 'message': 'String should have at least 6 characters'}]}
2026-05-19 10:41:16.016 | WARNING  | app.middleware.logging:dispatch:43 [ACCESS] - HTTP POST /api/v1/auth/register - 422 in 0.0180s | Context: {'request_id': 'f1ef7282-8df2-4c5c-a56b-7941c59a5e33', 'client_host': 'testclient', 'method': 'POST', 'path': '/api/v1/auth/register', 'status_code': 422, 'duration': 0.018}
2026-05-19 10:41:16.033 | INFO     | app.middleware.logging:dispatch:26 [ACCESS] - HTTP POST /api/v1/auth/login - Initiated from testclient | Context: {'request_id': '3b69502b-716b-4a21-ae29-53fcd48c8912', 'client_host': 'testclient', 'method': 'POST', 'path': '/api/v1/auth/login'}
2026-05-19 10:41:16.610 | INFO     | app.middleware.logging:dispatch:45 [ACCESS] - HTTP POST /api/v1/auth/login - 200 in 0.5782s | Context: {'request_id': '3b69502b-716b-4a21-ae29-53fcd48c8912', 'client_host': 'testclient', 'method': 'POST', 'path': '/api/v1/auth/login', 'status_code': 200, 'duration': 0.5782}
2026-05-19 10:41:16.626 | INFO     | app.middleware.logging:dispatch:26 [ACCESS] - HTTP GET /api/v1/students - Initiated from testclient | Context: {'request_id': 'e7bd30be-303a-40c5-8168-7ab023ce240d', 'client_host': 'testclient', 'method': 'GET', 'path': '/api/v1/students'}
2026-05-19 10:41:16.738 | INFO     | app.middleware.logging:dispatch:45 [ACCESS] - HTTP GET /api/v1/students - 200 in 0.1129s | Context: {'request_id': 'e7bd30be-303a-40c5-8168-7ab023ce240d', 'client_host': 'testclient', 'method': 'GET', 'path': '/api/v1/students', 'status_code': 200, 'duration': 0.1129}
2026-05-19 10:41:16.759 | INFO     | app.middleware.logging:dispatch:26 [ACCESS] - HTTP POST /api/v1/auth/login - Initiated from testclient | Context: {'request_id': 'ea38f974-f9ae-4d23-bfdd-95a5d7e1f0c6', 'client_host': 'testclient', 'method': 'POST', 'path': '/api/v1/auth/login'}
2026-05-19 10:41:17.316 | INFO     | app.middleware.logging:dispatch:45 [ACCESS] - HTTP POST /api/v1/auth/login - 200 in 0.5580s | Context: {'request_id': 'ea38f974-f9ae-4d23-bfdd-95a5d7e1f0c6', 'client_host': 'testclient', 'method': 'POST', 'path': '/api/v1/auth/login', 'status_code': 200, 'duration': 0.558}
2026-05-19 10:41:17.330 | INFO     | app.middleware.logging:dispatch:26 [ACCESS] - HTTP GET /api/v1/students - Initiated from testclient | Context: {'request_id': '64cd8b30-80ef-4f16-bb86-70e7c0c69701', 'client_host': 'testclient', 'method': 'GET', 'path': '/api/v1/students'}
2026-05-19 10:41:17.434 | INFO     | app.middleware.logging:dispatch:45 [ACCESS] - HTTP GET /api/v1/students - 200 in 0.1046s | Context: {'request_id': '64cd8b30-80ef-4f16-bb86-70e7c0c69701', 'client_host': 'testclient', 'method': 'GET', 'path': '/api/v1/students', 'status_code': 200, 'duration': 0.1046}
2026-05-19 10:41:17.482 | INFO     | app.middleware.logging:dispatch:26 [ACCESS] - HTTP GET /api/v1/students - Initiated from testclient | Context: {'request_id': '2728566f-167e-4a11-8a8b-11ca4d17663b', 'client_host': 'testclient', 'method': 'GET', 'path': '/api/v1/students'}
2026-05-19 10:41:17.571 | INFO     | app.middleware.logging:dispatch:45 [ACCESS] - HTTP GET /api/v1/students - 200 in 0.0891s | Context: {'request_id': '2728566f-167e-4a11-8a8b-11ca4d17663b', 'client_host': 'testclient', 'method': 'GET', 'path': '/api/v1/students', 'status_code': 200, 'duration': 0.0891}
2026-05-19 10:41:17.588 | INFO     | app.middleware.logging:dispatch:26 [ACCESS] - HTTP GET /api/v1/students - Initiated from testclient | Context: {'request_id': '18a425cf-598b-4b5e-9418-da2d2b9deec8', 'client_host': 'testclient', 'method': 'GET', 'path': '/api/v1/students'}
2026-05-19 10:41:17.680 | INFO     | app.middleware.logging:dispatch:45 [ACCESS] - HTTP GET /api/v1/students - 200 in 0.0929s | Context: {'request_id': '18a425cf-598b-4b5e-9418-da2d2b9deec8', 'client_host': 'testclient', 'method': 'GET', 'path': '/api/v1/students', 'status_code': 200, 'duration': 0.0929}
2026-05-19 10:41:17.704 | INFO     | app.middleware.logging:dispatch:26 [ACCESS] - HTTP GET /api/v1/students - Initiated from testclient | Context: {'request_id': '319ee184-4255-4bca-a9c0-550296df5818', 'client_host': 'testclient', 'method': 'GET', 'path': '/api/v1/students'}
2026-05-19 10:41:17.802 | INFO     | app.middleware.logging:dispatch:45 [ACCESS] - HTTP GET /api/v1/students - 200 in 0.0993s | Context: {'request_id': '319ee184-4255-4bca-a9c0-550296df5818', 'client_host': 'testclient', 'method': 'GET', 'path': '/api/v1/students', 'status_code': 200, 'duration': 0.0993}
2026-05-19 10:41:17.822 | INFO     | app.middleware.logging:dispatch:26 [ACCESS] - HTTP GET /api/v1/students - Initiated from testclient | Context: {'request_id': '5fd873ca-bdc7-4d01-906c-20ec2b941344', 'client_host': 'testclient', 'method': 'GET', 'path': '/api/v1/students'}
2026-05-19 10:41:17.842 | WARNING  | app.middleware.logging:dispatch:43 [ACCESS] - HTTP GET /api/v1/students - 429 in 0.0212s | Context: {'request_id': '5fd873ca-bdc7-4d01-906c-20ec2b941344', 'client_host': 'testclient', 'method': 'GET', 'path': '/api/v1/students', 'status_code': 429, 'duration': 0.0212}
2026-05-19 10:41:17.864 | INFO     | app.middleware.logging:dispatch:26 [ACCESS] - HTTP GET /api/v1/remediation/suggestions - Initiated from testclient | Context: {'request_id': '121dd701-0f08-463c-9064-c88ade62fd85', 'client_host': 'testclient', 'method': 'GET', 'path': '/api/v1/remediation/suggestions'}
2026-05-19 10:41:17.897 | INFO     | app.middleware.logging:dispatch:45 [ACCESS] - HTTP GET /api/v1/remediation/suggestions - 200 in 0.0336s | Context: {'request_id': '121dd701-0f08-463c-9064-c88ade62fd85', 'client_host': 'testclient', 'method': 'GET', 'path': '/api/v1/remediation/suggestions', 'status_code': 200, 'duration': 0.0336}
2026-05-19 10:41:18.014 | INFO     | app.middleware.logging:dispatch:26 [ACCESS] - HTTP GET /api/v1/remediation/suggestions - Initiated from testclient | Context: {'request_id': '79841db9-46ce-439e-8243-487114bbd316', 'client_host': 'testclient', 'method': 'GET', 'path': '/api/v1/remediation/suggestions'}
2026-05-19 10:41:18.049 | INFO     | app.middleware.logging:dispatch:45 [ACCESS] - HTTP GET /api/v1/remediation/suggestions - 200 in 0.0341s | Context: {'request_id': '79841db9-46ce-439e-8243-487114bbd316', 'client_host': 'testclient', 'method': 'GET', 'path': '/api/v1/remediation/suggestions', 'status_code': 200, 'duration': 0.0341}
2026-05-19 10:41:18.068 | INFO     | app.middleware.logging:dispatch:26 [ACCESS] - HTTP POST /api/v1/remediation/suggestion/test-sugg-uuid-999/approve - Initiated from testclient | Context: {'request_id': 'a6849550-e27c-40bf-8dad-bd2ec96fd80d', 'client_host': 'testclient', 'method': 'POST', 'path': '/api/v1/remediation/suggestion/test-sugg-uuid-999/approve'}
2026-05-19 10:41:18.158 | INFO     | app.middleware.logging:dispatch:45 [ACCESS] - HTTP POST /api/v1/remediation/suggestion/test-sugg-uuid-999/approve - 200 in 0.0910s | Context: {'request_id': 'a6849550-e27c-40bf-8dad-bd2ec96fd80d', 'client_host': 'testclient', 'method': 'POST', 'path': '/api/v1/remediation/suggestion/test-sugg-uuid-999/approve', 'status_code': 200, 'duration': 0.091}
2026-05-19 10:41:49.602 | INFO     | app.middleware.logging:dispatch:26 [ACCESS] - HTTP GET /api/v1/ - Initiated from testclient | Context: {'request_id': '422478ec-b8f2-4933-b5e7-e78c0971b008', 'client_host': 'testclient', 'method': 'GET', 'path': '/api/v1/'}
2026-05-19 10:41:49.618 | INFO     | app.middleware.logging:dispatch:45 [ACCESS] - HTTP GET /api/v1/ - 200 in 0.0165s | Context: {'request_id': '422478ec-b8f2-4933-b5e7-e78c0971b008', 'client_host': 'testclient', 'method': 'GET', 'path': '/api/v1/', 'status_code': 200, 'duration': 0.0165}
2026-05-19 10:41:49.627 | INFO     | app.middleware.logging:dispatch:26 [ACCESS] - HTTP GET /api/v1/students - Initiated from testclient | Context: {'request_id': 'a443e998-b1ec-47b2-b96b-2a4d151266c6', 'client_host': 'testclient', 'method': 'GET', 'path': '/api/v1/students'}
2026-05-19 10:41:49.629 | WARNING  | app.middleware.logging:dispatch:43 [ACCESS] - HTTP GET /api/v1/students - 401 in 0.0034s | Context: {'request_id': 'a443e998-b1ec-47b2-b96b-2a4d151266c6', 'client_host': 'testclient', 'method': 'GET', 'path': '/api/v1/students', 'status_code': 401, 'duration': 0.0034}
2026-05-19 10:41:49.670 | INFO     | app.middleware.logging:dispatch:26 [ACCESS] - HTTP POST /api/v1/auth/login - Initiated from testclient | Context: {'request_id': 'beda98f7-df4a-4fe3-9de4-5f892ebabb11', 'client_host': 'testclient', 'method': 'POST', 'path': '/api/v1/auth/login'}
2026-05-19 10:41:50.813 | WARNING  | app.middleware.logging:dispatch:43 [ACCESS] - HTTP POST /api/v1/auth/login - 401 in 1.1438s | Context: {'request_id': 'beda98f7-df4a-4fe3-9de4-5f892ebabb11', 'client_host': 'testclient', 'method': 'POST', 'path': '/api/v1/auth/login', 'status_code': 401, 'duration': 1.1438}
2026-05-19 10:41:50.824 | INFO     | app.middleware.logging:dispatch:26 [ACCESS] - HTTP POST /api/v1/auth/register - Initiated from testclient | Context: {'request_id': '8de96eb2-6d40-40b3-9a47-e43668e643e6', 'client_host': 'testclient', 'method': 'POST', 'path': '/api/v1/auth/register'}
2026-05-19 10:41:50.832 | WARNING  | app.middleware.exception_handlers:validation_exception_handler:49 [ACCESS] - Validation failed for request to /api/v1/auth/register: 3 validation errors:
  {'type': 'string_too_short', 'loc': ('body', 'username'), 'msg': 'String should have at least 3 characters', 'input': 'us', 'ctx': {'min_length': 3}}
  {'type': 'missing', 'loc': ('body', 'email'), 'msg': 'Field required', 'input': {'username': 'us', 'password': '123'}}
  {'type': 'string_too_short', 'loc': ('body', 'password'), 'msg': 'String should have at least 6 characters', 'input': '123', 'ctx': {'min_length': 6}}

  File "D:\ps_03\company-intelligence-platform\backend\app\routes\v1\auth_routes.py", line 22, in register
    POST /api/v1/auth/register | Context: {'request_id': '8de96eb2-6d40-40b3-9a47-e43668e643e6', 'path': '/api/v1/auth/register', 'error_details': [{'field': 'username', 'issue': 'string_too_short', 'message': 'String should have at least 3 characters'}, {'field': 'email', 'issue': 'missing', 'message': 'Field required'}, {'field': 'password', 'issue': 'string_too_short', 'message': 'String should have at least 6 characters'}]}
2026-05-19 10:41:50.835 | WARNING  | app.middleware.logging:dispatch:43 [ACCESS] - HTTP POST /api/v1/auth/register - 422 in 0.0103s | Context: {'request_id': '8de96eb2-6d40-40b3-9a47-e43668e643e6', 'client_host': 'testclient', 'method': 'POST', 'path': '/api/v1/auth/register', 'status_code': 422, 'duration': 0.0103}
2026-05-19 10:41:50.846 | INFO     | app.middleware.logging:dispatch:26 [ACCESS] - HTTP POST /api/v1/auth/login - Initiated from testclient | Context: {'request_id': '8dc82569-f041-4d0f-8913-44bdd87fe2b9', 'client_host': 'testclient', 'method': 'POST', 'path': '/api/v1/auth/login'}
2026-05-19 10:41:51.288 | INFO     | app.middleware.logging:dispatch:45 [ACCESS] - HTTP POST /api/v1/auth/login - 200 in 0.4425s | Context: {'request_id': '8dc82569-f041-4d0f-8913-44bdd87fe2b9', 'client_host': 'testclient', 'method': 'POST', 'path': '/api/v1/auth/login', 'status_code': 200, 'duration': 0.4425}
2026-05-19 10:41:51.297 | INFO     | app.middleware.logging:dispatch:26 [ACCESS] - HTTP GET /api/v1/students - Initiated from testclient | Context: {'request_id': '1995d3a1-e14a-4fec-943f-9ccee86147f9', 'client_host': 'testclient', 'method': 'GET', 'path': '/api/v1/students'}
2026-05-19 10:41:51.348 | INFO     | app.middleware.logging:dispatch:45 [ACCESS] - HTTP GET /api/v1/students - 200 in 0.0516s | Context: {'request_id': '1995d3a1-e14a-4fec-943f-9ccee86147f9', 'client_host': 'testclient', 'method': 'GET', 'path': '/api/v1/students', 'status_code': 200, 'duration': 0.0516}
2026-05-19 10:41:51.359 | INFO     | app.middleware.logging:dispatch:26 [ACCESS] - HTTP POST /api/v1/auth/login - Initiated from testclient | Context: {'request_id': '57dddb7d-8f63-4ec8-9ebc-bb9075528046', 'client_host': 'testclient', 'method': 'POST', 'path': '/api/v1/auth/login'}
2026-05-19 10:41:51.707 | INFO     | app.middleware.logging:dispatch:45 [ACCESS] - HTTP POST /api/v1/auth/login - 200 in 0.3484s | Context: {'request_id': '57dddb7d-8f63-4ec8-9ebc-bb9075528046', 'client_host': 'testclient', 'method': 'POST', 'path': '/api/v1/auth/login', 'status_code': 200, 'duration': 0.3484}
2026-05-19 10:41:51.714 | INFO     | app.middleware.logging:dispatch:26 [ACCESS] - HTTP GET /api/v1/students - Initiated from testclient | Context: {'request_id': '555b757d-a5e3-4b18-89a3-557efa383cc5', 'client_host': 'testclient', 'method': 'GET', 'path': '/api/v1/students'}
2026-05-19 10:41:51.758 | INFO     | app.middleware.logging:dispatch:45 [ACCESS] - HTTP GET /api/v1/students - 200 in 0.0437s | Context: {'request_id': '555b757d-a5e3-4b18-89a3-557efa383cc5', 'client_host': 'testclient', 'method': 'GET', 'path': '/api/v1/students', 'status_code': 200, 'duration': 0.0437}
2026-05-19 10:41:51.767 | INFO     | app.middleware.logging:dispatch:26 [ACCESS] - HTTP GET /api/v1/students - Initiated from testclient | Context: {'request_id': '24aa56e0-5b88-4507-8eeb-da657b26b43e', 'client_host': 'testclient', 'method': 'GET', 'path': '/api/v1/students'}
2026-05-19 10:41:51.809 | INFO     | app.middleware.logging:dispatch:45 [ACCESS] - HTTP GET /api/v1/students - 200 in 0.0417s | Context: {'request_id': '24aa56e0-5b88-4507-8eeb-da657b26b43e', 'client_host': 'testclient', 'method': 'GET', 'path': '/api/v1/students', 'status_code': 200, 'duration': 0.0417}
2026-05-19 10:41:51.818 | INFO     | app.middleware.logging:dispatch:26 [ACCESS] - HTTP GET /api/v1/students - Initiated from testclient | Context: {'request_id': 'e3c29d9a-6321-4751-9100-9bb26e9c9954', 'client_host': 'testclient', 'method': 'GET', 'path': '/api/v1/students'}
2026-05-19 10:41:51.861 | INFO     | app.middleware.logging:dispatch:45 [ACCESS] - HTTP GET /api/v1/students - 200 in 0.0431s | Context: {'request_id': 'e3c29d9a-6321-4751-9100-9bb26e9c9954', 'client_host': 'testclient', 'method': 'GET', 'path': '/api/v1/students', 'status_code': 200, 'duration': 0.0431}
2026-05-19 10:41:51.872 | INFO     | app.middleware.logging:dispatch:26 [ACCESS] - HTTP GET /api/v1/students - Initiated from testclient | Context: {'request_id': '1fd334f4-a7eb-4ff9-ae18-26344c7a780c', 'client_host': 'testclient', 'method': 'GET', 'path': '/api/v1/students'}
2026-05-19 10:41:51.917 | INFO     | app.middleware.logging:dispatch:45 [ACCESS] - HTTP GET /api/v1/students - 200 in 0.0449s | Context: {'request_id': '1fd334f4-a7eb-4ff9-ae18-26344c7a780c', 'client_host': 'testclient', 'method': 'GET', 'path': '/api/v1/students', 'status_code': 200, 'duration': 0.0449}
2026-05-19 10:41:51.926 | INFO     | app.middleware.logging:dispatch:26 [ACCESS] - HTTP GET /api/v1/students - Initiated from testclient | Context: {'request_id': '5a4f766e-c403-4c17-a351-2d1514ac8f6e', 'client_host': 'testclient', 'method': 'GET', 'path': '/api/v1/students'}
2026-05-19 10:41:51.934 | WARNING  | app.middleware.logging:dispatch:43 [ACCESS] - HTTP GET /api/v1/students - 429 in 0.0082s | Context: {'request_id': '5a4f766e-c403-4c17-a351-2d1514ac8f6e', 'client_host': 'testclient', 'method': 'GET', 'path': '/api/v1/students', 'status_code': 429, 'duration': 0.0082}
2026-05-19 10:41:51.945 | INFO     | app.middleware.logging:dispatch:26 [ACCESS] - HTTP GET /api/v1/remediation/suggestions - Initiated from testclient | Context: {'request_id': '02f2ff76-2b8e-44cc-90c9-5d2b5a3f2183', 'client_host': 'testclient', 'method': 'GET', 'path': '/api/v1/remediation/suggestions'}
2026-05-19 10:41:51.956 | INFO     | app.middleware.logging:dispatch:45 [ACCESS] - HTTP GET /api/v1/remediation/suggestions - 200 in 0.0117s | Context: {'request_id': '02f2ff76-2b8e-44cc-90c9-5d2b5a3f2183', 'client_host': 'testclient', 'method': 'GET', 'path': '/api/v1/remediation/suggestions', 'status_code': 200, 'duration': 0.0117}
2026-05-19 10:41:52.006 | INFO     | app.middleware.logging:dispatch:26 [ACCESS] - HTTP GET /api/v1/remediation/suggestions - Initiated from testclient | Context: {'request_id': 'eb74dbb7-3904-4028-a911-1da3766d3cdb', 'client_host': 'testclient', 'method': 'GET', 'path': '/api/v1/remediation/suggestions'}
2026-05-19 10:41:52.020 | INFO     | app.middleware.logging:dispatch:45 [ACCESS] - HTTP GET /api/v1/remediation/suggestions - 200 in 0.0140s | Context: {'request_id': 'eb74dbb7-3904-4028-a911-1da3766d3cdb', 'client_host': 'testclient', 'method': 'GET', 'path': '/api/v1/remediation/suggestions', 'status_code': 200, 'duration': 0.014}
2026-05-19 10:41:52.030 | INFO     | app.middleware.logging:dispatch:26 [ACCESS] - HTTP POST /api/v1/remediation/suggestion/test-sugg-uuid-999/approve - Initiated from testclient | Context: {'request_id': '62c61de9-0012-4ad0-acaa-a4903d7e4fc5', 'client_host': 'testclient', 'method': 'POST', 'path': '/api/v1/remediation/suggestion/test-sugg-uuid-999/approve'}
2026-05-19 10:41:52.076 | INFO     | app.middleware.logging:dispatch:45 [ACCESS] - HTTP POST /api/v1/remediation/suggestion/test-sugg-uuid-999/approve - 200 in 0.0451s | Context: {'request_id': '62c61de9-0012-4ad0-acaa-a4903d7e4fc5', 'client_host': 'testclient', 'method': 'POST', 'path': '/api/v1/remediation/suggestion/test-sugg-uuid-999/approve', 'status_code': 200, 'duration': 0.0451}
2026-05-19 10:41:52.422 | INFO     | app.middleware.logging:dispatch:26 [ACCESS] - HTTP POST /api/v1/auth/login - Initiated from testclient | Context: {'request_id': '591ca197-7423-41d9-9ce9-65476c958638', 'client_host': 'testclient', 'method': 'POST', 'path': '/api/v1/auth/login'}
2026-05-19 10:41:52.837 | INFO     | app.middleware.logging:dispatch:45 [ACCESS] - HTTP POST /api/v1/auth/login - 200 in 0.4173s | Context: {'request_id': '591ca197-7423-41d9-9ce9-65476c958638', 'client_host': 'testclient', 'method': 'POST', 'path': '/api/v1/auth/login', 'status_code': 200, 'duration': 0.4173}
2026-05-19 10:41:52.844 | INFO     | app.middleware.logging:dispatch:26 [ACCESS] - HTTP GET /api/v1/analytics/dashboard - Initiated from testclient | Context: {'request_id': '80256ca0-4f63-468f-b4ea-baa89e21a1da', 'client_host': 'testclient', 'method': 'GET', 'path': '/api/v1/analytics/dashboard'}
2026-05-19 10:41:52.912 | INFO     | app.middleware.logging:dispatch:45 [ACCESS] - HTTP GET /api/v1/analytics/dashboard - 200 in 0.0684s | Context: {'request_id': '80256ca0-4f63-468f-b4ea-baa89e21a1da', 'client_host': 'testclient', 'method': 'GET', 'path': '/api/v1/analytics/dashboard', 'status_code': 200, 'duration': 0.0684}
2026-05-19 10:42:00.252 | INFO     | app.middleware.logging:dispatch:26 [ACCESS] - HTTP GET / - Initiated from testclient | Context: {'request_id': '62f0b930-3a7e-4633-a08a-73f3349f7576', 'client_host': 'testclient', 'method': 'GET', 'path': '/'}
2026-05-19 10:42:00.271 | INFO     | app.middleware.logging:dispatch:45 [ACCESS] - HTTP GET / - 200 in 0.0191s | Context: {'request_id': '62f0b930-3a7e-4633-a08a-73f3349f7576', 'client_host': 'testclient', 'method': 'GET', 'path': '/', 'status_code': 200, 'duration': 0.0191}
2026-05-19 10:42:00.281 | INFO     | app.middleware.logging:dispatch:26 [ACCESS] - HTTP GET /api/students - Initiated from testclient | Context: {'request_id': 'af52aef4-5587-4442-9e94-83448e4cda4a', 'client_host': 'testclient', 'method': 'GET', 'path': '/api/students'}
2026-05-19 10:42:00.284 | WARNING  | app.middleware.logging:dispatch:43 [ACCESS] - HTTP GET /api/students - 401 in 0.0034s | Context: {'request_id': 'af52aef4-5587-4442-9e94-83448e4cda4a', 'client_host': 'testclient', 'method': 'GET', 'path': '/api/students', 'status_code': 401, 'duration': 0.0034}
2026-05-19 10:42:00.294 | INFO     | app.middleware.logging:dispatch:26 [ACCESS] - HTTP POST /api/auth/login - Initiated from testclient | Context: {'request_id': 'e0d82a2c-d953-4fdf-9f39-9f52ab7d32ca', 'client_host': 'testclient', 'method': 'POST', 'path': '/api/auth/login'}
2026-05-19 10:42:01.383 | WARNING  | app.middleware.logging:dispatch:43 [ACCESS] - HTTP POST /api/auth/login - 401 in 1.0894s | Context: {'request_id': 'e0d82a2c-d953-4fdf-9f39-9f52ab7d32ca', 'client_host': 'testclient', 'method': 'POST', 'path': '/api/auth/login', 'status_code': 401, 'duration': 1.0894}
2026-05-19 10:42:01.397 | INFO     | app.middleware.logging:dispatch:26 [ACCESS] - HTTP POST /api/auth/register - Initiated from testclient | Context: {'request_id': 'b1f33b29-994f-46a4-9532-02afee022f48', 'client_host': 'testclient', 'method': 'POST', 'path': '/api/auth/register'}
2026-05-19 10:42:01.408 | WARNING  | app.middleware.exception_handlers:validation_exception_handler:49 [ACCESS] - Validation failed for request to /api/auth/register: 3 validation errors:
  {'type': 'string_too_short', 'loc': ('body', 'username'), 'msg': 'String should have at least 3 characters', 'input': 'us', 'ctx': {'min_length': 3}}
  {'type': 'missing', 'loc': ('body', 'email'), 'msg': 'Field required', 'input': {'username': 'us', 'password': '123'}}
  {'type': 'string_too_short', 'loc': ('body', 'password'), 'msg': 'String should have at least 6 characters', 'input': '123', 'ctx': {'min_length': 6}}

  File "D:\ps_03\company-intelligence-platform\backend\app\routes\v1\auth_routes.py", line 22, in register
    POST /api/auth/register | Context: {'request_id': 'b1f33b29-994f-46a4-9532-02afee022f48', 'path': '/api/auth/register', 'error_details': [{'field': 'username', 'issue': 'string_too_short', 'message': 'String should have at least 3 characters'}, {'field': 'email', 'issue': 'missing', 'message': 'Field required'}, {'field': 'password', 'issue': 'string_too_short', 'message': 'String should have at least 6 characters'}]}
2026-05-19 10:42:01.412 | WARNING  | app.middleware.logging:dispatch:43 [ACCESS] - HTTP POST /api/auth/register - 422 in 0.0153s | Context: {'request_id': 'b1f33b29-994f-46a4-9532-02afee022f48', 'client_host': 'testclient', 'method': 'POST', 'path': '/api/auth/register', 'status_code': 422, 'duration': 0.0153}
2026-05-19 10:42:01.427 | INFO     | app.middleware.logging:dispatch:26 [ACCESS] - HTTP POST /api/auth/login - Initiated from testclient | Context: {'request_id': '78f61bd8-fe8d-4071-9d49-8b99a3c1ce84', 'client_host': 'testclient', 'method': 'POST', 'path': '/api/auth/login'}
2026-05-19 10:42:01.875 | INFO     | app.middleware.logging:dispatch:45 [ACCESS] - HTTP POST /api/auth/login - 200 in 0.4490s | Context: {'request_id': '78f61bd8-fe8d-4071-9d49-8b99a3c1ce84', 'client_host': 'testclient', 'method': 'POST', 'path': '/api/auth/login', 'status_code': 200, 'duration': 0.449}
2026-05-19 10:42:01.884 | INFO     | app.middleware.logging:dispatch:26 [ACCESS] - HTTP GET /api/students - Initiated from testclient | Context: {'request_id': 'a0278855-06d6-448c-9a5c-6d167016c5fe', 'client_host': 'testclient', 'method': 'GET', 'path': '/api/students'}
2026-05-19 10:42:01.931 | INFO     | app.middleware.logging:dispatch:45 [ACCESS] - HTTP GET /api/students - 200 in 0.0480s | Context: {'request_id': 'a0278855-06d6-448c-9a5c-6d167016c5fe', 'client_host': 'testclient', 'method': 'GET', 'path': '/api/students', 'status_code': 200, 'duration': 0.048}
2026-05-19 10:42:01.940 | INFO     | app.middleware.logging:dispatch:26 [ACCESS] - HTTP POST /api/auth/login - Initiated from testclient | Context: {'request_id': 'aaeadb43-eb6a-40f4-8a3f-7df9c28c08aa', 'client_host': 'testclient', 'method': 'POST', 'path': '/api/auth/login'}
2026-05-19 10:42:02.285 | INFO     | app.middleware.logging:dispatch:45 [ACCESS] - HTTP POST /api/auth/login - 200 in 0.3443s | Context: {'request_id': 'aaeadb43-eb6a-40f4-8a3f-7df9c28c08aa', 'client_host': 'testclient', 'method': 'POST', 'path': '/api/auth/login', 'status_code': 200, 'duration': 0.3443}
2026-05-19 10:42:02.292 | INFO     | app.middleware.logging:dispatch:26 [ACCESS] - HTTP GET /api/students - Initiated from testclient | Context: {'request_id': 'db1e3223-f179-40ba-a8d8-b64701a314c0', 'client_host': 'testclient', 'method': 'GET', 'path': '/api/students'}
2026-05-19 10:42:02.326 | INFO     | app.middleware.logging:dispatch:45 [ACCESS] - HTTP GET /api/students - 200 in 0.0343s | Context: {'request_id': 'db1e3223-f179-40ba-a8d8-b64701a314c0', 'client_host': 'testclient', 'method': 'GET', 'path': '/api/students', 'status_code': 200, 'duration': 0.0343}
2026-05-19 10:42:02.334 | INFO     | app.middleware.logging:dispatch:26 [ACCESS] - HTTP GET /api/students - Initiated from testclient | Context: {'request_id': 'e80cda9b-1925-4a91-b731-0242767eaf16', 'client_host': 'testclient', 'method': 'GET', 'path': '/api/students'}
2026-05-19 10:42:02.387 | INFO     | app.middleware.logging:dispatch:45 [ACCESS] - HTTP GET /api/students - 200 in 0.0529s | Context: {'request_id': 'e80cda9b-1925-4a91-b731-0242767eaf16', 'client_host': 'testclient', 'method': 'GET', 'path': '/api/students', 'status_code': 200, 'duration': 0.0529}
2026-05-19 10:42:02.398 | INFO     | app.middleware.logging:dispatch:26 [ACCESS] - HTTP GET /api/students - Initiated from testclient | Context: {'request_id': 'fd53805d-be2c-477e-8413-1cd16b8a9f5d', 'client_host': 'testclient', 'method': 'GET', 'path': '/api/students'}
2026-05-19 10:42:02.453 | INFO     | app.middleware.logging:dispatch:45 [ACCESS] - HTTP GET /api/students - 200 in 0.0546s | Context: {'request_id': 'fd53805d-be2c-477e-8413-1cd16b8a9f5d', 'client_host': 'testclient', 'method': 'GET', 'path': '/api/students', 'status_code': 200, 'duration': 0.0546}
2026-05-19 10:42:02.466 | INFO     | app.middleware.logging:dispatch:26 [ACCESS] - HTTP GET /api/students - Initiated from testclient | Context: {'request_id': '8bc1c5e6-89bb-4474-b38c-36e039a8dccd', 'client_host': 'testclient', 'method': 'GET', 'path': '/api/students'}
2026-05-19 10:42:02.519 | INFO     | app.middleware.logging:dispatch:45 [ACCESS] - HTTP GET /api/students - 200 in 0.0542s | Context: {'request_id': '8bc1c5e6-89bb-4474-b38c-36e039a8dccd', 'client_host': 'testclient', 'method': 'GET', 'path': '/api/students', 'status_code': 200, 'duration': 0.0542}
2026-05-19 10:42:02.530 | INFO     | app.middleware.logging:dispatch:26 [ACCESS] - HTTP GET /api/students - Initiated from testclient | Context: {'request_id': '3256af79-183f-45b5-8cba-80b027f98e47', 'client_host': 'testclient', 'method': 'GET', 'path': '/api/students'}
2026-05-19 10:42:02.540 | WARNING  | app.middleware.logging:dispatch:43 [ACCESS] - HTTP GET /api/students - 429 in 0.0090s | Context: {'request_id': '3256af79-183f-45b5-8cba-80b027f98e47', 'client_host': 'testclient', 'method': 'GET', 'path': '/api/students', 'status_code': 429, 'duration': 0.009}
2026-05-19 10:42:02.550 | INFO     | app.middleware.logging:dispatch:26 [ACCESS] - HTTP GET /api/remediation/suggestions - Initiated from testclient | Context: {'request_id': '193e73f6-258a-43b3-8d98-31bf4f96ed87', 'client_host': 'testclient', 'method': 'GET', 'path': '/api/remediation/suggestions'}
2026-05-19 10:42:02.564 | INFO     | app.middleware.logging:dispatch:45 [ACCESS] - HTTP GET /api/remediation/suggestions - 200 in 0.0140s | Context: {'request_id': '193e73f6-258a-43b3-8d98-31bf4f96ed87', 'client_host': 'testclient', 'method': 'GET', 'path': '/api/remediation/suggestions', 'status_code': 200, 'duration': 0.014}
2026-05-19 10:42:02.628 | INFO     | app.middleware.logging:dispatch:26 [ACCESS] - HTTP GET /api/remediation/suggestions - Initiated from testclient | Context: {'request_id': 'cf2e43fc-250d-493e-8bb2-6135080430af', 'client_host': 'testclient', 'method': 'GET', 'path': '/api/remediation/suggestions'}
2026-05-19 10:42:02.647 | INFO     | app.middleware.logging:dispatch:45 [ACCESS] - HTTP GET /api/remediation/suggestions - 200 in 0.0194s | Context: {'request_id': 'cf2e43fc-250d-493e-8bb2-6135080430af', 'client_host': 'testclient', 'method': 'GET', 'path': '/api/remediation/suggestions', 'status_code': 200, 'duration': 0.0194}
2026-05-19 10:42:02.659 | INFO     | app.middleware.logging:dispatch:26 [ACCESS] - HTTP POST /api/remediation/suggestion/test-sugg-uuid-999/approve - Initiated from testclient | Context: {'request_id': 'dbc63d5c-4873-4217-afcb-a12bd28dfc9b', 'client_host': 'testclient', 'method': 'POST', 'path': '/api/remediation/suggestion/test-sugg-uuid-999/approve'}
2026-05-19 10:42:02.711 | INFO     | app.middleware.logging:dispatch:45 [ACCESS] - HTTP POST /api/remediation/suggestion/test-sugg-uuid-999/approve - 200 in 0.0526s | Context: {'request_id': 'dbc63d5c-4873-4217-afcb-a12bd28dfc9b', 'client_host': 'testclient', 'method': 'POST', 'path': '/api/remediation/suggestion/test-sugg-uuid-999/approve', 'status_code': 200, 'duration': 0.0526}
2026-05-19 10:42:23.524 | INFO     | app.middleware.logging:dispatch:26 [ACCESS] - HTTP GET / - Initiated from testclient | Context: {'request_id': '84f24023-e79e-4d25-a78a-e943f3e40e7a', 'client_host': 'testclient', 'method': 'GET', 'path': '/'}
2026-05-19 10:42:23.544 | INFO     | app.middleware.logging:dispatch:45 [ACCESS] - HTTP GET / - 200 in 0.0210s | Context: {'request_id': '84f24023-e79e-4d25-a78a-e943f3e40e7a', 'client_host': 'testclient', 'method': 'GET', 'path': '/', 'status_code': 200, 'duration': 0.021}
2026-05-19 10:42:23.556 | INFO     | app.middleware.logging:dispatch:26 [ACCESS] - HTTP GET /api/students - Initiated from testclient | Context: {'request_id': '1382fdb2-dd36-4b9e-886f-cd8415cb9961', 'client_host': 'testclient', 'method': 'GET', 'path': '/api/students'}
2026-05-19 10:42:23.558 | WARNING  | app.middleware.logging:dispatch:43 [ACCESS] - HTTP GET /api/students - 401 in 0.0022s | Context: {'request_id': '1382fdb2-dd36-4b9e-886f-cd8415cb9961', 'client_host': 'testclient', 'method': 'GET', 'path': '/api/students', 'status_code': 401, 'duration': 0.0022}
2026-05-19 10:42:23.573 | INFO     | app.middleware.logging:dispatch:26 [ACCESS] - HTTP POST /api/auth/login - Initiated from testclient | Context: {'request_id': 'dd65442f-57d6-4ac4-8b3a-2b19744eb919', 'client_host': 'testclient', 'method': 'POST', 'path': '/api/auth/login'}
2026-05-19 10:42:24.702 | WARNING  | app.middleware.logging:dispatch:43 [ACCESS] - HTTP POST /api/auth/login - 401 in 1.1297s | Context: {'request_id': 'dd65442f-57d6-4ac4-8b3a-2b19744eb919', 'client_host': 'testclient', 'method': 'POST', 'path': '/api/auth/login', 'status_code': 401, 'duration': 1.1297}
2026-05-19 10:42:24.715 | INFO     | app.middleware.logging:dispatch:26 [ACCESS] - HTTP POST /api/auth/register - Initiated from testclient | Context: {'request_id': 'dc068093-4836-4f7c-87fd-80881b22e22f', 'client_host': 'testclient', 'method': 'POST', 'path': '/api/auth/register'}
2026-05-19 10:42:24.725 | WARNING  | app.middleware.exception_handlers:validation_exception_handler:49 [ACCESS] - Validation failed for request to /api/auth/register: 3 validation errors:
  {'type': 'string_too_short', 'loc': ('body', 'username'), 'msg': 'String should have at least 3 characters', 'input': 'us', 'ctx': {'min_length': 3}}
  {'type': 'missing', 'loc': ('body', 'email'), 'msg': 'Field required', 'input': {'username': 'us', 'password': '123'}}
  {'type': 'string_too_short', 'loc': ('body', 'password'), 'msg': 'String should have at least 6 characters', 'input': '123', 'ctx': {'min_length': 6}}

  File "D:\ps_03\company-intelligence-platform\backend\app\routes\v1\auth_routes.py", line 22, in register
    POST /api/auth/register | Context: {'request_id': 'dc068093-4836-4f7c-87fd-80881b22e22f', 'path': '/api/auth/register', 'error_details': [{'field': 'username', 'issue': 'string_too_short', 'message': 'String should have at least 3 characters'}, {'field': 'email', 'issue': 'missing', 'message': 'Field required'}, {'field': 'password', 'issue': 'string_too_short', 'message': 'String should have at least 6 characters'}]}
2026-05-19 10:42:24.728 | WARNING  | app.middleware.logging:dispatch:43 [ACCESS] - HTTP POST /api/auth/register - 422 in 0.0128s | Context: {'request_id': 'dc068093-4836-4f7c-87fd-80881b22e22f', 'client_host': 'testclient', 'method': 'POST', 'path': '/api/auth/register', 'status_code': 422, 'duration': 0.0128}
2026-05-19 10:42:24.740 | INFO     | app.middleware.logging:dispatch:26 [ACCESS] - HTTP POST /api/auth/login - Initiated from testclient | Context: {'request_id': 'f4aed036-c823-4595-a034-edf2b5eaedff', 'client_host': 'testclient', 'method': 'POST', 'path': '/api/auth/login'}
2026-05-19 10:42:25.202 | INFO     | app.middleware.logging:dispatch:45 [ACCESS] - HTTP POST /api/auth/login - 200 in 0.4613s | Context: {'request_id': 'f4aed036-c823-4595-a034-edf2b5eaedff', 'client_host': 'testclient', 'method': 'POST', 'path': '/api/auth/login', 'status_code': 200, 'duration': 0.4613}
2026-05-19 10:42:25.214 | INFO     | app.middleware.logging:dispatch:26 [ACCESS] - HTTP GET /api/students - Initiated from testclient | Context: {'request_id': '9243b36b-7f73-43a4-b0a4-fa5cc9d3e821', 'client_host': 'testclient', 'method': 'GET', 'path': '/api/students'}
2026-05-19 10:42:25.298 | INFO     | app.middleware.logging:dispatch:45 [ACCESS] - HTTP GET /api/students - 200 in 0.0844s | Context: {'request_id': '9243b36b-7f73-43a4-b0a4-fa5cc9d3e821', 'client_host': 'testclient', 'method': 'GET', 'path': '/api/students', 'status_code': 200, 'duration': 0.0844}
2026-05-19 10:42:25.311 | INFO     | app.middleware.logging:dispatch:26 [ACCESS] - HTTP POST /api/auth/login - Initiated from testclient | Context: {'request_id': 'ba1ce6b1-08d0-4eba-bece-2f146ec3ae31', 'client_host': 'testclient', 'method': 'POST', 'path': '/api/auth/login'}
2026-05-19 10:42:25.711 | INFO     | app.middleware.logging:dispatch:45 [ACCESS] - HTTP POST /api/auth/login - 200 in 0.3999s | Context: {'request_id': 'ba1ce6b1-08d0-4eba-bece-2f146ec3ae31', 'client_host': 'testclient', 'method': 'POST', 'path': '/api/auth/login', 'status_code': 200, 'duration': 0.3999}
2026-05-19 10:42:25.724 | INFO     | app.middleware.logging:dispatch:26 [ACCESS] - HTTP GET /api/students - Initiated from testclient | Context: {'request_id': 'dc2aef40-0735-4088-a9f9-549b5d90f943', 'client_host': 'testclient', 'method': 'GET', 'path': '/api/students'}
2026-05-19 10:42:25.784 | INFO     | app.middleware.logging:dispatch:45 [ACCESS] - HTTP GET /api/students - 200 in 0.0600s | Context: {'request_id': 'dc2aef40-0735-4088-a9f9-549b5d90f943', 'client_host': 'testclient', 'method': 'GET', 'path': '/api/students', 'status_code': 200, 'duration': 0.06}
2026-05-19 10:42:25.796 | INFO     | app.middleware.logging:dispatch:26 [ACCESS] - HTTP GET /api/students - Initiated from testclient | Context: {'request_id': 'edc4ddc8-01a6-44f0-8bb7-25eccd86d1ac', 'client_host': 'testclient', 'method': 'GET', 'path': '/api/students'}
2026-05-19 10:42:25.857 | INFO     | app.middleware.logging:dispatch:45 [ACCESS] - HTTP GET /api/students - 200 in 0.0619s | Context: {'request_id': 'edc4ddc8-01a6-44f0-8bb7-25eccd86d1ac', 'client_host': 'testclient', 'method': 'GET', 'path': '/api/students', 'status_code': 200, 'duration': 0.0619}
2026-05-19 10:42:25.871 | INFO     | app.middleware.logging:dispatch:26 [ACCESS] - HTTP GET /api/students - Initiated from testclient | Context: {'request_id': 'fe025299-ef8e-4d94-a1e2-899ad3ecab8b', 'client_host': 'testclient', 'method': 'GET', 'path': '/api/students'}
2026-05-19 10:42:25.939 | INFO     | app.middleware.logging:dispatch:45 [ACCESS] - HTTP GET /api/students - 200 in 0.0680s | Context: {'request_id': 'fe025299-ef8e-4d94-a1e2-899ad3ecab8b', 'client_host': 'testclient', 'method': 'GET', 'path': '/api/students', 'status_code': 200, 'duration': 0.068}
2026-05-19 10:42:25.950 | INFO     | app.middleware.logging:dispatch:26 [ACCESS] - HTTP GET /api/students - Initiated from testclient | Context: {'request_id': 'b9ec0836-7190-4708-b185-56a42932fe15', 'client_host': 'testclient', 'method': 'GET', 'path': '/api/students'}
2026-05-19 10:42:26.019 | INFO     | app.middleware.logging:dispatch:45 [ACCESS] - HTTP GET /api/students - 200 in 0.0684s | Context: {'request_id': 'b9ec0836-7190-4708-b185-56a42932fe15', 'client_host': 'testclient', 'method': 'GET', 'path': '/api/students', 'status_code': 200, 'duration': 0.0684}
2026-05-19 10:42:26.033 | INFO     | app.middleware.logging:dispatch:26 [ACCESS] - HTTP GET /api/students - Initiated from testclient | Context: {'request_id': '47d12f13-ac39-4965-9a6e-7b7d21702c35', 'client_host': 'testclient', 'method': 'GET', 'path': '/api/students'}
2026-05-19 10:42:26.048 | WARNING  | app.middleware.logging:dispatch:43 [ACCESS] - HTTP GET /api/students - 429 in 0.0152s | Context: {'request_id': '47d12f13-ac39-4965-9a6e-7b7d21702c35', 'client_host': 'testclient', 'method': 'GET', 'path': '/api/students', 'status_code': 429, 'duration': 0.0152}
2026-05-19 10:42:26.067 | INFO     | app.middleware.logging:dispatch:26 [ACCESS] - HTTP GET /api/remediation/suggestions - Initiated from testclient | Context: {'request_id': '526a5d51-06fe-43ec-b374-3b0a42ad7657', 'client_host': 'testclient', 'method': 'GET', 'path': '/api/remediation/suggestions'}
2026-05-19 10:42:26.085 | INFO     | app.middleware.logging:dispatch:45 [ACCESS] - HTTP GET /api/remediation/suggestions - 200 in 0.0182s | Context: {'request_id': '526a5d51-06fe-43ec-b374-3b0a42ad7657', 'client_host': 'testclient', 'method': 'GET', 'path': '/api/remediation/suggestions', 'status_code': 200, 'duration': 0.0182}
2026-05-19 10:42:26.158 | INFO     | app.middleware.logging:dispatch:26 [ACCESS] - HTTP GET /api/remediation/suggestions - Initiated from testclient | Context: {'request_id': '7463433b-8037-42e8-8ff1-222945a0f23c', 'client_host': 'testclient', 'method': 'GET', 'path': '/api/remediation/suggestions'}
2026-05-19 10:42:26.181 | INFO     | app.middleware.logging:dispatch:45 [ACCESS] - HTTP GET /api/remediation/suggestions - 200 in 0.0242s | Context: {'request_id': '7463433b-8037-42e8-8ff1-222945a0f23c', 'client_host': 'testclient', 'method': 'GET', 'path': '/api/remediation/suggestions', 'status_code': 200, 'duration': 0.0242}
2026-05-19 10:42:26.197 | INFO     | app.middleware.logging:dispatch:26 [ACCESS] - HTTP POST /api/remediation/suggestion/test-sugg-uuid-999/approve - Initiated from testclient | Context: {'request_id': '7884496e-e2c7-4a51-8df0-ed8dadfad787', 'client_host': 'testclient', 'method': 'POST', 'path': '/api/remediation/suggestion/test-sugg-uuid-999/approve'}
2026-05-19 10:42:26.267 | INFO     | app.middleware.logging:dispatch:45 [ACCESS] - HTTP POST /api/remediation/suggestion/test-sugg-uuid-999/approve - 200 in 0.0700s | Context: {'request_id': '7884496e-e2c7-4a51-8df0-ed8dadfad787', 'client_host': 'testclient', 'method': 'POST', 'path': '/api/remediation/suggestion/test-sugg-uuid-999/approve', 'status_code': 200, 'duration': 0.07}
2026-05-19 10:42:26.724 | INFO     | app.middleware.logging:dispatch:26 [ACCESS] - HTTP POST /api/auth/login - Initiated from testclient | Context: {'request_id': '3a852927-7829-4966-bb69-1f007dfe7f62', 'client_host': 'testclient', 'method': 'POST', 'path': '/api/auth/login'}
2026-05-19 10:42:27.442 | INFO     | app.middleware.logging:dispatch:45 [ACCESS] - HTTP POST /api/auth/login - 200 in 0.7188s | Context: {'request_id': '3a852927-7829-4966-bb69-1f007dfe7f62', 'client_host': 'testclient', 'method': 'POST', 'path': '/api/auth/login', 'status_code': 200, 'duration': 0.7188}
2026-05-19 10:42:27.457 | INFO     | app.middleware.logging:dispatch:26 [ACCESS] - HTTP GET /api/analytics/dashboard - Initiated from testclient | Context: {'request_id': '9ba1c6b0-4e22-4a44-8a2e-66c13bc3d1a4', 'client_host': 'testclient', 'method': 'GET', 'path': '/api/analytics/dashboard'}
2026-05-19 10:42:27.551 | INFO     | app.middleware.logging:dispatch:45 [ACCESS] - HTTP GET /api/analytics/dashboard - 200 in 0.0943s | Context: {'request_id': '9ba1c6b0-4e22-4a44-8a2e-66c13bc3d1a4', 'client_host': 'testclient', 'method': 'GET', 'path': '/api/analytics/dashboard', 'status_code': 200, 'duration': 0.0943}
2026-05-19 10:54:15.381 | INFO     | app.middleware.logging:dispatch:26 [ACCESS] - HTTP POST /api/research - Initiated from 127.0.0.1 | Context: {'request_id': 'd98c868d-f27c-4f59-94a0-50734043cdf6', 'client_host': '127.0.0.1', 'method': 'POST', 'path': '/api/research'}
2026-05-19 10:54:15.590 | INFO     | app.middleware.logging:dispatch:45 [ACCESS] - HTTP POST /api/research - 200 in 0.2112s | Context: {'request_id': 'd98c868d-f27c-4f59-94a0-50734043cdf6', 'client_host': '127.0.0.1', 'method': 'POST', 'path': '/api/research', 'status_code': 200, 'duration': 0.2112}
2026-05-19 10:54:15.593 | INFO     | logging:callHandlers:1706 [ACCESS] - 127.0.0.1:60926 - "POST /api/research HTTP/1.1" 200
2026-05-19 10:54:15.652 | INFO     | app.middleware.logging:dispatch:26 [ACCESS] - HTTP GET /api/session/b3048691-7950-4d20-b5a4-d354a41867c1/stream - Initiated from 127.0.0.1 | Context: {'request_id': 'c9fcde36-3fe0-464d-9e06-e20d3804fc7b', 'client_host': '127.0.0.1', 'method': 'GET', 'path': '/api/session/b3048691-7950-4d20-b5a4-d354a41867c1/stream'}
2026-05-19 10:54:15.665 | INFO     | app.middleware.logging:dispatch:45 [ACCESS] - HTTP GET /api/session/b3048691-7950-4d20-b5a4-d354a41867c1/stream - 200 in 0.0133s | Context: {'request_id': 'c9fcde36-3fe0-464d-9e06-e20d3804fc7b', 'client_host': '127.0.0.1', 'method': 'GET', 'path': '/api/session/b3048691-7950-4d20-b5a4-d354a41867c1/stream', 'status_code': 200, 'duration': 0.0133}
2026-05-19 10:54:15.672 | INFO     | logging:callHandlers:1706 [ACCESS] - 127.0.0.1:55319 - "GET /api/session/b3048691-7950-4d20-b5a4-d354a41867c1/stream HTTP/1.1" 200
2026-05-19 11:06:53.398 | INFO     | app.middleware.logging:dispatch:26 [ACCESS] - HTTP GET / - Initiated from testclient | Context: {'request_id': '63855d4f-acc1-4b03-8966-eeed294d5ee1', 'client_host': 'testclient', 'method': 'GET', 'path': '/'}
2026-05-19 11:06:53.414 | INFO     | app.middleware.logging:dispatch:45 [ACCESS] - HTTP GET / - 200 in 0.0165s | Context: {'request_id': '63855d4f-acc1-4b03-8966-eeed294d5ee1', 'client_host': 'testclient', 'method': 'GET', 'path': '/', 'status_code': 200, 'duration': 0.0165}
2026-05-19 11:06:53.425 | INFO     | app.middleware.logging:dispatch:26 [ACCESS] - HTTP GET /api/students - Initiated from testclient | Context: {'request_id': 'd1a6a7d5-ddd8-4165-8cb4-d59afb478a97', 'client_host': 'testclient', 'method': 'GET', 'path': '/api/students'}
2026-05-19 11:06:53.427 | WARNING  | app.middleware.logging:dispatch:43 [ACCESS] - HTTP GET /api/students - 401 in 0.0025s | Context: {'request_id': 'd1a6a7d5-ddd8-4165-8cb4-d59afb478a97', 'client_host': 'testclient', 'method': 'GET', 'path': '/api/students', 'status_code': 401, 'duration': 0.0025}
2026-05-19 11:06:53.439 | INFO     | app.middleware.logging:dispatch:26 [ACCESS] - HTTP POST /api/auth/login - Initiated from testclient | Context: {'request_id': '2d901baf-69e5-49fa-b42e-fd861104a4d9', 'client_host': 'testclient', 'method': 'POST', 'path': '/api/auth/login'}
2026-05-19 11:06:54.381 | WARNING  | app.middleware.logging:dispatch:43 [ACCESS] - HTTP POST /api/auth/login - 401 in 0.9429s | Context: {'request_id': '2d901baf-69e5-49fa-b42e-fd861104a4d9', 'client_host': 'testclient', 'method': 'POST', 'path': '/api/auth/login', 'status_code': 401, 'duration': 0.9429}
2026-05-19 11:06:54.402 | INFO     | app.middleware.logging:dispatch:26 [ACCESS] - HTTP POST /api/auth/register - Initiated from testclient | Context: {'request_id': '94db5acb-db37-49ca-b77a-e7ebf5bad6eb', 'client_host': 'testclient', 'method': 'POST', 'path': '/api/auth/register'}
2026-05-19 11:06:54.416 | WARNING  | app.middleware.exception_handlers:validation_exception_handler:49 [ACCESS] - Validation failed for request to /api/auth/register: 3 validation errors:
  {'type': 'string_too_short', 'loc': ('body', 'username'), 'msg': 'String should have at least 3 characters', 'input': 'us', 'ctx': {'min_length': 3}}
  {'type': 'missing', 'loc': ('body', 'email'), 'msg': 'Field required', 'input': {'username': 'us', 'password': '123'}}
  {'type': 'string_too_short', 'loc': ('body', 'password'), 'msg': 'String should have at least 6 characters', 'input': '123', 'ctx': {'min_length': 6}}

  File "D:\ps_03\company-intelligence-platform\backend\app\routes\v1\auth_routes.py", line 22, in register
    POST /api/auth/register | Context: {'request_id': '94db5acb-db37-49ca-b77a-e7ebf5bad6eb', 'path': '/api/auth/register', 'error_details': [{'field': 'username', 'issue': 'string_too_short', 'message': 'String should have at least 3 characters'}, {'field': 'email', 'issue': 'missing', 'message': 'Field required'}, {'field': 'password', 'issue': 'string_too_short', 'message': 'String should have at least 6 characters'}]}
2026-05-19 11:06:54.420 | WARNING  | app.middleware.logging:dispatch:43 [ACCESS] - HTTP POST /api/auth/register - 422 in 0.0183s | Context: {'request_id': '94db5acb-db37-49ca-b77a-e7ebf5bad6eb', 'client_host': 'testclient', 'method': 'POST', 'path': '/api/auth/register', 'status_code': 422, 'duration': 0.0183}
2026-05-19 11:06:54.439 | INFO     | app.middleware.logging:dispatch:26 [ACCESS] - HTTP POST /api/auth/login - Initiated from testclient | Context: {'request_id': '14e6a8f9-9ed1-42cd-bd1d-ec053185d6ca', 'client_host': 'testclient', 'method': 'POST', 'path': '/api/auth/login'}
2026-05-19 11:06:54.952 | INFO     | app.middleware.logging:dispatch:45 [ACCESS] - HTTP POST /api/auth/login - 200 in 0.5138s | Context: {'request_id': '14e6a8f9-9ed1-42cd-bd1d-ec053185d6ca', 'client_host': 'testclient', 'method': 'POST', 'path': '/api/auth/login', 'status_code': 200, 'duration': 0.5138}
2026-05-19 11:06:54.965 | INFO     | app.middleware.logging:dispatch:26 [ACCESS] - HTTP GET /api/students - Initiated from testclient | Context: {'request_id': 'c18376b4-f20e-44ce-a5b5-fe51f02d8d95', 'client_host': 'testclient', 'method': 'GET', 'path': '/api/students'}
2026-05-19 11:06:55.067 | INFO     | app.middleware.logging:dispatch:45 [ACCESS] - HTTP GET /api/students - 200 in 0.1015s | Context: {'request_id': 'c18376b4-f20e-44ce-a5b5-fe51f02d8d95', 'client_host': 'testclient', 'method': 'GET', 'path': '/api/students', 'status_code': 200, 'duration': 0.1015}
2026-05-19 11:06:55.085 | INFO     | app.middleware.logging:dispatch:26 [ACCESS] - HTTP POST /api/auth/login - Initiated from testclient | Context: {'request_id': '3e90bdd9-9527-4256-98d5-c092228c234c', 'client_host': 'testclient', 'method': 'POST', 'path': '/api/auth/login'}
2026-05-19 11:06:55.517 | INFO     | app.middleware.logging:dispatch:45 [ACCESS] - HTTP POST /api/auth/login - 200 in 0.4326s | Context: {'request_id': '3e90bdd9-9527-4256-98d5-c092228c234c', 'client_host': 'testclient', 'method': 'POST', 'path': '/api/auth/login', 'status_code': 200, 'duration': 0.4326}
2026-05-19 11:06:55.530 | INFO     | app.middleware.logging:dispatch:26 [ACCESS] - HTTP GET /api/students - Initiated from testclient | Context: {'request_id': 'a9575e89-71e1-49ce-83fd-95c02aebe91e', 'client_host': 'testclient', 'method': 'GET', 'path': '/api/students'}
2026-05-19 11:06:55.596 | INFO     | app.middleware.logging:dispatch:45 [ACCESS] - HTTP GET /api/students - 200 in 0.0672s | Context: {'request_id': 'a9575e89-71e1-49ce-83fd-95c02aebe91e', 'client_host': 'testclient', 'method': 'GET', 'path': '/api/students', 'status_code': 200, 'duration': 0.0672}
2026-05-19 11:06:55.612 | INFO     | app.middleware.logging:dispatch:26 [ACCESS] - HTTP GET /api/students - Initiated from testclient | Context: {'request_id': '95aaad62-9506-44fd-9348-9768b47a5e4d', 'client_host': 'testclient', 'method': 'GET', 'path': '/api/students'}
2026-05-19 11:06:55.680 | INFO     | app.middleware.logging:dispatch:45 [ACCESS] - HTTP GET /api/students - 200 in 0.0693s | Context: {'request_id': '95aaad62-9506-44fd-9348-9768b47a5e4d', 'client_host': 'testclient', 'method': 'GET', 'path': '/api/students', 'status_code': 200, 'duration': 0.0693}
2026-05-19 11:06:55.694 | INFO     | app.middleware.logging:dispatch:26 [ACCESS] - HTTP GET /api/students - Initiated from testclient | Context: {'request_id': 'd836b1d1-c90c-4e20-8659-d714caf00608', 'client_host': 'testclient', 'method': 'GET', 'path': '/api/students'}
2026-05-19 11:06:55.760 | INFO     | app.middleware.logging:dispatch:45 [ACCESS] - HTTP GET /api/students - 200 in 0.0666s | Context: {'request_id': 'd836b1d1-c90c-4e20-8659-d714caf00608', 'client_host': 'testclient', 'method': 'GET', 'path': '/api/students', 'status_code': 200, 'duration': 0.0666}
2026-05-19 11:06:55.774 | INFO     | app.middleware.logging:dispatch:26 [ACCESS] - HTTP GET /api/students - Initiated from testclient | Context: {'request_id': '3f673e58-d117-4675-8402-613925fd393a', 'client_host': 'testclient', 'method': 'GET', 'path': '/api/students'}
2026-05-19 11:06:55.833 | INFO     | app.middleware.logging:dispatch:45 [ACCESS] - HTTP GET /api/students - 200 in 0.0600s | Context: {'request_id': '3f673e58-d117-4675-8402-613925fd393a', 'client_host': 'testclient', 'method': 'GET', 'path': '/api/students', 'status_code': 200, 'duration': 0.06}
2026-05-19 11:06:55.845 | INFO     | app.middleware.logging:dispatch:26 [ACCESS] - HTTP GET /api/students - Initiated from testclient | Context: {'request_id': '0bd13f9f-f98d-4c8c-8439-579b1d71918a', 'client_host': 'testclient', 'method': 'GET', 'path': '/api/students'}
2026-05-19 11:06:55.858 | WARNING  | app.middleware.logging:dispatch:43 [ACCESS] - HTTP GET /api/students - 429 in 0.0126s | Context: {'request_id': '0bd13f9f-f98d-4c8c-8439-579b1d71918a', 'client_host': 'testclient', 'method': 'GET', 'path': '/api/students', 'status_code': 429, 'duration': 0.0126}
2026-05-19 11:06:55.873 | INFO     | app.middleware.logging:dispatch:26 [ACCESS] - HTTP GET /api/remediation/suggestions - Initiated from testclient | Context: {'request_id': '213d5aef-89e3-47f1-8ddf-2c7c6728a23a', 'client_host': 'testclient', 'method': 'GET', 'path': '/api/remediation/suggestions'}
2026-05-19 11:06:55.888 | INFO     | app.middleware.logging:dispatch:45 [ACCESS] - HTTP GET /api/remediation/suggestions - 200 in 0.0153s | Context: {'request_id': '213d5aef-89e3-47f1-8ddf-2c7c6728a23a', 'client_host': 'testclient', 'method': 'GET', 'path': '/api/remediation/suggestions', 'status_code': 200, 'duration': 0.0153}
2026-05-19 11:06:56.066 | INFO     | app.middleware.logging:dispatch:26 [ACCESS] - HTTP GET /api/remediation/suggestions - Initiated from testclient | Context: {'request_id': 'ca06cf89-e910-4e2d-bf8c-f90d0b798e96', 'client_host': 'testclient', 'method': 'GET', 'path': '/api/remediation/suggestions'}
2026-05-19 11:06:56.085 | INFO     | app.middleware.logging:dispatch:45 [ACCESS] - HTTP GET /api/remediation/suggestions - 200 in 0.0197s | Context: {'request_id': 'ca06cf89-e910-4e2d-bf8c-f90d0b798e96', 'client_host': 'testclient', 'method': 'GET', 'path': '/api/remediation/suggestions', 'status_code': 200, 'duration': 0.0197}
2026-05-19 11:06:56.096 | INFO     | app.middleware.logging:dispatch:26 [ACCESS] - HTTP POST /api/remediation/suggestion/test-sugg-uuid-999/approve - Initiated from testclient | Context: {'request_id': 'd9b36fb1-3625-47fd-b248-7a687c76b449', 'client_host': 'testclient', 'method': 'POST', 'path': '/api/remediation/suggestion/test-sugg-uuid-999/approve'}
2026-05-19 11:06:56.146 | INFO     | app.middleware.logging:dispatch:45 [ACCESS] - HTTP POST /api/remediation/suggestion/test-sugg-uuid-999/approve - 200 in 0.0499s | Context: {'request_id': 'd9b36fb1-3625-47fd-b248-7a687c76b449', 'client_host': 'testclient', 'method': 'POST', 'path': '/api/remediation/suggestion/test-sugg-uuid-999/approve', 'status_code': 200, 'duration': 0.0499}
2026-05-19 11:06:56.656 | INFO     | app.middleware.logging:dispatch:26 [ACCESS] - HTTP POST /api/auth/login - Initiated from testclient | Context: {'request_id': 'b41380ff-87a4-476f-8a1f-f48475c8a521', 'client_host': 'testclient', 'method': 'POST', 'path': '/api/auth/login'}
2026-05-19 11:06:57.097 | INFO     | app.middleware.logging:dispatch:45 [ACCESS] - HTTP POST /api/auth/login - 200 in 0.4420s | Context: {'request_id': 'b41380ff-87a4-476f-8a1f-f48475c8a521', 'client_host': 'testclient', 'method': 'POST', 'path': '/api/auth/login', 'status_code': 200, 'duration': 0.442}
2026-05-19 11:06:57.106 | INFO     | app.middleware.logging:dispatch:26 [ACCESS] - HTTP GET /api/analytics/dashboard - Initiated from testclient | Context: {'request_id': 'd91df01f-e048-41fa-b006-3c5839aa13da', 'client_host': 'testclient', 'method': 'GET', 'path': '/api/analytics/dashboard'}
2026-05-19 11:06:57.171 | INFO     | app.middleware.logging:dispatch:45 [ACCESS] - HTTP GET /api/analytics/dashboard - 200 in 0.0651s | Context: {'request_id': 'd91df01f-e048-41fa-b006-3c5839aa13da', 'client_host': 'testclient', 'method': 'GET', 'path': '/api/analytics/dashboard', 'status_code': 200, 'duration': 0.0651}
2026-05-19 11:07:07.234 | INFO     | app.middleware.logging:dispatch:26 [ACCESS] - HTTP GET /api/v1/ - Initiated from testclient | Context: {'request_id': 'f3d8b61f-6fdb-449a-b1ac-a27997277c35', 'client_host': 'testclient', 'method': 'GET', 'path': '/api/v1/'}
2026-05-19 11:07:07.252 | INFO     | app.middleware.logging:dispatch:45 [ACCESS] - HTTP GET /api/v1/ - 200 in 0.0185s | Context: {'request_id': 'f3d8b61f-6fdb-449a-b1ac-a27997277c35', 'client_host': 'testclient', 'method': 'GET', 'path': '/api/v1/', 'status_code': 200, 'duration': 0.0185}
2026-05-19 11:07:07.263 | INFO     | app.middleware.logging:dispatch:26 [ACCESS] - HTTP GET /api/v1/students - Initiated from testclient | Context: {'request_id': '2c9156b0-a16c-44a1-9bdc-1a9b8eae0d14', 'client_host': 'testclient', 'method': 'GET', 'path': '/api/v1/students'}
2026-05-19 11:07:07.264 | WARNING  | app.middleware.logging:dispatch:43 [ACCESS] - HTTP GET /api/v1/students - 401 in 0.0010s | Context: {'request_id': '2c9156b0-a16c-44a1-9bdc-1a9b8eae0d14', 'client_host': 'testclient', 'method': 'GET', 'path': '/api/v1/students', 'status_code': 401, 'duration': 0.001}
2026-05-19 11:07:07.276 | INFO     | app.middleware.logging:dispatch:26 [ACCESS] - HTTP POST /api/v1/auth/login - Initiated from testclient | Context: {'request_id': 'e224a507-01d6-4300-ba46-f6abf83d5552', 'client_host': 'testclient', 'method': 'POST', 'path': '/api/v1/auth/login'}
2026-05-19 11:07:08.413 | WARNING  | app.middleware.logging:dispatch:43 [ACCESS] - HTTP POST /api/v1/auth/login - 401 in 1.1380s | Context: {'request_id': 'e224a507-01d6-4300-ba46-f6abf83d5552', 'client_host': 'testclient', 'method': 'POST', 'path': '/api/v1/auth/login', 'status_code': 401, 'duration': 1.138}
2026-05-19 11:07:08.436 | INFO     | app.middleware.logging:dispatch:26 [ACCESS] - HTTP POST /api/v1/auth/register - Initiated from testclient | Context: {'request_id': 'dc2b252a-9b6a-4e87-a4e3-6d6cdc5d47f0', 'client_host': 'testclient', 'method': 'POST', 'path': '/api/v1/auth/register'}
2026-05-19 11:07:08.452 | WARNING  | app.middleware.exception_handlers:validation_exception_handler:49 [ACCESS] - Validation failed for request to /api/v1/auth/register: 3 validation errors:
  {'type': 'string_too_short', 'loc': ('body', 'username'), 'msg': 'String should have at least 3 characters', 'input': 'us', 'ctx': {'min_length': 3}}
  {'type': 'missing', 'loc': ('body', 'email'), 'msg': 'Field required', 'input': {'username': 'us', 'password': '123'}}
  {'type': 'string_too_short', 'loc': ('body', 'password'), 'msg': 'String should have at least 6 characters', 'input': '123', 'ctx': {'min_length': 6}}

  File "D:\ps_03\company-intelligence-platform\backend\app\routes\v1\auth_routes.py", line 22, in register
    POST /api/v1/auth/register | Context: {'request_id': 'dc2b252a-9b6a-4e87-a4e3-6d6cdc5d47f0', 'path': '/api/v1/auth/register', 'error_details': [{'field': 'username', 'issue': 'string_too_short', 'message': 'String should have at least 3 characters'}, {'field': 'email', 'issue': 'missing', 'message': 'Field required'}, {'field': 'password', 'issue': 'string_too_short', 'message': 'String should have at least 6 characters'}]}
2026-05-19 11:07:08.456 | WARNING  | app.middleware.logging:dispatch:43 [ACCESS] - HTTP POST /api/v1/auth/register - 422 in 0.0205s | Context: {'request_id': 'dc2b252a-9b6a-4e87-a4e3-6d6cdc5d47f0', 'client_host': 'testclient', 'method': 'POST', 'path': '/api/v1/auth/register', 'status_code': 422, 'duration': 0.0205}
2026-05-19 11:07:08.475 | INFO     | app.middleware.logging:dispatch:26 [ACCESS] - HTTP POST /api/v1/auth/login - Initiated from testclient | Context: {'request_id': '0c933998-fc72-43bf-8b9b-42798cd9c392', 'client_host': 'testclient', 'method': 'POST', 'path': '/api/v1/auth/login'}
2026-05-19 11:07:09.029 | INFO     | app.middleware.logging:dispatch:45 [ACCESS] - HTTP POST /api/v1/auth/login - 200 in 0.5554s | Context: {'request_id': '0c933998-fc72-43bf-8b9b-42798cd9c392', 'client_host': 'testclient', 'method': 'POST', 'path': '/api/v1/auth/login', 'status_code': 200, 'duration': 0.5554}
2026-05-19 11:07:09.045 | INFO     | app.middleware.logging:dispatch:26 [ACCESS] - HTTP GET /api/v1/students - Initiated from testclient | Context: {'request_id': '832ed3d6-4e68-44bf-8704-2004afce3f67', 'client_host': 'testclient', 'method': 'GET', 'path': '/api/v1/students'}
2026-05-19 11:07:09.240 | INFO     | app.middleware.logging:dispatch:45 [ACCESS] - HTTP GET /api/v1/students - 200 in 0.1957s | Context: {'request_id': '832ed3d6-4e68-44bf-8704-2004afce3f67', 'client_host': 'testclient', 'method': 'GET', 'path': '/api/v1/students', 'status_code': 200, 'duration': 0.1957}
2026-05-19 11:07:09.253 | INFO     | app.middleware.logging:dispatch:26 [ACCESS] - HTTP POST /api/v1/auth/login - Initiated from testclient | Context: {'request_id': '7d097529-9d43-4c7f-bdb6-9a69b22cde39', 'client_host': 'testclient', 'method': 'POST', 'path': '/api/v1/auth/login'}
2026-05-19 11:07:09.687 | INFO     | app.middleware.logging:dispatch:45 [ACCESS] - HTTP POST /api/v1/auth/login - 200 in 0.4345s | Context: {'request_id': '7d097529-9d43-4c7f-bdb6-9a69b22cde39', 'client_host': 'testclient', 'method': 'POST', 'path': '/api/v1/auth/login', 'status_code': 200, 'duration': 0.4345}
2026-05-19 11:07:09.699 | INFO     | app.middleware.logging:dispatch:26 [ACCESS] - HTTP GET /api/v1/students - Initiated from testclient | Context: {'request_id': 'bc3282cd-4c87-43bf-9f59-aacdd898117c', 'client_host': 'testclient', 'method': 'GET', 'path': '/api/v1/students'}
2026-05-19 11:07:09.749 | INFO     | app.middleware.logging:dispatch:45 [ACCESS] - HTTP GET /api/v1/students - 200 in 0.0503s | Context: {'request_id': 'bc3282cd-4c87-43bf-9f59-aacdd898117c', 'client_host': 'testclient', 'method': 'GET', 'path': '/api/v1/students', 'status_code': 200, 'duration': 0.0503}
2026-05-19 11:07:09.760 | INFO     | app.middleware.logging:dispatch:26 [ACCESS] - HTTP GET /api/v1/students - Initiated from testclient | Context: {'request_id': '25a68e6b-6c87-436d-befc-028b339e9e81', 'client_host': 'testclient', 'method': 'GET', 'path': '/api/v1/students'}
2026-05-19 11:07:09.818 | INFO     | app.middleware.logging:dispatch:45 [ACCESS] - HTTP GET /api/v1/students - 200 in 0.0591s | Context: {'request_id': '25a68e6b-6c87-436d-befc-028b339e9e81', 'client_host': 'testclient', 'method': 'GET', 'path': '/api/v1/students', 'status_code': 200, 'duration': 0.0591}
2026-05-19 11:07:09.829 | INFO     | app.middleware.logging:dispatch:26 [ACCESS] - HTTP GET /api/v1/students - Initiated from testclient | Context: {'request_id': '0bc3184a-a190-4219-8416-76db693b9467', 'client_host': 'testclient', 'method': 'GET', 'path': '/api/v1/students'}
2026-05-19 11:07:09.893 | INFO     | app.middleware.logging:dispatch:45 [ACCESS] - HTTP GET /api/v1/students - 200 in 0.0639s | Context: {'request_id': '0bc3184a-a190-4219-8416-76db693b9467', 'client_host': 'testclient', 'method': 'GET', 'path': '/api/v1/students', 'status_code': 200, 'duration': 0.0639}
2026-05-19 11:07:09.904 | INFO     | app.middleware.logging:dispatch:26 [ACCESS] - HTTP GET /api/v1/students - Initiated from testclient | Context: {'request_id': 'd5553976-7682-449a-b31f-2f7fa103d961', 'client_host': 'testclient', 'method': 'GET', 'path': '/api/v1/students'}
2026-05-19 11:07:09.966 | INFO     | app.middleware.logging:dispatch:45 [ACCESS] - HTTP GET /api/v1/students - 200 in 0.0621s | Context: {'request_id': 'd5553976-7682-449a-b31f-2f7fa103d961', 'client_host': 'testclient', 'method': 'GET', 'path': '/api/v1/students', 'status_code': 200, 'duration': 0.0621}
2026-05-19 11:07:09.980 | INFO     | app.middleware.logging:dispatch:26 [ACCESS] - HTTP GET /api/v1/students - Initiated from testclient | Context: {'request_id': '704fd4b2-7696-4154-b46a-a1abb1d594ed', 'client_host': 'testclient', 'method': 'GET', 'path': '/api/v1/students'}
2026-05-19 11:07:09.993 | WARNING  | app.middleware.logging:dispatch:43 [ACCESS] - HTTP GET /api/v1/students - 429 in 0.0139s | Context: {'request_id': '704fd4b2-7696-4154-b46a-a1abb1d594ed', 'client_host': 'testclient', 'method': 'GET', 'path': '/api/v1/students', 'status_code': 429, 'duration': 0.0139}
2026-05-19 11:07:10.009 | INFO     | app.middleware.logging:dispatch:26 [ACCESS] - HTTP GET /api/v1/remediation/suggestions - Initiated from testclient | Context: {'request_id': '34a1a4fe-09aa-458f-8b5e-de61d933b365', 'client_host': 'testclient', 'method': 'GET', 'path': '/api/v1/remediation/suggestions'}
2026-05-19 11:07:10.030 | INFO     | app.middleware.logging:dispatch:45 [ACCESS] - HTTP GET /api/v1/remediation/suggestions - 200 in 0.0216s | Context: {'request_id': '34a1a4fe-09aa-458f-8b5e-de61d933b365', 'client_host': 'testclient', 'method': 'GET', 'path': '/api/v1/remediation/suggestions', 'status_code': 200, 'duration': 0.0216}
2026-05-19 11:07:10.105 | INFO     | app.middleware.logging:dispatch:26 [ACCESS] - HTTP GET /api/v1/remediation/suggestions - Initiated from testclient | Context: {'request_id': '16a75fcf-d26a-41e2-be03-2306eb43a24d', 'client_host': 'testclient', 'method': 'GET', 'path': '/api/v1/remediation/suggestions'}
2026-05-19 11:07:10.127 | INFO     | app.middleware.logging:dispatch:45 [ACCESS] - HTTP GET /api/v1/remediation/suggestions - 200 in 0.0220s | Context: {'request_id': '16a75fcf-d26a-41e2-be03-2306eb43a24d', 'client_host': 'testclient', 'method': 'GET', 'path': '/api/v1/remediation/suggestions', 'status_code': 200, 'duration': 0.022}
2026-05-19 11:07:10.139 | INFO     | app.middleware.logging:dispatch:26 [ACCESS] - HTTP POST /api/v1/remediation/suggestion/test-sugg-uuid-999/approve - Initiated from testclient | Context: {'request_id': 'c9b74a5f-357c-426b-ba63-97205b47399c', 'client_host': 'testclient', 'method': 'POST', 'path': '/api/v1/remediation/suggestion/test-sugg-uuid-999/approve'}
2026-05-19 11:07:10.209 | INFO     | app.middleware.logging:dispatch:45 [ACCESS] - HTTP POST /api/v1/remediation/suggestion/test-sugg-uuid-999/approve - 200 in 0.0698s | Context: {'request_id': 'c9b74a5f-357c-426b-ba63-97205b47399c', 'client_host': 'testclient', 'method': 'POST', 'path': '/api/v1/remediation/suggestion/test-sugg-uuid-999/approve', 'status_code': 200, 'duration': 0.0698}
2026-05-19 11:07:10.738 | INFO     | app.middleware.logging:dispatch:26 [ACCESS] - HTTP POST /api/v1/auth/login - Initiated from testclient | Context: {'request_id': '2c88ad4f-a193-43fd-b389-6e26b1978fb0', 'client_host': 'testclient', 'method': 'POST', 'path': '/api/v1/auth/login'}
2026-05-19 11:07:11.518 | INFO     | app.middleware.logging:dispatch:45 [ACCESS] - HTTP POST /api/v1/auth/login - 200 in 0.7787s | Context: {'request_id': '2c88ad4f-a193-43fd-b389-6e26b1978fb0', 'client_host': 'testclient', 'method': 'POST', 'path': '/api/v1/auth/login', 'status_code': 200, 'duration': 0.7787}
2026-05-19 11:07:11.533 | INFO     | app.middleware.logging:dispatch:26 [ACCESS] - HTTP GET /api/v1/analytics/dashboard - Initiated from testclient | Context: {'request_id': '5190464e-4556-4d90-9659-2b66a65a3957', 'client_host': 'testclient', 'method': 'GET', 'path': '/api/v1/analytics/dashboard'}
2026-05-19 11:07:11.631 | INFO     | app.middleware.logging:dispatch:45 [ACCESS] - HTTP GET /api/v1/analytics/dashboard - 200 in 0.0983s | Context: {'request_id': '5190464e-4556-4d90-9659-2b66a65a3957', 'client_host': 'testclient', 'method': 'GET', 'path': '/api/v1/analytics/dashboard', 'status_code': 200, 'duration': 0.0983}
2026-05-19 11:10:16.411 | INFO     | app.middleware.logging:dispatch:26 [ACCESS] - HTTP GET /placement-agent/config_schema - Initiated from testclient | Context: {'request_id': 'cc156b16-704e-4889-b5bf-375c7098e6fe', 'client_host': 'testclient', 'method': 'GET', 'path': '/placement-agent/config_schema'}
2026-05-19 11:10:16.444 | INFO     | app.middleware.logging:dispatch:45 [ACCESS] - HTTP GET /placement-agent/config_schema - 200 in 0.0336s | Context: {'request_id': 'cc156b16-704e-4889-b5bf-375c7098e6fe', 'client_host': 'testclient', 'method': 'GET', 'path': '/placement-agent/config_schema', 'status_code': 200, 'duration': 0.0336}
2026-05-19 11:10:16.455 | INFO     | app.middleware.logging:dispatch:26 [ACCESS] - HTTP POST /placement-agent/invoke - Initiated from testclient | Context: {'request_id': '2016a2b4-6641-450a-be3a-9226ea2f7579', 'client_host': 'testclient', 'method': 'POST', 'path': '/placement-agent/invoke'}
2026-05-19 11:10:16.815 | INFO     | app.middleware.logging:dispatch:45 [ACCESS] - HTTP POST /placement-agent/invoke - 200 in 0.3606s | Context: {'request_id': '2016a2b4-6641-450a-be3a-9226ea2f7579', 'client_host': 'testclient', 'method': 'POST', 'path': '/placement-agent/invoke', 'status_code': 200, 'duration': 0.3606}
2026-05-19 11:10:16.830 | INFO     | app.middleware.logging:dispatch:26 [ACCESS] - HTTP POST /placement-agent/invoke - Initiated from testclient | Context: {'request_id': 'eacc3c67-e80c-45f6-ac50-d2b74bf7754a', 'client_host': 'testclient', 'method': 'POST', 'path': '/placement-agent/invoke'}
2026-05-19 11:10:16.876 | INFO     | app.middleware.logging:dispatch:45 [ACCESS] - HTTP POST /placement-agent/invoke - 200 in 0.0461s | Context: {'request_id': 'eacc3c67-e80c-45f6-ac50-d2b74bf7754a', 'client_host': 'testclient', 'method': 'POST', 'path': '/placement-agent/invoke', 'status_code': 200, 'duration': 0.0461}
2026-05-19 11:10:17.649 | INFO     | app.middleware.logging:dispatch:26 [ACCESS] - HTTP GET /api/session/test_session/parameters - Initiated from testclient | Context: {'request_id': '67711bbf-98f4-4a92-aae3-22949195e298', 'client_host': 'testclient', 'method': 'GET', 'path': '/api/session/test_session/parameters'}
2026-05-19 11:10:18.764 | WARNING  | app.middleware.exception_handlers:http_exception_handler:87 [ACCESS] - HTTP exception 404 raised on /api/session/test_session/parameters: No data in staging_company | Context: {'request_id': '67711bbf-98f4-4a92-aae3-22949195e298', 'status_code': 404, 'path': '/api/session/test_session/parameters'}
2026-05-19 11:10:18.766 | WARNING  | app.middleware.logging:dispatch:43 [ACCESS] - HTTP GET /api/session/test_session/parameters - 404 in 1.1171s | Context: {'request_id': '67711bbf-98f4-4a92-aae3-22949195e298', 'client_host': 'testclient', 'method': 'GET', 'path': '/api/session/test_session/parameters', 'status_code': 404, 'duration': 1.1171}
2026-05-20 14:10:50.176 | INFO     | app.middleware.logging:dispatch:26 [ACCESS] - HTTP GET /health - Initiated from 127.0.0.1 | Context: {'request_id': '3982b3bd-a7d7-4131-a553-3fc7854440ea', 'client_host': '127.0.0.1', 'method': 'GET', 'path': '/health'}
2026-05-20 14:10:51.735 | INFO     | app.middleware.logging:dispatch:45 [ACCESS] - HTTP GET /health - 200 in 1.5604s | Context: {'request_id': '3982b3bd-a7d7-4131-a553-3fc7854440ea', 'client_host': '127.0.0.1', 'method': 'GET', 'path': '/health', 'status_code': 200, 'duration': 1.5604}
2026-05-20 14:10:51.741 | INFO     | logging:callHandlers:1706 [ACCESS] - 127.0.0.1:60210 - "GET /health HTTP/1.1" 200
2026-05-20 14:10:53.225 | INFO     | app.middleware.logging:dispatch:26 [ACCESS] - HTTP GET /docs - Initiated from 127.0.0.1 | Context: {'request_id': 'ae19572c-b66a-43c0-9ea2-ebe059676048', 'client_host': '127.0.0.1', 'method': 'GET', 'path': '/docs'}
2026-05-20 14:10:53.231 | INFO     | app.middleware.logging:dispatch:45 [ACCESS] - HTTP GET /docs - 200 in 0.0077s | Context: {'request_id': 'ae19572c-b66a-43c0-9ea2-ebe059676048', 'client_host': '127.0.0.1', 'method': 'GET', 'path': '/docs', 'status_code': 200, 'duration': 0.0077}
2026-05-20 14:10:53.235 | INFO     | logging:callHandlers:1706 [ACCESS] - 127.0.0.1:60215 - "GET /docs HTTP/1.1" 200
2026-05-20 14:14:41.121 | INFO     | app.middleware.logging:dispatch:26 [ACCESS] - HTTP GET /health - Initiated from 127.0.0.1 | Context: {'request_id': 'adbf07b7-bdb5-4ac1-956b-2c0fb2f3d993', 'client_host': '127.0.0.1', 'method': 'GET', 'path': '/health'}
2026-05-20 14:14:42.797 | INFO     | app.middleware.logging:dispatch:45 [ACCESS] - HTTP GET /health - 200 in 1.6800s | Context: {'request_id': 'adbf07b7-bdb5-4ac1-956b-2c0fb2f3d993', 'client_host': '127.0.0.1', 'method': 'GET', 'path': '/health', 'status_code': 200, 'duration': 1.68}
2026-05-20 14:14:42.803 | INFO     | logging:callHandlers:1706 [ACCESS] - 127.0.0.1:49251 - "GET /health HTTP/1.1" 200
2026-05-20 14:14:43.550 | INFO     | app.middleware.logging:dispatch:26 [ACCESS] - HTTP GET /docs - Initiated from 127.0.0.1 | Context: {'request_id': '333809ad-c5ef-47aa-b3da-0d7cb84016e3', 'client_host': '127.0.0.1', 'method': 'GET', 'path': '/docs'}
2026-05-20 14:14:43.561 | INFO     | app.middleware.logging:dispatch:45 [ACCESS] - HTTP GET /docs - 200 in 0.0114s | Context: {'request_id': '333809ad-c5ef-47aa-b3da-0d7cb84016e3', 'client_host': '127.0.0.1', 'method': 'GET', 'path': '/docs', 'status_code': 200, 'duration': 0.0114}
2026-05-20 14:14:43.564 | INFO     | logging:callHandlers:1706 [ACCESS] - 127.0.0.1:49256 - "GET /docs HTTP/1.1" 200
2026-05-20 14:14:44.657 | INFO     | app.middleware.logging:dispatch:26 [ACCESS] - HTTP GET /api/v1/research/companies - Initiated from 127.0.0.1 | Context: {'request_id': 'aaa328e4-4e49-47dc-b025-2a94eceaa5b8', 'client_host': '127.0.0.1', 'method': 'GET', 'path': '/api/v1/research/companies'}
2026-05-20 14:14:44.665 | WARNING  | app.middleware.logging:dispatch:43 [ACCESS] - HTTP GET /api/v1/research/companies - 404 in 0.0090s | Context: {'request_id': 'aaa328e4-4e49-47dc-b025-2a94eceaa5b8', 'client_host': '127.0.0.1', 'method': 'GET', 'path': '/api/v1/research/companies', 'status_code': 404, 'duration': 0.009}
2026-05-20 14:14:44.672 | INFO     | logging:callHandlers:1706 [ACCESS] - 127.0.0.1:49259 - "GET /api/v1/research/companies HTTP/1.1" 404
2026-05-20 14:17:51.138 | INFO     | app.middleware.logging:dispatch:26 [ACCESS] - HTTP POST /api/research - Initiated from 127.0.0.1 | Context: {'request_id': 'db10d72a-039f-400a-8005-acabd6b7b6f9', 'client_host': '127.0.0.1', 'method': 'POST', 'path': '/api/research'}
2026-05-20 14:17:51.625 | INFO     | app.middleware.logging:dispatch:45 [ACCESS] - HTTP POST /api/research - 200 in 0.4879s | Context: {'request_id': 'db10d72a-039f-400a-8005-acabd6b7b6f9', 'client_host': '127.0.0.1', 'method': 'POST', 'path': '/api/research', 'status_code': 200, 'duration': 0.4879}
2026-05-20 14:17:51.632 | INFO     | logging:callHandlers:1706 [ACCESS] - 127.0.0.1:57395 - "POST /api/research HTTP/1.1" 200
2026-05-20 14:17:51.713 | INFO     | app.middleware.logging:dispatch:26 [ACCESS] - HTTP GET /api/session/b1a7d93e-0bae-43b4-bbab-910719bad3ab/stream - Initiated from 127.0.0.1 | Context: {'request_id': '42acd90e-6937-462a-8131-bdd07321babc', 'client_host': '127.0.0.1', 'method': 'GET', 'path': '/api/session/b1a7d93e-0bae-43b4-bbab-910719bad3ab/stream'}
2026-05-20 14:17:51.737 | INFO     | app.middleware.logging:dispatch:45 [ACCESS] - HTTP GET /api/session/b1a7d93e-0bae-43b4-bbab-910719bad3ab/stream - 200 in 0.0262s | Context: {'request_id': '42acd90e-6937-462a-8131-bdd07321babc', 'client_host': '127.0.0.1', 'method': 'GET', 'path': '/api/session/b1a7d93e-0bae-43b4-bbab-910719bad3ab/stream', 'status_code': 200, 'duration': 0.0262}
2026-05-20 14:17:51.747 | INFO     | logging:callHandlers:1706 [ACCESS] - 127.0.0.1:53751 - "GET /api/session/b1a7d93e-0bae-43b4-bbab-910719bad3ab/stream HTTP/1.1" 200
2026-05-20 21:19:56.414 | INFO     | app.middleware.logging:dispatch:26 [ACCESS] - HTTP POST /api/research - Initiated from 127.0.0.1 | Context: {'request_id': '0b467c9c-e051-4d6d-9280-763630467644', 'client_host': '127.0.0.1', 'method': 'POST', 'path': '/api/research'}
2026-05-20 21:20:00.066 | INFO     | app.middleware.logging:dispatch:45 [ACCESS] - HTTP POST /api/research - 200 in 3.6864s | Context: {'request_id': '0b467c9c-e051-4d6d-9280-763630467644', 'client_host': '127.0.0.1', 'method': 'POST', 'path': '/api/research', 'status_code': 200, 'duration': 3.6864}
2026-05-20 21:20:00.094 | INFO     | logging:callHandlers:1706 [ACCESS] - 127.0.0.1:58307 - "POST /api/research HTTP/1.1" 200
2026-05-20 21:20:00.761 | INFO     | app.middleware.logging:dispatch:26 [ACCESS] - HTTP GET /api/session/69fa228a-e2a0-4801-8e6a-240f3cc7adcb/stream - Initiated from 127.0.0.1 | Context: {'request_id': '34b6b62c-676e-4cc7-bc20-68f7374e91ea', 'client_host': '127.0.0.1', 'method': 'GET', 'path': '/api/session/69fa228a-e2a0-4801-8e6a-240f3cc7adcb/stream'}
2026-05-20 21:20:00.800 | INFO     | app.middleware.logging:dispatch:45 [ACCESS] - HTTP GET /api/session/69fa228a-e2a0-4801-8e6a-240f3cc7adcb/stream - 200 in 0.0400s | Context: {'request_id': '34b6b62c-676e-4cc7-bc20-68f7374e91ea', 'client_host': '127.0.0.1', 'method': 'GET', 'path': '/api/session/69fa228a-e2a0-4801-8e6a-240f3cc7adcb/stream', 'status_code': 200, 'duration': 0.04}
2026-05-20 21:20:00.820 | INFO     | logging:callHandlers:1706 [ACCESS] - 127.0.0.1:55911 - "GET /api/session/69fa228a-e2a0-4801-8e6a-240f3cc7adcb/stream HTTP/1.1" 200
2026-05-20 21:33:45.591 | INFO     | app.middleware.logging:dispatch:26 [ACCESS] - HTTP GET /api/tokens/metrics - Initiated from 127.0.0.1 | Context: {'request_id': '91126c45-15a9-4f47-9e30-e373c0d4e5d9', 'client_host': '127.0.0.1', 'method': 'GET', 'path': '/api/tokens/metrics'}
2026-05-20 21:33:45.635 | INFO     | app.middleware.logging:dispatch:26 [ACCESS] - HTTP GET /api/tokens/logs - Initiated from 127.0.0.1 | Context: {'request_id': '2504f1a0-e64d-4b77-96ae-3ebeaa874d8e', 'client_host': '127.0.0.1', 'method': 'GET', 'path': '/api/tokens/logs'}
2026-05-20 21:33:46.054 | WARNING  | app.middleware.exception_handlers:http_exception_handler:87 [ACCESS] - HTTP exception 500 raised on /api/tokens/logs: 'SupabaseService' object has no attribute 'url' | Context: {'request_id': '2504f1a0-e64d-4b77-96ae-3ebeaa874d8e', 'status_code': 500, 'path': '/api/tokens/logs'}
2026-05-20 21:33:46.076 | ERROR    | app.middleware.logging:dispatch:41 [ACCESS] - HTTP GET /api/tokens/logs - 500 in 0.4887s | Context: {'request_id': '2504f1a0-e64d-4b77-96ae-3ebeaa874d8e', 'client_host': '127.0.0.1', 'method': 'GET', 'path': '/api/tokens/logs', 'status_code': 500, 'duration': 0.4887}
2026-05-20 21:33:46.110 | INFO     | logging:callHandlers:1706 [ACCESS] - 127.0.0.1:59385 - "GET /api/tokens/logs HTTP/1.1" 500
2026-05-20 21:33:46.243 | INFO     | app.middleware.logging:dispatch:26 [ACCESS] - HTTP GET /api/tokens/logs - Initiated from 127.0.0.1 | Context: {'request_id': '225f4ec0-344d-4367-b8f1-dd8d6e62d3ba', 'client_host': '127.0.0.1', 'method': 'GET', 'path': '/api/tokens/logs'}
2026-05-20 21:33:46.250 | WARNING  | app.middleware.exception_handlers:http_exception_handler:87 [ACCESS] - HTTP exception 500 raised on /api/tokens/logs: 'SupabaseService' object has no attribute 'url' | Context: {'request_id': '225f4ec0-344d-4367-b8f1-dd8d6e62d3ba', 'status_code': 500, 'path': '/api/tokens/logs'}
2026-05-20 21:33:46.253 | ERROR    | app.middleware.logging:dispatch:41 [ACCESS] - HTTP GET /api/tokens/logs - 500 in 0.0101s | Context: {'request_id': '225f4ec0-344d-4367-b8f1-dd8d6e62d3ba', 'client_host': '127.0.0.1', 'method': 'GET', 'path': '/api/tokens/logs', 'status_code': 500, 'duration': 0.0101}
2026-05-20 21:33:46.257 | INFO     | logging:callHandlers:1706 [ACCESS] - 127.0.0.1:59385 - "GET /api/tokens/logs HTTP/1.1" 500
2026-05-20 21:33:46.299 | INFO     | app.middleware.logging:dispatch:45 [ACCESS] - HTTP GET /api/tokens/metrics - 200 in 0.7175s | Context: {'request_id': '91126c45-15a9-4f47-9e30-e373c0d4e5d9', 'client_host': '127.0.0.1', 'method': 'GET', 'path': '/api/tokens/metrics', 'status_code': 200, 'duration': 0.7175}
2026-05-20 21:33:46.301 | INFO     | logging:callHandlers:1706 [ACCESS] - 127.0.0.1:65447 - "GET /api/tokens/metrics HTTP/1.1" 200
2026-05-20 21:33:46.309 | INFO     | app.middleware.logging:dispatch:26 [ACCESS] - HTTP GET /api/tokens/metrics - Initiated from 127.0.0.1 | Context: {'request_id': '4bfe9a55-096b-4ae4-943b-9f3339c7cb50', 'client_host': '127.0.0.1', 'method': 'GET', 'path': '/api/tokens/metrics'}
2026-05-20 21:33:46.331 | INFO     | app.middleware.logging:dispatch:45 [ACCESS] - HTTP GET /api/tokens/metrics - 200 in 0.0233s | Context: {'request_id': '4bfe9a55-096b-4ae4-943b-9f3339c7cb50', 'client_host': '127.0.0.1', 'method': 'GET', 'path': '/api/tokens/metrics', 'status_code': 200, 'duration': 0.0233}
2026-05-20 21:33:46.335 | INFO     | logging:callHandlers:1706 [ACCESS] - 127.0.0.1:59385 - "GET /api/tokens/metrics HTTP/1.1" 200
2026-05-20 21:56:49.451 | INFO     | app.middleware.logging:dispatch:26 [ACCESS] - HTTP POST /api/research - Initiated from 127.0.0.1 | Context: {'request_id': 'be008a79-93b3-4801-9ce6-a35dd29ff9e9', 'client_host': '127.0.0.1', 'method': 'POST', 'path': '/api/research'}
2026-05-20 21:56:50.488 | INFO     | app.middleware.logging:dispatch:45 [ACCESS] - HTTP POST /api/research - 200 in 1.0498s | Context: {'request_id': 'be008a79-93b3-4801-9ce6-a35dd29ff9e9', 'client_host': '127.0.0.1', 'method': 'POST', 'path': '/api/research', 'status_code': 200, 'duration': 1.0498}
2026-05-20 21:56:50.498 | INFO     | logging:callHandlers:1706 [ACCESS] - 127.0.0.1:58779 - "POST /api/research HTTP/1.1" 200
2026-05-20 21:56:50.585 | INFO     | app.middleware.logging:dispatch:26 [ACCESS] - HTTP GET /api/session/dbdf0036-54c2-4c58-973a-5993535b1a2b/stream - Initiated from 127.0.0.1 | Context: {'request_id': '7e1c60f2-75f9-4db5-ba71-ee235f9c86df', 'client_host': '127.0.0.1', 'method': 'GET', 'path': '/api/session/dbdf0036-54c2-4c58-973a-5993535b1a2b/stream'}
2026-05-20 21:56:50.611 | INFO     | app.middleware.logging:dispatch:45 [ACCESS] - HTTP GET /api/session/dbdf0036-54c2-4c58-973a-5993535b1a2b/stream - 200 in 0.0275s | Context: {'request_id': '7e1c60f2-75f9-4db5-ba71-ee235f9c86df', 'client_host': '127.0.0.1', 'method': 'GET', 'path': '/api/session/dbdf0036-54c2-4c58-973a-5993535b1a2b/stream', 'status_code': 200, 'duration': 0.0275}
2026-05-20 21:56:50.624 | INFO     | logging:callHandlers:1706 [ACCESS] - 127.0.0.1:50496 - "GET /api/session/dbdf0036-54c2-4c58-973a-5993535b1a2b/stream HTTP/1.1" 200
2026-05-20 22:27:05.079 | INFO     | app.middleware.logging:dispatch:26 [ACCESS] - HTTP GET / - Initiated from 127.0.0.1 | Context: {'request_id': '3f1c2b38-11f9-45bb-ba84-10ac54819c4c', 'client_host': '127.0.0.1', 'method': 'GET', 'path': '/'}
2026-05-20 22:27:05.098 | INFO     | app.middleware.logging:dispatch:45 [ACCESS] - HTTP GET / - 200 in 0.0191s | Context: {'request_id': '3f1c2b38-11f9-45bb-ba84-10ac54819c4c', 'client_host': '127.0.0.1', 'method': 'GET', 'path': '/', 'status_code': 200, 'duration': 0.0191}
2026-05-20 22:27:05.099 | INFO     | logging:callHandlers:1706 [ACCESS] - 127.0.0.1:53056 - "GET / HTTP/1.1" 200
2026-05-20 22:27:05.285 | INFO     | app.middleware.logging:dispatch:26 [ACCESS] - HTTP GET /favicon.ico - Initiated from 127.0.0.1 | Context: {'request_id': 'bce3dc08-2c45-4990-b9fc-b9c0a7ffbdb8', 'client_host': '127.0.0.1', 'method': 'GET', 'path': '/favicon.ico'}
2026-05-20 22:27:05.288 | WARNING  | app.middleware.logging:dispatch:43 [ACCESS] - HTTP GET /favicon.ico - 401 in 0.0053s | Context: {'request_id': 'bce3dc08-2c45-4990-b9fc-b9c0a7ffbdb8', 'client_host': '127.0.0.1', 'method': 'GET', 'path': '/favicon.ico', 'status_code': 401, 'duration': 0.0053}
2026-05-20 22:27:05.292 | INFO     | logging:callHandlers:1706 [ACCESS] - 127.0.0.1:53056 - "GET /favicon.ico HTTP/1.1" 401
2026-05-20 22:27:32.812 | INFO     | app.middleware.logging:dispatch:26 [ACCESS] - HTTP GET / - Initiated from 127.0.0.1 | Context: {'request_id': 'c9d32e17-ec08-49da-8efc-c27d1dda911b', 'client_host': '127.0.0.1', 'method': 'GET', 'path': '/'}
2026-05-20 22:27:32.829 | INFO     | app.middleware.logging:dispatch:45 [ACCESS] - HTTP GET / - 200 in 0.0164s | Context: {'request_id': 'c9d32e17-ec08-49da-8efc-c27d1dda911b', 'client_host': '127.0.0.1', 'method': 'GET', 'path': '/', 'status_code': 200, 'duration': 0.0164}
2026-05-20 22:27:32.830 | INFO     | logging:callHandlers:1706 [ACCESS] - 127.0.0.1:54975 - "GET / HTTP/1.1" 200
2026-05-20 22:27:32.974 | INFO     | app.middleware.logging:dispatch:26 [ACCESS] - HTTP GET /favicon.ico - Initiated from 127.0.0.1 | Context: {'request_id': 'f774244e-580d-4a4b-8757-4cd7c28ee4e3', 'client_host': '127.0.0.1', 'method': 'GET', 'path': '/favicon.ico'}
2026-05-20 22:27:32.974 | WARNING  | app.middleware.logging:dispatch:43 [ACCESS] - HTTP GET /favicon.ico - 401 in 0.0006s | Context: {'request_id': 'f774244e-580d-4a4b-8757-4cd7c28ee4e3', 'client_host': '127.0.0.1', 'method': 'GET', 'path': '/favicon.ico', 'status_code': 401, 'duration': 0.0006}
2026-05-20 22:27:32.979 | INFO     | logging:callHandlers:1706 [ACCESS] - 127.0.0.1:54975 - "GET /favicon.ico HTTP/1.1" 401
2026-05-20 22:28:42.134 | INFO     | app.middleware.logging:dispatch:26 [ACCESS] - HTTP GET /docs - Initiated from 127.0.0.1 | Context: {'request_id': '9ac5a4da-395f-45cc-b9b9-87c815fe6e13', 'client_host': '127.0.0.1', 'method': 'GET', 'path': '/docs'}
2026-05-20 22:28:42.140 | INFO     | app.middleware.logging:dispatch:45 [ACCESS] - HTTP GET /docs - 200 in 0.0069s | Context: {'request_id': '9ac5a4da-395f-45cc-b9b9-87c815fe6e13', 'client_host': '127.0.0.1', 'method': 'GET', 'path': '/docs', 'status_code': 200, 'duration': 0.0069}
2026-05-20 22:28:42.143 | INFO     | logging:callHandlers:1706 [ACCESS] - 127.0.0.1:57012 - "GET /docs HTTP/1.1" 200
2026-05-20 22:28:43.256 | INFO     | app.middleware.logging:dispatch:26 [ACCESS] - HTTP GET /openapi.json - Initiated from 127.0.0.1 | Context: {'request_id': '95252502-8586-4c1c-99e7-f29c6a023921', 'client_host': '127.0.0.1', 'method': 'GET', 'path': '/openapi.json'}
2026-05-20 22:28:43.759 | INFO     | app.middleware.logging:dispatch:45 [ACCESS] - HTTP GET /openapi.json - 200 in 0.5053s | Context: {'request_id': '95252502-8586-4c1c-99e7-f29c6a023921', 'client_host': '127.0.0.1', 'method': 'GET', 'path': '/openapi.json', 'status_code': 200, 'duration': 0.5053}
2026-05-20 22:28:43.759 | INFO     | logging:callHandlers:1706 [ACCESS] - 127.0.0.1:57012 - "GET /openapi.json HTTP/1.1" 200
2026-05-20 22:29:20.021 | INFO     | app.middleware.logging:dispatch:26 [ACCESS] - HTTP GET /index.html - Initiated from 127.0.0.1 | Context: {'request_id': '7b39e541-26dd-43c2-83cb-6f323f4aca2d', 'client_host': '127.0.0.1', 'method': 'GET', 'path': '/index.html'}
2026-05-20 22:29:20.022 | WARNING  | app.middleware.logging:dispatch:43 [ACCESS] - HTTP GET /index.html - 401 in 0.0016s | Context: {'request_id': '7b39e541-26dd-43c2-83cb-6f323f4aca2d', 'client_host': '127.0.0.1', 'method': 'GET', 'path': '/index.html', 'status_code': 401, 'duration': 0.0016}
2026-05-20 22:29:20.023 | INFO     | logging:callHandlers:1706 [ACCESS] - 127.0.0.1:65047 - "GET /index.html HTTP/1.1" 401
2026-05-20 22:29:20.190 | INFO     | app.middleware.logging:dispatch:26 [ACCESS] - HTTP GET /favicon.ico - Initiated from 127.0.0.1 | Context: {'request_id': '2ecd1c78-9a59-4d83-842b-e9e98df4316e', 'client_host': '127.0.0.1', 'method': 'GET', 'path': '/favicon.ico'}
2026-05-20 22:29:20.191 | WARNING  | app.middleware.logging:dispatch:43 [ACCESS] - HTTP GET /favicon.ico - 401 in 0.0016s | Context: {'request_id': '2ecd1c78-9a59-4d83-842b-e9e98df4316e', 'client_host': '127.0.0.1', 'method': 'GET', 'path': '/favicon.ico', 'status_code': 401, 'duration': 0.0016}
2026-05-20 22:29:20.194 | INFO     | logging:callHandlers:1706 [ACCESS] - 127.0.0.1:65047 - "GET /favicon.ico HTTP/1.1" 401
2026-05-20 22:31:08.572 | INFO     | app.middleware.logging:dispatch:26 [ACCESS] - HTTP GET /docs - Initiated from 127.0.0.1 | Context: {'request_id': 'c1c1c67a-ee5a-4643-b563-2f314a9d480f', 'client_host': '127.0.0.1', 'method': 'GET', 'path': '/docs'}
2026-05-20 22:31:08.577 | INFO     | app.middleware.logging:dispatch:45 [ACCESS] - HTTP GET /docs - 200 in 0.0072s | Context: {'request_id': 'c1c1c67a-ee5a-4643-b563-2f314a9d480f', 'client_host': '127.0.0.1', 'method': 'GET', 'path': '/docs', 'status_code': 200, 'duration': 0.0072}
2026-05-20 22:31:08.582 | INFO     | logging:callHandlers:1706 [ACCESS] - 127.0.0.1:65047 - "GET /docs HTTP/1.1" 200
2026-05-20 22:31:09.037 | INFO     | app.middleware.logging:dispatch:26 [ACCESS] - HTTP GET /openapi.json - Initiated from 127.0.0.1 | Context: {'request_id': 'c531b7a5-c3de-45c8-a791-a4eb11e47194', 'client_host': '127.0.0.1', 'method': 'GET', 'path': '/openapi.json'}
2026-05-20 22:31:09.044 | INFO     | app.middleware.logging:dispatch:45 [ACCESS] - HTTP GET /openapi.json - 200 in 0.0079s | Context: {'request_id': 'c531b7a5-c3de-45c8-a791-a4eb11e47194', 'client_host': '127.0.0.1', 'method': 'GET', 'path': '/openapi.json', 'status_code': 200, 'duration': 0.0079}
2026-05-20 22:31:09.047 | INFO     | logging:callHandlers:1706 [ACCESS] - 127.0.0.1:65047 - "GET /openapi.json HTTP/1.1" 200
2026-05-20 23:03:38.502 | INFO     | app.middleware.logging:dispatch:26 [ACCESS] - HTTP POST /api/research - Initiated from 127.0.0.1 | Context: {'request_id': '7051a9da-b8fe-477f-b402-5efa7b3a359d', 'client_host': '127.0.0.1', 'method': 'POST', 'path': '/api/research'}
2026-05-20 23:03:38.666 | INFO     | app.middleware.logging:dispatch:45 [ACCESS] - HTTP POST /api/research - 200 in 0.1656s | Context: {'request_id': '7051a9da-b8fe-477f-b402-5efa7b3a359d', 'client_host': '127.0.0.1', 'method': 'POST', 'path': '/api/research', 'status_code': 200, 'duration': 0.1656}
2026-05-20 23:03:38.676 | INFO     | logging:callHandlers:1706 [ACCESS] - 127.0.0.1:64692 - "POST /api/research HTTP/1.1" 200
2026-05-20 23:03:38.782 | INFO     | app.middleware.logging:dispatch:26 [ACCESS] - HTTP GET /api/session/16ae2390-e988-4c29-98b0-31cffcb1e247/stream - Initiated from 127.0.0.1 | Context: {'request_id': 'd8da1274-13de-4e9f-9ffc-fde8bc93aa9e', 'client_host': '127.0.0.1', 'method': 'GET', 'path': '/api/session/16ae2390-e988-4c29-98b0-31cffcb1e247/stream'}
2026-05-20 23:03:38.810 | INFO     | app.middleware.logging:dispatch:45 [ACCESS] - HTTP GET /api/session/16ae2390-e988-4c29-98b0-31cffcb1e247/stream - 200 in 0.0275s | Context: {'request_id': 'd8da1274-13de-4e9f-9ffc-fde8bc93aa9e', 'client_host': '127.0.0.1', 'method': 'GET', 'path': '/api/session/16ae2390-e988-4c29-98b0-31cffcb1e247/stream', 'status_code': 200, 'duration': 0.0275}
2026-05-20 23:03:38.817 | INFO     | logging:callHandlers:1706 [ACCESS] - 127.0.0.1:56006 - "GET /api/session/16ae2390-e988-4c29-98b0-31cffcb1e247/stream HTTP/1.1" 200
2026-05-20 23:16:32.762 | INFO     | app.middleware.logging:dispatch:26 [ACCESS] - HTTP POST /api/research - Initiated from 127.0.0.1 | Context: {'request_id': 'f66c7031-cf7c-4ad0-a29a-632e6effc9dd', 'client_host': '127.0.0.1', 'method': 'POST', 'path': '/api/research'}
2026-05-20 23:16:33.140 | INFO     | app.middleware.logging:dispatch:45 [ACCESS] - HTTP POST /api/research - 200 in 0.3951s | Context: {'request_id': 'f66c7031-cf7c-4ad0-a29a-632e6effc9dd', 'client_host': '127.0.0.1', 'method': 'POST', 'path': '/api/research', 'status_code': 200, 'duration': 0.3951}
2026-05-20 23:16:33.190 | INFO     | logging:callHandlers:1706 [ACCESS] - 127.0.0.1:59822 - "POST /api/research HTTP/1.1" 200
2026-05-20 23:16:33.237 | INFO     | app.middleware.logging:dispatch:26 [ACCESS] - HTTP GET /api/session/fb62be8d-fb0f-4ede-9bb8-940988d48321/stream - Initiated from 127.0.0.1 | Context: {'request_id': 'bc49fd8d-f3a0-4c45-a96b-b6dc2e214965', 'client_host': '127.0.0.1', 'method': 'GET', 'path': '/api/session/fb62be8d-fb0f-4ede-9bb8-940988d48321/stream'}
2026-05-20 23:16:33.275 | INFO     | app.middleware.logging:dispatch:45 [ACCESS] - HTTP GET /api/session/fb62be8d-fb0f-4ede-9bb8-940988d48321/stream - 200 in 0.0385s | Context: {'request_id': 'bc49fd8d-f3a0-4c45-a96b-b6dc2e214965', 'client_host': '127.0.0.1', 'method': 'GET', 'path': '/api/session/fb62be8d-fb0f-4ede-9bb8-940988d48321/stream', 'status_code': 200, 'duration': 0.0385}
2026-05-20 23:16:33.284 | INFO     | logging:callHandlers:1706 [ACCESS] - 127.0.0.1:61130 - "GET /api/session/fb62be8d-fb0f-4ede-9bb8-940988d48321/stream HTTP/1.1" 200
2026-05-20 23:31:43.318 | INFO     | app.middleware.logging:dispatch:26 [ACCESS] - HTTP POST /api/research - Initiated from 127.0.0.1 | Context: {'request_id': '687d6db3-93a0-4e24-aa3e-403a74adc9f4', 'client_host': '127.0.0.1', 'method': 'POST', 'path': '/api/research'}
2026-05-20 23:31:43.491 | INFO     | app.middleware.logging:dispatch:45 [ACCESS] - HTTP POST /api/research - 200 in 0.1739s | Context: {'request_id': '687d6db3-93a0-4e24-aa3e-403a74adc9f4', 'client_host': '127.0.0.1', 'method': 'POST', 'path': '/api/research', 'status_code': 200, 'duration': 0.1739}
2026-05-20 23:31:43.509 | INFO     | logging:callHandlers:1706 [ACCESS] - 127.0.0.1:51467 - "POST /api/research HTTP/1.1" 200
2026-05-20 23:31:43.558 | INFO     | app.middleware.logging:dispatch:26 [ACCESS] - HTTP GET /api/session/c5d288e3-87eb-4d5a-bc0e-422478d29ced/stream - Initiated from 127.0.0.1 | Context: {'request_id': '991ecfd9-f9df-476c-bec8-32aa74a7e8f5', 'client_host': '127.0.0.1', 'method': 'GET', 'path': '/api/session/c5d288e3-87eb-4d5a-bc0e-422478d29ced/stream'}
2026-05-20 23:31:43.571 | INFO     | app.middleware.logging:dispatch:45 [ACCESS] - HTTP GET /api/session/c5d288e3-87eb-4d5a-bc0e-422478d29ced/stream - 200 in 0.0149s | Context: {'request_id': '991ecfd9-f9df-476c-bec8-32aa74a7e8f5', 'client_host': '127.0.0.1', 'method': 'GET', 'path': '/api/session/c5d288e3-87eb-4d5a-bc0e-422478d29ced/stream', 'status_code': 200, 'duration': 0.0149}
2026-05-20 23:31:43.589 | INFO     | logging:callHandlers:1706 [ACCESS] - 127.0.0.1:50929 - "GET /api/session/c5d288e3-87eb-4d5a-bc0e-422478d29ced/stream HTTP/1.1" 200
2026-05-20 23:33:12.994 | INFO     | app.middleware.logging:dispatch:26 [ACCESS] - HTTP GET /api/session/c5d288e3-87eb-4d5a-bc0e-422478d29ced - Initiated from 127.0.0.1 | Context: {'request_id': '6ee23647-306b-4ef4-b6d9-ee9575e7da21', 'client_host': '127.0.0.1', 'method': 'GET', 'path': '/api/session/c5d288e3-87eb-4d5a-bc0e-422478d29ced'}
2026-05-20 23:33:13.058 | INFO     | app.middleware.logging:dispatch:26 [ACCESS] - HTTP GET /api/session/c5d288e3-87eb-4d5a-bc0e-422478d29ced/parameters - Initiated from 127.0.0.1 | Context: {'request_id': '3e52dbec-92bd-4d59-8f6c-28909c06f702', 'client_host': '127.0.0.1', 'method': 'GET', 'path': '/api/session/c5d288e3-87eb-4d5a-bc0e-422478d29ced/parameters'}
2026-05-20 23:33:13.486 | INFO     | app.middleware.logging:dispatch:45 [ACCESS] - HTTP GET /api/session/c5d288e3-87eb-4d5a-bc0e-422478d29ced - 200 in 0.4938s | Context: {'request_id': '6ee23647-306b-4ef4-b6d9-ee9575e7da21', 'client_host': '127.0.0.1', 'method': 'GET', 'path': '/api/session/c5d288e3-87eb-4d5a-bc0e-422478d29ced', 'status_code': 200, 'duration': 0.4938}
2026-05-20 23:33:13.496 | INFO     | logging:callHandlers:1706 [ACCESS] - 127.0.0.1:59263 - "GET /api/session/c5d288e3-87eb-4d5a-bc0e-422478d29ced HTTP/1.1" 200
2026-05-20 23:33:13.586 | INFO     | app.middleware.logging:dispatch:45 [ACCESS] - HTTP GET /api/session/c5d288e3-87eb-4d5a-bc0e-422478d29ced/parameters - 200 in 0.5808s | Context: {'request_id': '3e52dbec-92bd-4d59-8f6c-28909c06f702', 'client_host': '127.0.0.1', 'method': 'GET', 'path': '/api/session/c5d288e3-87eb-4d5a-bc0e-422478d29ced/parameters', 'status_code': 200, 'duration': 0.5808}
2026-05-20 23:33:13.586 | INFO     | logging:callHandlers:1706 [ACCESS] - 127.0.0.1:57197 - "GET /api/session/c5d288e3-87eb-4d5a-bc0e-422478d29ced/parameters HTTP/1.1" 200
2026-05-20 23:33:13.601 | INFO     | app.middleware.logging:dispatch:26 [ACCESS] - HTTP GET /api/session/c5d288e3-87eb-4d5a-bc0e-422478d29ced/parameters - Initiated from 127.0.0.1 | Context: {'request_id': '33dee99f-0a23-4581-94c0-5eb3c1f2776b', 'client_host': '127.0.0.1', 'method': 'GET', 'path': '/api/session/c5d288e3-87eb-4d5a-bc0e-422478d29ced/parameters'}
2026-05-20 23:33:13.751 | INFO     | app.middleware.logging:dispatch:45 [ACCESS] - HTTP GET /api/session/c5d288e3-87eb-4d5a-bc0e-422478d29ced/parameters - 200 in 0.1503s | Context: {'request_id': '33dee99f-0a23-4581-94c0-5eb3c1f2776b', 'client_host': '127.0.0.1', 'method': 'GET', 'path': '/api/session/c5d288e3-87eb-4d5a-bc0e-422478d29ced/parameters', 'status_code': 200, 'duration': 0.1503}
2026-05-20 23:33:13.767 | INFO     | logging:callHandlers:1706 [ACCESS] - 127.0.0.1:51595 - "GET /api/session/c5d288e3-87eb-4d5a-bc0e-422478d29ced/parameters HTTP/1.1" 200
2026-05-20 23:47:16.846 | INFO     | app.middleware.logging:dispatch:26 [ACCESS] - HTTP POST /api/research - Initiated from 127.0.0.1 | Context: {'request_id': '684b8ad5-3e2d-4499-8604-8bc9db8c91b5', 'client_host': '127.0.0.1', 'method': 'POST', 'path': '/api/research'}
2026-05-20 23:47:17.184 | INFO     | app.middleware.logging:dispatch:45 [ACCESS] - HTTP POST /api/research - 200 in 0.3468s | Context: {'request_id': '684b8ad5-3e2d-4499-8604-8bc9db8c91b5', 'client_host': '127.0.0.1', 'method': 'POST', 'path': '/api/research', 'status_code': 200, 'duration': 0.3468}
2026-05-20 23:47:17.235 | INFO     | logging:callHandlers:1706 [ACCESS] - 127.0.0.1:62119 - "POST /api/research HTTP/1.1" 200
2026-05-20 23:47:17.284 | INFO     | app.middleware.logging:dispatch:26 [ACCESS] - HTTP GET /api/session/f701412b-e0aa-49a4-8bf4-bf65f4ca7166/stream - Initiated from 127.0.0.1 | Context: {'request_id': '8613f20f-c7c8-4da8-aa18-cbc2133f97cf', 'client_host': '127.0.0.1', 'method': 'GET', 'path': '/api/session/f701412b-e0aa-49a4-8bf4-bf65f4ca7166/stream'}
2026-05-20 23:47:17.392 | INFO     | app.middleware.logging:dispatch:45 [ACCESS] - HTTP GET /api/session/f701412b-e0aa-49a4-8bf4-bf65f4ca7166/stream - 200 in 0.1073s | Context: {'request_id': '8613f20f-c7c8-4da8-aa18-cbc2133f97cf', 'client_host': '127.0.0.1', 'method': 'GET', 'path': '/api/session/f701412b-e0aa-49a4-8bf4-bf65f4ca7166/stream', 'status_code': 200, 'duration': 0.1073}
2026-05-20 23:47:17.421 | INFO     | logging:callHandlers:1706 [ACCESS] - 127.0.0.1:62446 - "GET /api/session/f701412b-e0aa-49a4-8bf4-bf65f4ca7166/stream HTTP/1.1" 200
2026-05-20 23:48:45.734 | INFO     | app.middleware.logging:dispatch:26 [ACCESS] - HTTP GET /api/session/f701412b-e0aa-49a4-8bf4-bf65f4ca7166 - Initiated from 127.0.0.1 | Context: {'request_id': 'a1e6ecb5-796f-4b60-b86e-fe05fd41ceab', 'client_host': '127.0.0.1', 'method': 'GET', 'path': '/api/session/f701412b-e0aa-49a4-8bf4-bf65f4ca7166'}
2026-05-20 23:48:45.745 | INFO     | app.middleware.logging:dispatch:26 [ACCESS] - HTTP GET /api/session/f701412b-e0aa-49a4-8bf4-bf65f4ca7166/parameters - Initiated from 127.0.0.1 | Context: {'request_id': '549eb281-aa50-4555-a783-233f8bbf6e65', 'client_host': '127.0.0.1', 'method': 'GET', 'path': '/api/session/f701412b-e0aa-49a4-8bf4-bf65f4ca7166/parameters'}
2026-05-20 23:48:45.998 | INFO     | app.middleware.logging:dispatch:45 [ACCESS] - HTTP GET /api/session/f701412b-e0aa-49a4-8bf4-bf65f4ca7166 - 200 in 0.2646s | Context: {'request_id': 'a1e6ecb5-796f-4b60-b86e-fe05fd41ceab', 'client_host': '127.0.0.1', 'method': 'GET', 'path': '/api/session/f701412b-e0aa-49a4-8bf4-bf65f4ca7166', 'status_code': 200, 'duration': 0.2646}
2026-05-20 23:48:45.998 | INFO     | logging:callHandlers:1706 [ACCESS] - 127.0.0.1:60451 - "GET /api/session/f701412b-e0aa-49a4-8bf4-bf65f4ca7166 HTTP/1.1" 200
2026-05-20 23:48:46.094 | INFO     | app.middleware.logging:dispatch:45 [ACCESS] - HTTP GET /api/session/f701412b-e0aa-49a4-8bf4-bf65f4ca7166/parameters - 200 in 0.3600s | Context: {'request_id': '549eb281-aa50-4555-a783-233f8bbf6e65', 'client_host': '127.0.0.1', 'method': 'GET', 'path': '/api/session/f701412b-e0aa-49a4-8bf4-bf65f4ca7166/parameters', 'status_code': 200, 'duration': 0.36}
2026-05-20 23:48:46.102 | INFO     | logging:callHandlers:1706 [ACCESS] - 127.0.0.1:52682 - "GET /api/session/f701412b-e0aa-49a4-8bf4-bf65f4ca7166/parameters HTTP/1.1" 200
2026-05-20 23:48:46.118 | INFO     | app.middleware.logging:dispatch:26 [ACCESS] - HTTP GET /api/session/f701412b-e0aa-49a4-8bf4-bf65f4ca7166/parameters - Initiated from 127.0.0.1 | Context: {'request_id': '7a98f922-b957-4a0c-9f20-e83bceaf5f8b', 'client_host': '127.0.0.1', 'method': 'GET', 'path': '/api/session/f701412b-e0aa-49a4-8bf4-bf65f4ca7166/parameters'}
2026-05-20 23:48:46.268 | INFO     | app.middleware.logging:dispatch:45 [ACCESS] - HTTP GET /api/session/f701412b-e0aa-49a4-8bf4-bf65f4ca7166/parameters - 200 in 0.1584s | Context: {'request_id': '7a98f922-b957-4a0c-9f20-e83bceaf5f8b', 'client_host': '127.0.0.1', 'method': 'GET', 'path': '/api/session/f701412b-e0aa-49a4-8bf4-bf65f4ca7166/parameters', 'status_code': 200, 'duration': 0.1584}
2026-05-20 23:48:46.283 | INFO     | logging:callHandlers:1706 [ACCESS] - 127.0.0.1:62658 - "GET /api/session/f701412b-e0aa-49a4-8bf4-bf65f4ca7166/parameters HTTP/1.1" 200
2026-05-21 00:02:52.844 | INFO     | app.middleware.logging:dispatch:26 [ACCESS] - HTTP POST /api/research - Initiated from 127.0.0.1 | Context: {'request_id': 'c771419e-9db7-4dec-a6dd-4ccab8af84d9', 'client_host': '127.0.0.1', 'method': 'POST', 'path': '/api/research'}
2026-05-21 00:02:53.058 | INFO     | app.middleware.logging:dispatch:45 [ACCESS] - HTTP POST /api/research - 200 in 0.2201s | Context: {'request_id': 'c771419e-9db7-4dec-a6dd-4ccab8af84d9', 'client_host': '127.0.0.1', 'method': 'POST', 'path': '/api/research', 'status_code': 200, 'duration': 0.2201}
2026-05-21 00:02:53.093 | INFO     | logging:callHandlers:1706 [ACCESS] - 127.0.0.1:50505 - "POST /api/research HTTP/1.1" 200
2026-05-21 00:02:53.137 | INFO     | app.middleware.logging:dispatch:26 [ACCESS] - HTTP GET /api/session/a47bd166-dd06-44dd-9d19-5d1e693b9bc9/stream - Initiated from 127.0.0.1 | Context: {'request_id': 'c8728f6a-301d-4658-a8fb-3d5b6eb664e5', 'client_host': '127.0.0.1', 'method': 'GET', 'path': '/api/session/a47bd166-dd06-44dd-9d19-5d1e693b9bc9/stream'}
2026-05-21 00:02:53.155 | INFO     | app.middleware.logging:dispatch:45 [ACCESS] - HTTP GET /api/session/a47bd166-dd06-44dd-9d19-5d1e693b9bc9/stream - 200 in 0.0179s | Context: {'request_id': 'c8728f6a-301d-4658-a8fb-3d5b6eb664e5', 'client_host': '127.0.0.1', 'method': 'GET', 'path': '/api/session/a47bd166-dd06-44dd-9d19-5d1e693b9bc9/stream', 'status_code': 200, 'duration': 0.0179}
2026-05-21 00:02:53.167 | INFO     | logging:callHandlers:1706 [ACCESS] - 127.0.0.1:60206 - "GET /api/session/a47bd166-dd06-44dd-9d19-5d1e693b9bc9/stream HTTP/1.1" 200
2026-05-21 00:05:36.185 | INFO     | app.middleware.logging:dispatch:26 [ACCESS] - HTTP GET /api/session/a47bd166-dd06-44dd-9d19-5d1e693b9bc9/allocated_parameters - Initiated from 127.0.0.1 | Context: {'request_id': '91f75efb-ad5f-4922-867a-25eaa25d2c90', 'client_host': '127.0.0.1', 'method': 'GET', 'path': '/api/session/a47bd166-dd06-44dd-9d19-5d1e693b9bc9/allocated_parameters'}
2026-05-21 00:05:36.217 | WARNING  | app.middleware.logging:dispatch:43 [ACCESS] - HTTP GET /api/session/a47bd166-dd06-44dd-9d19-5d1e693b9bc9/allocated_parameters - 404 in 0.0315s | Context: {'request_id': '91f75efb-ad5f-4922-867a-25eaa25d2c90', 'client_host': '127.0.0.1', 'method': 'GET', 'path': '/api/session/a47bd166-dd06-44dd-9d19-5d1e693b9bc9/allocated_parameters', 'status_code': 404, 'duration': 0.0315}
2026-05-21 00:05:36.225 | INFO     | logging:callHandlers:1706 [ACCESS] - 127.0.0.1:50697 - "GET /api/session/a47bd166-dd06-44dd-9d19-5d1e693b9bc9/allocated_parameters HTTP/1.1" 404
2026-05-21 00:05:36.253 | INFO     | app.middleware.logging:dispatch:26 [ACCESS] - HTTP GET /api/session/a47bd166-dd06-44dd-9d19-5d1e693b9bc9/allocated_parameters - Initiated from 127.0.0.1 | Context: {'request_id': '6716067b-a108-4729-b682-ed19ea5ec0db', 'client_host': '127.0.0.1', 'method': 'GET', 'path': '/api/session/a47bd166-dd06-44dd-9d19-5d1e693b9bc9/allocated_parameters'}
2026-05-21 00:05:36.258 | WARNING  | app.middleware.logging:dispatch:43 [ACCESS] - HTTP GET /api/session/a47bd166-dd06-44dd-9d19-5d1e693b9bc9/allocated_parameters - 404 in 0.0081s | Context: {'request_id': '6716067b-a108-4729-b682-ed19ea5ec0db', 'client_host': '127.0.0.1', 'method': 'GET', 'path': '/api/session/a47bd166-dd06-44dd-9d19-5d1e693b9bc9/allocated_parameters', 'status_code': 404, 'duration': 0.0081}
2026-05-21 00:05:36.266 | INFO     | logging:callHandlers:1706 [ACCESS] - 127.0.0.1:52826 - "GET /api/session/a47bd166-dd06-44dd-9d19-5d1e693b9bc9/allocated_parameters HTTP/1.1" 404
2026-05-21 00:06:56.516 | INFO     | app.middleware.logging:dispatch:26 [ACCESS] - HTTP GET /api/session/a47bd166-dd06-44dd-9d19-5d1e693b9bc9 - Initiated from 127.0.0.1 | Context: {'request_id': '820d6a0f-c450-4c37-b1ac-2d3f2f8eccbf', 'client_host': '127.0.0.1', 'method': 'GET', 'path': '/api/session/a47bd166-dd06-44dd-9d19-5d1e693b9bc9'}
2026-05-21 00:06:56.526 | INFO     | app.middleware.logging:dispatch:26 [ACCESS] - HTTP GET /api/session/a47bd166-dd06-44dd-9d19-5d1e693b9bc9/parameters - Initiated from 127.0.0.1 | Context: {'request_id': 'bb3a8a1d-2364-4424-9faa-120bb068e653', 'client_host': '127.0.0.1', 'method': 'GET', 'path': '/api/session/a47bd166-dd06-44dd-9d19-5d1e693b9bc9/parameters'}
2026-05-21 00:06:56.599 | INFO     | app.middleware.logging:dispatch:45 [ACCESS] - HTTP GET /api/session/a47bd166-dd06-44dd-9d19-5d1e693b9bc9 - 200 in 0.0833s | Context: {'request_id': '820d6a0f-c450-4c37-b1ac-2d3f2f8eccbf', 'client_host': '127.0.0.1', 'method': 'GET', 'path': '/api/session/a47bd166-dd06-44dd-9d19-5d1e693b9bc9', 'status_code': 200, 'duration': 0.0833}
2026-05-21 00:06:56.602 | INFO     | logging:callHandlers:1706 [ACCESS] - 127.0.0.1:51262 - "GET /api/session/a47bd166-dd06-44dd-9d19-5d1e693b9bc9 HTTP/1.1" 200
2026-05-21 00:06:56.628 | INFO     | app.middleware.logging:dispatch:45 [ACCESS] - HTTP GET /api/session/a47bd166-dd06-44dd-9d19-5d1e693b9bc9/parameters - 200 in 0.1022s | Context: {'request_id': 'bb3a8a1d-2364-4424-9faa-120bb068e653', 'client_host': '127.0.0.1', 'method': 'GET', 'path': '/api/session/a47bd166-dd06-44dd-9d19-5d1e693b9bc9/parameters', 'status_code': 200, 'duration': 0.1022}
2026-05-21 00:06:56.628 | INFO     | logging:callHandlers:1706 [ACCESS] - 127.0.0.1:53352 - "GET /api/session/a47bd166-dd06-44dd-9d19-5d1e693b9bc9/parameters HTTP/1.1" 200
2026-05-21 00:06:56.641 | INFO     | app.middleware.logging:dispatch:26 [ACCESS] - HTTP GET /api/session/a47bd166-dd06-44dd-9d19-5d1e693b9bc9/parameters - Initiated from 127.0.0.1 | Context: {'request_id': 'babc0e96-0eb4-4f83-8f22-be0886bcb1be', 'client_host': '127.0.0.1', 'method': 'GET', 'path': '/api/session/a47bd166-dd06-44dd-9d19-5d1e693b9bc9/parameters'}
2026-05-21 00:06:56.695 | INFO     | app.middleware.logging:dispatch:45 [ACCESS] - HTTP GET /api/session/a47bd166-dd06-44dd-9d19-5d1e693b9bc9/parameters - 200 in 0.0557s | Context: {'request_id': 'babc0e96-0eb4-4f83-8f22-be0886bcb1be', 'client_host': '127.0.0.1', 'method': 'GET', 'path': '/api/session/a47bd166-dd06-44dd-9d19-5d1e693b9bc9/parameters', 'status_code': 200, 'duration': 0.0557}
2026-05-21 00:06:56.695 | INFO     | logging:callHandlers:1706 [ACCESS] - 127.0.0.1:61516 - "GET /api/session/a47bd166-dd06-44dd-9d19-5d1e693b9bc9/parameters HTTP/1.1" 200
2026-05-21 00:09:54.650 | INFO     | app.middleware.logging:dispatch:26 [ACCESS] - HTTP POST /api/research - Initiated from 127.0.0.1 | Context: {'request_id': 'f580a116-6581-4b63-82f1-e80000aadbdd', 'client_host': '127.0.0.1', 'method': 'POST', 'path': '/api/research'}
2026-05-21 00:09:54.717 | INFO     | app.middleware.logging:dispatch:45 [ACCESS] - HTTP POST /api/research - 200 in 0.0684s | Context: {'request_id': 'f580a116-6581-4b63-82f1-e80000aadbdd', 'client_host': '127.0.0.1', 'method': 'POST', 'path': '/api/research', 'status_code': 200, 'duration': 0.0684}
2026-05-21 00:09:54.717 | INFO     | logging:callHandlers:1706 [ACCESS] - 127.0.0.1:58143 - "POST /api/research HTTP/1.1" 200
2026-05-21 00:09:54.760 | INFO     | app.middleware.logging:dispatch:26 [ACCESS] - HTTP GET /api/session/c8d544e2-44d3-45fe-b736-c49c22a6c453/stream - Initiated from 127.0.0.1 | Context: {'request_id': '803ab7fa-277e-4e5d-975f-481694406597', 'client_host': '127.0.0.1', 'method': 'GET', 'path': '/api/session/c8d544e2-44d3-45fe-b736-c49c22a6c453/stream'}
2026-05-21 00:09:54.782 | INFO     | app.middleware.logging:dispatch:45 [ACCESS] - HTTP GET /api/session/c8d544e2-44d3-45fe-b736-c49c22a6c453/stream - 200 in 0.0217s | Context: {'request_id': '803ab7fa-277e-4e5d-975f-481694406597', 'client_host': '127.0.0.1', 'method': 'GET', 'path': '/api/session/c8d544e2-44d3-45fe-b736-c49c22a6c453/stream', 'status_code': 200, 'duration': 0.0217}
2026-05-21 00:09:54.793 | INFO     | logging:callHandlers:1706 [ACCESS] - 127.0.0.1:53497 - "GET /api/session/c8d544e2-44d3-45fe-b736-c49c22a6c453/stream HTTP/1.1" 200
2026-05-21 00:11:23.519 | INFO     | app.middleware.logging:dispatch:26 [ACCESS] - HTTP GET /api/session/c8d544e2-44d3-45fe-b736-c49c22a6c453 - Initiated from 127.0.0.1 | Context: {'request_id': 'b4f6b8d8-8d1e-4f5c-8a2c-e954498f433b', 'client_host': '127.0.0.1', 'method': 'GET', 'path': '/api/session/c8d544e2-44d3-45fe-b736-c49c22a6c453'}
2026-05-21 00:11:23.534 | INFO     | app.middleware.logging:dispatch:26 [ACCESS] - HTTP GET /api/session/c8d544e2-44d3-45fe-b736-c49c22a6c453/parameters - Initiated from 127.0.0.1 | Context: {'request_id': '7528e994-d3b8-430d-acf4-6aa41a3a0871', 'client_host': '127.0.0.1', 'method': 'GET', 'path': '/api/session/c8d544e2-44d3-45fe-b736-c49c22a6c453/parameters'}
2026-05-21 00:11:23.744 | INFO     | app.middleware.logging:dispatch:45 [ACCESS] - HTTP GET /api/session/c8d544e2-44d3-45fe-b736-c49c22a6c453 - 200 in 0.2244s | Context: {'request_id': 'b4f6b8d8-8d1e-4f5c-8a2c-e954498f433b', 'client_host': '127.0.0.1', 'method': 'GET', 'path': '/api/session/c8d544e2-44d3-45fe-b736-c49c22a6c453', 'status_code': 200, 'duration': 0.2244}
2026-05-21 00:11:23.752 | INFO     | logging:callHandlers:1706 [ACCESS] - 127.0.0.1:54707 - "GET /api/session/c8d544e2-44d3-45fe-b736-c49c22a6c453 HTTP/1.1" 200
2026-05-21 00:11:23.865 | INFO     | app.middleware.logging:dispatch:45 [ACCESS] - HTTP GET /api/session/c8d544e2-44d3-45fe-b736-c49c22a6c453/parameters - 200 in 0.3457s | Context: {'request_id': '7528e994-d3b8-430d-acf4-6aa41a3a0871', 'client_host': '127.0.0.1', 'method': 'GET', 'path': '/api/session/c8d544e2-44d3-45fe-b736-c49c22a6c453/parameters', 'status_code': 200, 'duration': 0.3457}
2026-05-21 00:11:23.865 | INFO     | logging:callHandlers:1706 [ACCESS] - 127.0.0.1:55751 - "GET /api/session/c8d544e2-44d3-45fe-b736-c49c22a6c453/parameters HTTP/1.1" 200
2026-05-21 00:11:23.893 | INFO     | app.middleware.logging:dispatch:26 [ACCESS] - HTTP GET /api/session/c8d544e2-44d3-45fe-b736-c49c22a6c453/parameters - Initiated from 127.0.0.1 | Context: {'request_id': '3ed271ce-18c0-48e4-8026-ed7ee33d2b00', 'client_host': '127.0.0.1', 'method': 'GET', 'path': '/api/session/c8d544e2-44d3-45fe-b736-c49c22a6c453/parameters'}
2026-05-21 00:11:24.065 | INFO     | app.middleware.logging:dispatch:45 [ACCESS] - HTTP GET /api/session/c8d544e2-44d3-45fe-b736-c49c22a6c453/parameters - 200 in 0.1711s | Context: {'request_id': '3ed271ce-18c0-48e4-8026-ed7ee33d2b00', 'client_host': '127.0.0.1', 'method': 'GET', 'path': '/api/session/c8d544e2-44d3-45fe-b736-c49c22a6c453/parameters', 'status_code': 200, 'duration': 0.1711}
2026-05-21 00:11:24.073 | INFO     | logging:callHandlers:1706 [ACCESS] - 127.0.0.1:63512 - "GET /api/session/c8d544e2-44d3-45fe-b736-c49c22a6c453/parameters HTTP/1.1" 200
2026-05-21 00:17:37.745 | INFO     | app.middleware.logging:dispatch:26 [ACCESS] - HTTP POST /api/research - Initiated from 127.0.0.1 | Context: {'request_id': '4da2e601-f347-4456-952c-3a47f1d4a9bd', 'client_host': '127.0.0.1', 'method': 'POST', 'path': '/api/research'}
2026-05-21 00:17:38.110 | INFO     | app.middleware.logging:dispatch:45 [ACCESS] - HTTP POST /api/research - 200 in 0.3650s | Context: {'request_id': '4da2e601-f347-4456-952c-3a47f1d4a9bd', 'client_host': '127.0.0.1', 'method': 'POST', 'path': '/api/research', 'status_code': 200, 'duration': 0.365}
2026-05-21 00:17:38.130 | INFO     | logging:callHandlers:1706 [ACCESS] - 127.0.0.1:50130 - "POST /api/research HTTP/1.1" 200
2026-05-21 00:17:38.215 | INFO     | app.middleware.logging:dispatch:26 [ACCESS] - HTTP GET /api/session/49cd6f93-137c-48c8-b4ba-e2e2e82fa782/stream - Initiated from 127.0.0.1 | Context: {'request_id': '5f9bdd9f-470c-4120-ba56-7e12e0341b40', 'client_host': '127.0.0.1', 'method': 'GET', 'path': '/api/session/49cd6f93-137c-48c8-b4ba-e2e2e82fa782/stream'}
2026-05-21 00:17:38.269 | INFO     | app.middleware.logging:dispatch:45 [ACCESS] - HTTP GET /api/session/49cd6f93-137c-48c8-b4ba-e2e2e82fa782/stream - 200 in 0.0545s | Context: {'request_id': '5f9bdd9f-470c-4120-ba56-7e12e0341b40', 'client_host': '127.0.0.1', 'method': 'GET', 'path': '/api/session/49cd6f93-137c-48c8-b4ba-e2e2e82fa782/stream', 'status_code': 200, 'duration': 0.0545}
2026-05-21 00:17:38.282 | INFO     | logging:callHandlers:1706 [ACCESS] - 127.0.0.1:57783 - "GET /api/session/49cd6f93-137c-48c8-b4ba-e2e2e82fa782/stream HTTP/1.1" 200
2026-05-21 00:19:07.182 | INFO     | app.middleware.logging:dispatch:26 [ACCESS] - HTTP GET /api/session/49cd6f93-137c-48c8-b4ba-e2e2e82fa782 - Initiated from 127.0.0.1 | Context: {'request_id': '22a508be-bfd5-48b2-b6b2-ed884c76235d', 'client_host': '127.0.0.1', 'method': 'GET', 'path': '/api/session/49cd6f93-137c-48c8-b4ba-e2e2e82fa782'}
2026-05-21 00:19:07.182 | INFO     | app.middleware.logging:dispatch:26 [ACCESS] - HTTP GET /api/session/49cd6f93-137c-48c8-b4ba-e2e2e82fa782/parameters - Initiated from 127.0.0.1 | Context: {'request_id': 'ed44927b-3818-45e3-b865-a8d54560112e', 'client_host': '127.0.0.1', 'method': 'GET', 'path': '/api/session/49cd6f93-137c-48c8-b4ba-e2e2e82fa782/parameters'}
2026-05-21 00:19:07.398 | INFO     | app.middleware.logging:dispatch:45 [ACCESS] - HTTP GET /api/session/49cd6f93-137c-48c8-b4ba-e2e2e82fa782 - 200 in 0.2159s | Context: {'request_id': '22a508be-bfd5-48b2-b6b2-ed884c76235d', 'client_host': '127.0.0.1', 'method': 'GET', 'path': '/api/session/49cd6f93-137c-48c8-b4ba-e2e2e82fa782', 'status_code': 200, 'duration': 0.2159}
2026-05-21 00:19:07.410 | INFO     | logging:callHandlers:1706 [ACCESS] - 127.0.0.1:59142 - "GET /api/session/49cd6f93-137c-48c8-b4ba-e2e2e82fa782 HTTP/1.1" 200
2026-05-21 00:19:07.481 | INFO     | app.middleware.logging:dispatch:45 [ACCESS] - HTTP GET /api/session/49cd6f93-137c-48c8-b4ba-e2e2e82fa782/parameters - 200 in 0.2995s | Context: {'request_id': 'ed44927b-3818-45e3-b865-a8d54560112e', 'client_host': '127.0.0.1', 'method': 'GET', 'path': '/api/session/49cd6f93-137c-48c8-b4ba-e2e2e82fa782/parameters', 'status_code': 200, 'duration': 0.2995}
2026-05-21 00:19:07.494 | INFO     | logging:callHandlers:1706 [ACCESS] - 127.0.0.1:59220 - "GET /api/session/49cd6f93-137c-48c8-b4ba-e2e2e82fa782/parameters HTTP/1.1" 200
2026-05-21 00:19:07.510 | INFO     | app.middleware.logging:dispatch:26 [ACCESS] - HTTP GET /api/session/49cd6f93-137c-48c8-b4ba-e2e2e82fa782/parameters - Initiated from 127.0.0.1 | Context: {'request_id': '46efd857-e4ef-4621-a48b-566739915a24', 'client_host': '127.0.0.1', 'method': 'GET', 'path': '/api/session/49cd6f93-137c-48c8-b4ba-e2e2e82fa782/parameters'}
2026-05-21 00:19:07.664 | INFO     | app.middleware.logging:dispatch:45 [ACCESS] - HTTP GET /api/session/49cd6f93-137c-48c8-b4ba-e2e2e82fa782/parameters - 200 in 0.1540s | Context: {'request_id': '46efd857-e4ef-4621-a48b-566739915a24', 'client_host': '127.0.0.1', 'method': 'GET', 'path': '/api/session/49cd6f93-137c-48c8-b4ba-e2e2e82fa782/parameters', 'status_code': 200, 'duration': 0.154}
2026-05-21 00:19:07.677 | INFO     | logging:callHandlers:1706 [ACCESS] - 127.0.0.1:60935 - "GET /api/session/49cd6f93-137c-48c8-b4ba-e2e2e82fa782/parameters HTTP/1.1" 200
2026-05-21 06:51:29.527 | INFO     | app.middleware.logging:dispatch:26 [ACCESS] - HTTP POST /api/research - Initiated from 127.0.0.1 | Context: {'request_id': 'eb9fb16e-d8d3-454e-84b0-18d94675e4b2', 'client_host': '127.0.0.1', 'method': 'POST', 'path': '/api/research'}
2026-05-21 06:51:29.743 | INFO     | app.middleware.logging:dispatch:45 [ACCESS] - HTTP POST /api/research - 200 in 0.2255s | Context: {'request_id': 'eb9fb16e-d8d3-454e-84b0-18d94675e4b2', 'client_host': '127.0.0.1', 'method': 'POST', 'path': '/api/research', 'status_code': 200, 'duration': 0.2255}
2026-05-21 06:51:29.759 | INFO     | logging:callHandlers:1706 [ACCESS] - 127.0.0.1:62105 - "POST /api/research HTTP/1.1" 200
2026-05-21 06:51:29.797 | INFO     | app.middleware.logging:dispatch:26 [ACCESS] - HTTP GET /api/session/359c1454-bc26-47d3-87a9-83888a3aaa97/stream - Initiated from 127.0.0.1 | Context: {'request_id': '125bb1ea-c0ee-4452-8884-867533f7cbe6', 'client_host': '127.0.0.1', 'method': 'GET', 'path': '/api/session/359c1454-bc26-47d3-87a9-83888a3aaa97/stream'}
2026-05-21 06:51:29.811 | INFO     | app.middleware.logging:dispatch:45 [ACCESS] - HTTP GET /api/session/359c1454-bc26-47d3-87a9-83888a3aaa97/stream - 200 in 0.0148s | Context: {'request_id': '125bb1ea-c0ee-4452-8884-867533f7cbe6', 'client_host': '127.0.0.1', 'method': 'GET', 'path': '/api/session/359c1454-bc26-47d3-87a9-83888a3aaa97/stream', 'status_code': 200, 'duration': 0.0148}
2026-05-21 06:51:29.811 | INFO     | logging:callHandlers:1706 [ACCESS] - 127.0.0.1:62106 - "GET /api/session/359c1454-bc26-47d3-87a9-83888a3aaa97/stream HTTP/1.1" 200
2026-05-21 06:52:49.580 | INFO     | app.middleware.logging:dispatch:26 [ACCESS] - HTTP GET /api/session/359c1454-bc26-47d3-87a9-83888a3aaa97 - Initiated from 127.0.0.1 | Context: {'request_id': '8be77a65-ed0c-4fb2-8f06-b7f032a792f7', 'client_host': '127.0.0.1', 'method': 'GET', 'path': '/api/session/359c1454-bc26-47d3-87a9-83888a3aaa97'}
2026-05-21 06:52:49.580 | INFO     | app.middleware.logging:dispatch:26 [ACCESS] - HTTP GET /api/session/359c1454-bc26-47d3-87a9-83888a3aaa97/parameters - Initiated from 127.0.0.1 | Context: {'request_id': '7b74ca90-c936-4551-80f3-88fb06d32bbc', 'client_host': '127.0.0.1', 'method': 'GET', 'path': '/api/session/359c1454-bc26-47d3-87a9-83888a3aaa97/parameters'}
2026-05-21 06:52:49.691 | INFO     | app.middleware.logging:dispatch:45 [ACCESS] - HTTP GET /api/session/359c1454-bc26-47d3-87a9-83888a3aaa97 - 200 in 0.1112s | Context: {'request_id': '8be77a65-ed0c-4fb2-8f06-b7f032a792f7', 'client_host': '127.0.0.1', 'method': 'GET', 'path': '/api/session/359c1454-bc26-47d3-87a9-83888a3aaa97', 'status_code': 200, 'duration': 0.1112}
2026-05-21 06:52:49.691 | INFO     | logging:callHandlers:1706 [ACCESS] - 127.0.0.1:56792 - "GET /api/session/359c1454-bc26-47d3-87a9-83888a3aaa97 HTTP/1.1" 200
2026-05-21 06:52:49.723 | INFO     | app.middleware.logging:dispatch:45 [ACCESS] - HTTP GET /api/session/359c1454-bc26-47d3-87a9-83888a3aaa97/parameters - 200 in 0.1433s | Context: {'request_id': '7b74ca90-c936-4551-80f3-88fb06d32bbc', 'client_host': '127.0.0.1', 'method': 'GET', 'path': '/api/session/359c1454-bc26-47d3-87a9-83888a3aaa97/parameters', 'status_code': 200, 'duration': 0.1433}
2026-05-21 06:52:49.723 | INFO     | logging:callHandlers:1706 [ACCESS] - 127.0.0.1:62015 - "GET /api/session/359c1454-bc26-47d3-87a9-83888a3aaa97/parameters HTTP/1.1" 200
2026-05-21 06:52:49.739 | INFO     | app.middleware.logging:dispatch:26 [ACCESS] - HTTP GET /api/session/359c1454-bc26-47d3-87a9-83888a3aaa97/parameters - Initiated from 127.0.0.1 | Context: {'request_id': 'ef8f39e6-83e2-4a41-a748-7813a4587a6e', 'client_host': '127.0.0.1', 'method': 'GET', 'path': '/api/session/359c1454-bc26-47d3-87a9-83888a3aaa97/parameters'}
2026-05-21 06:52:49.792 | INFO     | app.middleware.logging:dispatch:45 [ACCESS] - HTTP GET /api/session/359c1454-bc26-47d3-87a9-83888a3aaa97/parameters - 200 in 0.0536s | Context: {'request_id': 'ef8f39e6-83e2-4a41-a748-7813a4587a6e', 'client_host': '127.0.0.1', 'method': 'GET', 'path': '/api/session/359c1454-bc26-47d3-87a9-83888a3aaa97/parameters', 'status_code': 200, 'duration': 0.0536}
2026-05-21 06:52:49.794 | INFO     | logging:callHandlers:1706 [ACCESS] - 127.0.0.1:61847 - "GET /api/session/359c1454-bc26-47d3-87a9-83888a3aaa97/parameters HTTP/1.1" 200
2026-05-21 07:11:10.507 | INFO     | app.middleware.logging:dispatch:26 [ACCESS] - HTTP POST /api/research - Initiated from 127.0.0.1 | Context: {'request_id': 'b1c67039-1fac-4712-9428-824defa466c0', 'client_host': '127.0.0.1', 'method': 'POST', 'path': '/api/research'}
2026-05-21 07:11:10.580 | INFO     | app.middleware.logging:dispatch:45 [ACCESS] - HTTP POST /api/research - 200 in 0.0757s | Context: {'request_id': 'b1c67039-1fac-4712-9428-824defa466c0', 'client_host': '127.0.0.1', 'method': 'POST', 'path': '/api/research', 'status_code': 200, 'duration': 0.0757}
2026-05-21 07:11:10.596 | INFO     | logging:callHandlers:1706 [ACCESS] - 127.0.0.1:54901 - "POST /api/research HTTP/1.1" 200
2026-05-21 07:11:15.958 | INFO     | app.middleware.logging:dispatch:26 [ACCESS] - HTTP GET /api/session/69e04c05-15d9-4e80-9fba-c20dfa135855/parameters - Initiated from 127.0.0.1 | Context: {'request_id': '10c57d6a-82a8-449b-8be0-f5d081dc3c0f', 'client_host': '127.0.0.1', 'method': 'GET', 'path': '/api/session/69e04c05-15d9-4e80-9fba-c20dfa135855/parameters'}
2026-05-21 07:11:16.030 | INFO     | app.middleware.logging:dispatch:45 [ACCESS] - HTTP GET /api/session/69e04c05-15d9-4e80-9fba-c20dfa135855/parameters - 200 in 0.0718s | Context: {'request_id': '10c57d6a-82a8-449b-8be0-f5d081dc3c0f', 'client_host': '127.0.0.1', 'method': 'GET', 'path': '/api/session/69e04c05-15d9-4e80-9fba-c20dfa135855/parameters', 'status_code': 200, 'duration': 0.0718}
2026-05-21 07:11:16.031 | INFO     | logging:callHandlers:1706 [ACCESS] - 127.0.0.1:59613 - "GET /api/session/69e04c05-15d9-4e80-9fba-c20dfa135855/parameters HTTP/1.1" 200
2026-05-21 07:12:46.015 | INFO     | app.middleware.logging:dispatch:26 [ACCESS] - HTTP GET /api/session/69e04c05-15d9-4e80-9fba-c20dfa135855 - Initiated from 127.0.0.1 | Context: {'request_id': 'b41aad62-c5ee-4db0-9cba-d20288298db4', 'client_host': '127.0.0.1', 'method': 'GET', 'path': '/api/session/69e04c05-15d9-4e80-9fba-c20dfa135855'}
2026-05-21 07:12:46.060 | INFO     | app.middleware.logging:dispatch:45 [ACCESS] - HTTP GET /api/session/69e04c05-15d9-4e80-9fba-c20dfa135855 - 200 in 0.0449s | Context: {'request_id': 'b41aad62-c5ee-4db0-9cba-d20288298db4', 'client_host': '127.0.0.1', 'method': 'GET', 'path': '/api/session/69e04c05-15d9-4e80-9fba-c20dfa135855', 'status_code': 200, 'duration': 0.0449}
2026-05-21 07:12:46.062 | INFO     | logging:callHandlers:1706 [ACCESS] - 127.0.0.1:61116 - "GET /api/session/69e04c05-15d9-4e80-9fba-c20dfa135855 HTTP/1.1" 200
2026-05-21 07:12:46.097 | INFO     | app.middleware.logging:dispatch:26 [ACCESS] - HTTP GET /api/session/69e04c05-15d9-4e80-9fba-c20dfa135855/parameters - Initiated from 127.0.0.1 | Context: {'request_id': '00c0f197-e634-41f5-8bed-ee350de6e004', 'client_host': '127.0.0.1', 'method': 'GET', 'path': '/api/session/69e04c05-15d9-4e80-9fba-c20dfa135855/parameters'}
2026-05-21 07:12:46.198 | INFO     | app.middleware.logging:dispatch:45 [ACCESS] - HTTP GET /api/session/69e04c05-15d9-4e80-9fba-c20dfa135855/parameters - 200 in 0.1017s | Context: {'request_id': '00c0f197-e634-41f5-8bed-ee350de6e004', 'client_host': '127.0.0.1', 'method': 'GET', 'path': '/api/session/69e04c05-15d9-4e80-9fba-c20dfa135855/parameters', 'status_code': 200, 'duration': 0.1017}
2026-05-21 07:12:46.202 | INFO     | logging:callHandlers:1706 [ACCESS] - 127.0.0.1:61117 - "GET /api/session/69e04c05-15d9-4e80-9fba-c20dfa135855/parameters HTTP/1.1" 200
